{"lat_start": [57.68429666666667], "x_gps": [6397466.955266296, 6397466.778565403, 6397466.968372521, 6397467.1669171415, 6397467.361093021, 6397467.559637675, 6397467.939251955, 6397468.129059097, 6397468.513042163, 6397468.892656468, 6397470.007753292, 6397470.278818258, 6397470.820948172, 6397471.429842393], "y_goal": [-677619.1859881493], "x_ordometry": [6397466.9552662335, 6397466.9552662335, 6397466.9552662335, 6397466.959676867, 6397466.967395736, 6397466.977320109, 6397466.990552604, 6397467.008195138, 6397467.024735572, 6397467.041275446, 6397467.063328613, 6397467.083176462, 6397467.103024311, 6397467.125078471, 6397467.146029688, 6397467.171390829, 6397467.193443995, 6397467.214393322, 6397467.235340997, 6397467.25849134, 6397467.278334492, 6397467.298177643, 6397467.321330336, 6397467.342275884, 6397467.362119036, 6397467.385271728, 6397467.40952693, 6397467.429372095, 6397467.455832315, 6397467.47567748, 6397467.496626806, 6397467.519782632, 6397467.541835798, 6397467.567197796, 6397467.585943833, 6397467.607997993, 6397467.630051159, 6397467.658720275, 6397467.676362808, 6397467.697312135, 6397467.717160656, 6397467.738112108, 6397467.760166269, 6397467.782220429, 6397467.80427459, 6397467.825225806, 6397467.849485109, 6397467.87484625, 6397467.905716507, 6397467.923356653, 6397467.945406836, 6397467.96855718, 6397467.989504854, 6397468.007145001, 6397468.028094328, 6397468.052351443, 6397468.072199964, 6397468.090946, 6397468.111897217, 6397468.131745737, 6397468.153799649, 6397468.170339524, 6397468.194598007, 6397468.221061806, 6397468.2431149725, 6397468.264066189, 6397468.2861201, 6397468.310379404, 6397468.333536272, 6397468.352282097, 6397468.375437922, 6397468.393080454, 6397468.418440166, 6397468.444902474, 6397468.466954397, 6397468.486801128, 6397468.509956953, 6397468.53090628, 6397468.55075301, 6397468.576110722, 6397468.598160905, 6397468.623516043, 6397468.643362774, 6397468.666518598, 6397468.683059032, 6397468.705112944, 6397468.727166856, 6397468.751426159, 6397468.772376667, 6397468.79663515, 6397468.823098949, 6397468.842947694, 6397468.871618102, 6397468.890363927, 6397468.915725068, 6397468.949908632, 6397468.990706989, 6397469.039226142, 6397469.092156127, 6397469.145086112, 6397469.198016097, 6397469.253151499, 6397469.298362018, 6397469.366729145, 6397469.418556422, 6397469.472588506, 6397469.531032031, 6397469.588372848, 6397469.647916397, 6397469.703049312, 6397469.759286787, 6397469.811111728, 6397469.864039327, 6397469.913656154, 6397469.974302361, 6397470.034950619, 6397470.097804976, 6397470.152940377, 6397470.210281194, 6397470.268724061, 6397470.326064232, 6397470.386710439, 6397470.445148035, 6397470.500277843, 6397470.5565058105, 6397470.601712253], "x_goal": [6397486.954348253], "lon": [11.979333333333333, 11.979333333333333, 11.979336666666667, 11.979338333333333, 11.979343333333333, 11.979346666666666, 11.979351666666666, 11.979355, 11.979356666666666, 11.979361666666666, 11.979365, 11.979368333333333, 11.979371666666667, 11.979378333333333, 11.979386666666667], "k2": -0.008522727272727272, "k1": -0.84375, "m1": 4720243.419426393, "y_gps": [-677618.9943624788, -677619.2011656314, -677619.2923324278, -677619.5821458399, -677619.7726359162, -677620.0624492753, -677620.2447827377, -677620.3359494564, -677620.6176061427, -677620.7999395038, -677619.0455529989, -677619.0682353341, -677619.1135999435, -677619.2326307251], "m2": -623095.1276494904, "y_ordometry": [-677618.994367714, -677618.994367714, -677618.994367714, -677618.9944095981, -677618.9944462471, -677618.9944462471, -677618.9944462471, -677618.9942787108, -677618.9942001774, -677618.9940431122, -677618.9938336918, -677618.9936452135, -677618.9934567352, -677618.9934567352, -677618.9933572594, -677618.9935980928, -677618.9938075132, -677618.9941059315, -677618.9945038122, -677618.995053497, -677618.9955246556, -677618.9959958141, -677618.9964355769, -677618.996932911, -677618.9974040695, -677618.9978438324, -677618.9983045363, -677618.9986814759, -677618.999184062, -677618.9995610015, -677618.9998594199, -677619.0000793112, -677619.0002887315, -677619.0004091496, -677619.0004091496, -677619.0004091496, -677619.0006185699, -677619.0008908163, -677619.0010583525, -677619.0013567709, -677619.001451011, -677619.001451011, -677619.001451011, -677619.001451011, -677619.001451011, -677619.0015504869, -677619.0016656694, -677619.0019065026, -677619.0024928531, -677619.0028279106, -677619.0032467323, -677619.0037964173, -677619.004194298, -677619.0045293553, -677619.0048277737, -677619.0051733106, -677619.0052675509, -677619.0052675509, -677619.0051680751, -677619.0050738349, -677619.0049691235, -677619.0048120583, -677619.004581696, -677619.0043303916, -677619.0041209713, -677619.0040214956, -677619.0039167842, -677619.0038016017, -677619.0038016017, -677619.0038906063, -677619.0041104977, -677619.004278034, -677619.0046392772, -677619.0050162267, -677619.0053303513, -677619.0056130633, -677619.0058329547, -677619.006131373, -677619.0064140852, -677619.0068957302, -677619.007314552, -677619.0079165879, -677619.0081992999, -677619.0084191912, -677619.0084977248, -677619.0086024362, -677619.0084977248, -677619.0083825423, -677619.008183593, -677619.0079532306, -677619.0077019263, -677619.0077019263, -677619.0077019263, -677619.0077909309, -677619.0080317643, -677619.0081940668, -677619.0085814944, -677619.0085814944, -677619.0085814944, -677619.0085814944, -677619.0085814944, -677619.0085814944, -677619.0087961527, -677619.0084715475, -677619.0084715475, -677619.0082150048, -677619.0082150048, -677619.0082150048, -677619.0087804396, -677619.0093039904, -677619.0095710043, -677619.010063142, -677619.0105657508, -677619.0112725311, -677619.011848437, -677619.0121363931, -677619.0121363931, -677619.0121363931, -677619.0121363931, -677619.0124138782, -677619.0126861277, -677619.0132620336, -677619.0140944637, -677619.0148797751, -677619.0159477706, -677619.0165917259], "covariance": [110.25, 110.25, 110.25, 110.25, 110.25, 110.25, 110.25, 110.25, 110.25, 110.25, 110.25, 110.25, 110.25, 110.25], "y_mid": [],