{"lon_start": [11.97958], "x_goal": [6397798.423949405], "x_gps": [-6411305.50053, -6411305.50053, -6411305.50053, -6411305.50053, -6411305.50053, -6411305.50053, -6411305.50053, -6411305.50053, -6411305.50053, -6411305.50053, -6411305.50053, -6411305.50053, -6411305.50053, -6411305.50053, -6411305.50053, -6411305.50053, -6411305.50053, -6411305.50053, -6411305.50053], "angle": [0.0, -7.6154728920911404e-06, -1.8277130300757032e-05, 0.03325077955483037, 0.07599438433576217, 0.12820796692194247, 0.18516948504292116, 0.2515796570627743, 0.3370546817937793, 0.4225297062278341, 0.49374264637739046, 0.5886602309725703, 0.6599478051992583, 0.740662708935916, 0.8213791358622686, 0.9067551555738707, 0.9827266938899979, 1.0681941024057338, 1.1536843570036575, 1.2154714915637899, 1.2771946532447638, 1.3294036666979996, 1.376855605793791, 1.400640976606711, 1.4244583373636344, 1.4485087689765448, 1.4767419825621453, 1.5098434934268952, 1.5526419311019986, 1.576671037004559, 1.596110737703134, 1.6012915230073597, 1.5920609198478233, 1.573029624062695, 1.5538917363883364, 1.5396785368190622, 1.530563886052316, 1.5159406279558232, 1.505827319173146, 1.4912709241952344, 1.487009226094812, 1.4879148028477007, 1.4688679503894266, 1.4539044615228127, 1.4532095311467328, 1.4481599387504724, 1.423996786210529, 1.414820810269315, 1.4148390899051593, 1.405388912120632, 1.3911542441161817, 1.3769134839143649, 1.353167713831895, 1.3484136859535794, 1.3341972971952967, 1.2915298658346361, 1.25325387210573, 1.229526388771634, 1.2059146909062106, 1.1869838784802633, 1.163183276153204, 1.1300909058306492, 1.1347169858903066, 1.130008652313211, 1.1252485320612213, 1.125275947756673, 1.1205249660234378, 1.1110534647686665, 1.110998633127226, 1.111016910257527, 1.0968005198287885, 1.0919886136907029, 1.0777813616600795, 1.0730471339695262, 1.073179653099273, 1.0636045791403976, 1.0542305934243932, 1.044728625715348, 1.0302471574182412, 0.9734303806096843, 0.9356738903441737, 0.911871718843073, 0.8878883108763137, 0.868872199047553, 0.8452696081676537, 0.8214903280489211, 0.79763031876008, 0.7833910821098955, 0.773915011854431, 0.7691579377823189, 0.7596879593576694, 0.7549217467134477, 0.7454487221506771, 0.7359543742081337, 0.7359300046577635, 0.7359239122933686, 0.7311988235925054, 0.7264341336299216, 0.7169291240647664, 0.712202511826227, 0.7121903270881582, 0.712190327088158, 0.7074149754612118, 0.693232093955316, 0.6645586387088933, 0.6264075630171452, 0.5978864379499842, 0.5744270842089059, 0.5507650888800193, 0.5317687775591583, 0.5033405674562565, 0.4843290243567726, 0.4795810888428517, 0.4795384407331084, 0.47961459681910973, 0.4700699854285548, 0.4605497448503425, 0.4558018093364214, 0.4463059383085792, 0.43205908559389783, 0.4225662607389739, 0.41781832522505297, 0.41307038971113197, 0.40832702346238753, 0.3988311524345454, 0.38458277662760565, 0.3703206929555416, 0.3513182867646264, 0.30858991406167013, 0.27532695084763475, 0.2566261378163667, 0.22843107063420467, 0.19533585979987195, 0.16718825855332678, 0.13914136796485518, 0.12045909921751312, 0.1148466049742491, 0.10908976926651262, 0.09483531731482009, 0.08597775225779578, 0.062225870038622566, 0.047589033512720806, 0.028259131555961835, 0.023374086802431623, 0.014152415879204303, 0.009497394113141497, 0.009453223957442919, -5.026344805337246e-05, -0.004763166471303854, -0.0047250890488493135, -0.004770781978992425, -0.009495871027841923, -0.0189780342323163, -0.023730538976616467, -0.03323554859744718, -0.03796520691147251, -0.04274665058267229, -0.05223185991830817, -0.05697217999413425, -0.05697522616705245, -0.05696913380265767, -0.05697522616705247, -0.056975226167052466], "lon": [11.97958, -0.0, -0.0, -0.0, -0.0, -0.0, -0.0, -0.0, -0.0, -0.0, -0.0, -0.0, -0.0, -0.0, -0.0, -0.0, -0.0, -0.0, -0.0, -0.0], "covariance": [[0.0, 0.0, 0.0, 0.0, 0.0, 0.0, 0.0, 0.0, 0.0], [0.0, 0.0, 0.0, 0.0, 0.0, 0.0, 0.0, 0.0, 0.0], [0.0, 0.0, 0.0, 0.0, 0.0, 0.0, 0.0, 0.0, 0.0], [0.0, 0.0, 0.0, 0.0, 0.0, 0.0, 0.0, 0.0, 0.0], [0.0, 0.0, 0.0, 0.0, 0.0, 0.0, 0.0, 0.0, 0.0], [0.0, 0.0, 0.0, 0.0, 0.0, 0.0, 0.0, 0.0, 0.0], [0.0, 0.0, 0.0, 0.0, 0.0, 0.0, 0.0, 0.0, 0.0], [0.0, 0.0, 0.0, 0.0, 0.0, 0.0, 0.0, 0.0, 0.0], [0.0, 0.0, 0.0, 0.0, 0.0, 0.0, 0.0, 0.0, 0.0], [0.0, 0.0, 0.0, 0.0, 0.0, 0.0, 0.0, 0.0, 0.0], [0.0, 0.0, 0.0, 0.0, 0.0, 0.0, 0.0, 0.0, 0.0], [0.0, 0.0, 0.0, 0.0, 0.0, 0.0, 0.0, 0.0, 0.0], [0.0, 0.0, 0.0, 0.0, 0.0, 0.0, 0.0, 0.0, 0.0], [0.0, 0.0, 0.0, 0.0, 0.0, 0.0, 0.0, 0.0, 0.0], [0.0, 0.0, 0.0, 0.0, 0.0, 0.0, 0.0, 0.0, 0.0], [0.0, 0.0, 0.0, 0.0, 0.0, 0.0, 0.0, 0.0, 0.0], [0.0, 0.0, 0.0, 0.0, 0.0, 0.0, 0.0, 0.0, 0.0], [0.0, 0.0, 0.0, 0.0, 0.0, 0.0, 0.0, 0.0, 0.0], [0.0, 0.0, 0.0, 0.0, 0.0, 0.0, 0.0, 0.0, 0.0]], "y_mid": [], "lat_start": [57.68727], "lat": [57.68727, -0.0, -0.0, -0.0, -0.0, -0.0, -0.0, -0.0, -0.0, -0.0, -0.0, -0.0, -0.0, -0.0, -0.0, -0.0, -0.0, -0.0, -0.0, -0.0], "x_mid": [], "radius": [], "y_gps": [-1331398.54162, -1331398.54162, -1331398.54162, -1331398.54162, -1331398.54162, -1331398.54162, -1331398.54162, -1331398.54162, -1331398.54162, -1331398.54162, -1331398.54162, -1331398.54162, -1331398.54162, -1331398.54162, -1331398.54162, -1331398.54162, -1331398.54162, -1331398.54162, -1331398.54162], "angle_north": [0, 0, 0, 0, 0, 0, 0, 0, 0, 0, 0, 0, 0, 0, 0, 0, 0, 0, 0],