{"lon_start": [11.982615], "x_goal": [6398247.568631203], "x_gps": [6398244.945186833, 6398244.945186833, 6398244.945186833, 6398244.945186833, 6398244.945186833, 6398244.945186833, 6398244.945186833, 6398244.945186833, 6398244.945186833, 6398244.945186833, 6398244.945186833, 6398244.945186833, 6398244.945186833, 6398244.945186833, 6398244.945186833, 6398244.945186833, 6398244.945186833, 6398244.945186833], "angle": [-0.1804215495290001, -0.18042154952900002, -0.18516948504292113, -0.18516339267852633, -0.18993569768714294, -0.18992503602973432, -0.18992198982201902, -0.18987629633511102, -0.20889850088552198, -0.22315296915428956, -0.22789024294120627, -0.25154004607713637, -0.29437200186310536, -0.32766848009029, -0.3655742801232583, -0.3940908323935161, -0.41307648206160774, -0.43206213176681585, -0.4557865783790382, -0.4653037727147393, -0.4700578006162529, -0.4747935513921053, -0.4747783201563369, -0.4748087823494883, -0.4842559134971054, -0.47953387143313436, -0.48432597712595693, -0.4842909455052469, -0.4843031304660216, -0.4843076995502483, -0.484280283826959, -0.4842894224199475, -0.4843305466416788, -0.4842650514775827, -0.4843351176120549, -0.48427114522005177, -0.4795414869060265, -0.47952625594864356, -0.47957804141716637, -0.47479355139210544, -0.4890464964711814, -0.4842894224199475, -0.47954605617120316, -0.4890373579338686, -0.48905868140411546, -0.4795323483687137, -0.4890312655694738, -0.479530825179022, -0.4890404041067867, -0.4795414869060265, -0.4890327886686918, -0.48905868140411546, -0.4890373579338686, -0.4842894224199475, -0.4890464964711814, -0.4890373579338686, -0.48903735793386865, -0.48428485315477066, -0.48903735793386865, -0.4842985609572604, -0.4890434502982634, -0.4842894224199475, -0.4842894224199474, -0.4890373579338686, -0.4890373579338686, -0.48426657595487593, -0.4890327886686918, -0.4842894224199474, -0.4843076996198432, -0.48428333005555274, -0.48430465337733053, -0.48430465337733053, -0.4842894224199474, -0.48426657595487593, -0.4842894224199475, -0.4842894224199475, -0.4842909455052469, -0.47954148690602644, -0.47953691764084977, -0.47953234831303787, -0.48428333005555274, -0.47953539454163163, -0.47953844073310825, -0.4795414869060265, -0.47954148690602644, -0.47954148690602644, -0.47954148690602644, -0.4795323483687137, -0.47953691764084977, -0.47954300999132565, -0.47954148690602644, -0.47954148690602644, -0.47954757927042124, -0.47954148690602644, -0.47953539454163163, -0.47954148690602644, -0.47954757927042124, -0.4795414869060265, -0.47953539454163163, -0.4795323483687137, -0.4795414869060265, -0.4842894224199476, -0.48430160715801607, -0.47953387143313436, -0.4795414869060265, -0.4795414869060265, -0.4795414869060265, -0.47954300999132565, -0.47954757927042124, -0.47954757927042124, -0.47954757927042124, -0.47954148690602644, -0.47955062544333926, -0.47954757925650243, -0.4795414869060265, -0.47954148690602644, -0.4795414869060265, -0.4795506254990151, -0.4795445330789447, -0.47953691764084977, -0.47953539454163163, -0.47954757925650243, -0.4795536716440952, -0.4795445330789447, -0.47954757927042124, -0.4795414869060265, -0.47953539454163163, -0.4795414869060265, -0.4795414869060265, -0.4795491023789186, -0.47953691764084977, -0.47952930216795786, -0.4795414869060265, -0.4795414869060265, -0.4795414869060265, -0.4795445330789447, -0.47954757927042124, -0.4795414869060265, -0.4795551947293943, -0.4795414869060265, -0.4795506254990151, -0.4795414869060265, -0.4795491023789186, -0.47954148690602644, -0.47954300999132565, -0.47955062544333926, -0.4795551947293943, -0.47954757925650243, -0.4795536716440952, -0.4795414869060265, -0.47954148690602644, -0.47954148690602644, -0.47954148690602644, -0.4795551947293943, -0.47954148690602644], "lon": [11.982615, 11.982615, 11.982615, 11.982615, 11.982615, 11.982615, 11.982615, 11.982615, 11.982615, 11.982615, 11.982615, 11.982615, 11.982615, 11.982615, 11.982615, 11.982615, 11.982615, 11.982615, 11.982615], "covariance": [[380.25, 380.25, 380.25, 380.25, 380.25, 380.25, 380.25, 380.25, 380.25], [380.25, 380.25, 380.25, 380.25, 380.25, 380.25, 380.25, 380.25, 380.25], [380.25, 380.25, 380.25, 380.25, 380.25, 380.25, 380.25, 380.25, 380.25], [380.25, 380.25, 380.25, 380.25, 380.25, 380.25, 380.25, 380.25, 380.25], [380.25, 380.25, 380.25, 380.25, 380.25, 380.25, 380.25, 380.25, 380.25], [380.25, 380.25, 380.25, 380.25, 380.25, 380.25, 380.25, 380.25, 380.25], [380.25, 380.25, 380.25, 380.25, 380.25, 380.25, 380.25, 380.25, 380.25], [380.25, 380.25, 380.25, 380.25, 380.25, 380.25, 380.25, 380.25, 380.25], [380.25, 380.25, 380.25, 380.25, 380.25, 380.25, 380.25, 380.25, 380.25], [380.25, 380.25, 380.25, 380.25, 380.25, 380.25, 380.25, 380.25, 380.25], [380.25, 380.25, 380.25, 380.25, 380.25, 380.25, 380.25, 380.25, 380.25], [380.25, 380.25, 380.25, 380.25, 380.25, 380.25, 380.25, 380.25, 380.25], [380.25, 380.25, 380.25, 380.25, 380.25, 380.25, 380.25, 380.25, 380.25], [380.25, 380.25, 380.25, 380.25, 380.25, 380.25, 380.25, 380.25, 380.25], [380.25, 380.25, 380.25, 380.25, 380.25, 380.25, 380.25, 380.25, 380.25], [380.25, 380.25, 380.25, 380.25, 380.25, 380.25, 380.25, 380.25, 380.25], [380.25, 380.25, 380.25, 380.25, 380.25, 380.25, 380.25, 380.25, 380.25], [380.25, 380.25, 380.25, 380.25, 380.25, 380.25, 380.25, 380.25, 380.25]], "y_mid": [], "lat_start": [57.69121166666667], "lat": [57.69121166666667, 57.69121166666667, 57.69121166666667, 57.69121166666667, 57.69121166666667, 57.69121166666667, 57.69121166666667, 57.69121166666667, 57.69121166666667, 57.69121166666667, 57.69121166666667, 57.69121166666667, 57.69121166666667, 57.69121166666667, 57.69121166666667, 57.69121166666667, 57.69121166666667, 57.69121166666667, 57.69121166666667], "x_mid": [], "radius": [], "y_gps": [-677780.6818801753, -677780.6818801753, -677780.6818801753, -677780.6818801753, -677780.6818801753, -677780.6818801753, -677780.6818801753, -677780.6818801753, -677780.6818801753, -677780.6818801753, -677780.6818801753, -677780.6818801753, -677780.6818801753, -677780.6818801753, -677780.6818801753, -677780.6818801753, -677780.6818801753, -677780.6818801753], "angle_north": [0, -0.20889850088552198, -0.20570694301444215, 1.8858982304873855, -0.15449358671958627, 1.9063839060312338, -0.15476504693531407, 1.9069532907176114, -0.1553430787847642, 1.9069533022638945, -0.15562855805156972, 1.9072344538991817, -0.15562855769394415, -0.15562855769394415, 1.9072301257152, -0.15562855769394415, 1.9072301257152, -0.15562855769394415],