{"lon_start": [11.982615], "x_goal": [6398245.945186833, 6398245.945186833, 6398244.945186833, 6398244.945186833], "x_gps": [6398244.945186833, 6398244.945186833, 6398244.945186833, 6398244.945186833, 6398244.945186833, 6398244.945186833, 6398244.945186833, 6398244.945186833, 6398244.945186833, 6398244.945186833, 6398244.945186833, 6398244.945186833, 6398244.945186833, 6398244.945186833, 6398244.945186833, 6398244.945186833, 6398244.945186833, 6398244.945186833, 6398244.945186833, 6398244.945186833, 6398244.945186833, 6398244.945186833, 6398244.945186833], "angle": [0.0, 0.0, 0.0, 0.004708333577095925, 0.009404464979732817, 0.009404464979732817, 0.009460835369956837, 0.00955984780501418, 0.004747935513921054, -9.748414057854927e-05, 0.004601708560806313, 5.483317257697539e-05, 4.8739694615653064e-05, -0.004715950267955314, -0.004747935513921059, -0.004747935513921059, 1.8277199895727464e-05, -0.004741843149526271, -0.0047662126442218145, -7.615472892092875e-06, -0.004717473506364236, 4.569265176785316e-06, 2.7415834639897886e-05, -1.8277130300751828e-05, 0.004702242270606458, 0.0047052884435216874, 0.004715950267955318, 0.004732704556538076, 0.004757074051233959, 0.009500440293018898, 0.009492824854923922, 0.009492824854923922, 0.009474547557595234, 0.004747935513921061, 0.004702241713828874, 0.004767736467256283, 0.019105980644832453, 0.0427390350981816, 0.07597153748791367, 0.1139732987991769, 0.1709530943357979, 0.2421629884098696, 0.3038678728909476, 0.3750869055997634, 0.46054365248594753, 0.5602472521053716, 0.6409712943793424, 0.7359071581926918, 0.8166022613240221, 0.8973217345346414, 0.9828013279114113, 1.0777356684167647, 1.144273783104729, 1.2107235560498688, 1.2819425887586846, 1.324674008383974, 1.3673810584588932, 1.4053889121206318, 1.443329749161601, 1.457599448325101, 1.47644800203418, 1.5190834456524338, 1.5476259038392712, 1.58109603812124, 1.6048311449708481, 1.619091705439187, 1.618986607266455, 1.6190612414828476, 1.6237269277111863, 1.619042964074161, 1.6095440468548425, 1.6047961113409213, 1.595306332677474, 1.5857982769115635, 1.571560562757393, 1.566818719593948, 1.5573228485661057, 1.5478345930111554, 1.5430881805616556, 1.533606017461572, 1.5240659764984117, 1.5193149946816609, 1.5097764753770808, 1.5098252162269994, 1.505095557912974, 1.5050955579129741, 1.5003521916642297, 1.5003552378719454, 1.4955996868851322, 1.5003354375217934, 1.490851751371211, 1.4956362415911413, 1.4908624130982155, 1.4909309554860997, 1.5098891886190025, 1.5384316340954725, 1.585871386407086, 1.6428176730626507, 1.6997837604488089, 1.7567666021583466, 1.837466274844831, 1.9181964096316628, 1.9893849803329215, 2.079589662733027, 2.1603076126611613, 2.236253257506446, 2.3217160967570254, 2.411926871521525, 2.5068733968391768, 2.6065556723852046, 2.6825378715653034, 2.7490424776830307, 2.810805240354289, 2.8677591427727114, 2.910484470033606, 2.953228074536155, 2.9912602989453054, 3.0149634211129457, 3.024483662062327, 3.0481745999373167, 3.081349218905027, 3.119561193594242, -3.140020008599615, -3.116129529020652, -3.102004536075308, -3.0973601792753844, -3.087804905357382, -3.0925924427779736, -3.0925497953595666, -3.0878125214334577, -3.0925726418246384, -3.0973023002082587, -3.1115263062838845, -3.1162742417978055, -3.1210602549081647, -3.1305485104631146, -3.135281214984856, -3.140051996963849, 3.1336283006505825, 3.128880365080986, 3.1193936326461325, 3.114590864739142, 3.1051010864097535, 3.1004095060633405, 3.095646339603635, 3.086158084048685, 3.0814223332728328, 3.076735322933926, 3.071892954036675, 3.067166341993001, 3.067138926158361, 3.0719599726990294, 3.090906019562606, 3.1290357306270895, -3.106740291723622, -3.0450521624636964, -2.969095856455134, -2.8883931375261374, -2.812449015768473, -2.7269816072527173, -2.655776282367269, -2.5655670307367844, -2.4659091249174256, -2.3804462856668467, -2.2997222430449056, -2.204733070494478, -2.1192458614708225, -2.0527747642759273, -1.9816059950151648, -1.9245805054000589, -1.8628070802710308, -1.8106193913389481, -1.7631263281536653, -1.7204116628285602, -1.691901202723192, -1.6775888533063887, -1.653890298531425, -1.6207126325091088, -1.5873765324329907, -1.5683208176123213, -1.5588676111975672, -1.5542232576271344, -1.5542004110924819, -1.544733479548302, -1.5447426181134527, -1.5447456642863708, -1.5447822187975107, -1.5495179693506627, -1.5494905536273742, -1.5542872285575284, -1.5590016555662032, -1.5685097114063469, -1.5732302311969797, -1.5779751205194243, -1.5874542374465903, -1.5874801300845793, -1.5969592471161362, -1.5969729549395035, -1.6017208904534255, -1.601720890453425, -1.6112167614812676, -1.615958604630794, -1.6159494657594204, -1.620718724873504, -1.6254697065603438, -1.6349381618509773, -1.6397089438299715, -1.6444431714857275, -1.6491911070553247], "lon": [11.982615, 11.982615, 11.982615, 11.982615, 11.982615, 11.982615, 11.982615, 11.982615, 11.982615, 11.982615, 11.982615, 11.982615, 11.982615, 11.982615, 11.982615, 11.982615, 11.982615, 11.982615, 11.982615, 11.982615, 11.982615, 11.982615, 11.982615, 11.982615], "covariance": [[380.25, 380.25, 380.25, 380.25, 380.25, 380.25, 380.25, 380.25, 380.25], [380.25, 380.25, 380.25, 380.25, 380.25, 380.25, 380.25, 380.25, 380.25], [380.25, 380.25, 380.25, 380.25, 380.25, 380.25, 380.25, 380.25, 380.25], [380.25, 380.25, 380.25, 380.25, 380.25, 380.25, 380.25, 380.25, 380.25], [380.25, 380.25, 380.25, 380.25, 380.25, 380.25, 380.25, 380.25, 380.25], [380.25, 380.25, 380.25, 380.25, 380.25, 380.25, 380.25, 380.25, 380.25], [380.25, 380.25, 380.25, 380.25, 380.25, 380.25, 380.25, 380.25, 380.25], [380.25, 380.25, 380.25, 380.25, 380.25, 380.25, 380.25, 380.25, 380.25], [380.25, 380.25, 380.25, 380.25, 380.25, 380.25, 380.25, 380.25, 380.25], [380.25, 380.25, 380.25, 380.25, 380.25, 380.25, 380.25, 380.25, 380.25], [380.25, 380.25, 380.25, 380.25, 380.25, 380.25, 380.25, 380.25, 380.25], [380.25, 380.25, 380.25, 380.25, 380.25, 380.25, 380.25, 380.25, 380.25], [380.25, 380.25, 380.25, 380.25, 380.25, 380.25, 380.25, 380.25, 380.25], [380.25, 380.25, 380.25, 380.25, 380.25, 380.25, 380.25, 380.25, 380.25], [380.25, 380.25, 380.25, 380.25, 380.25, 380.25, 380.25, 380.25, 380.25], [380.25, 380.25, 380.25, 380.25, 380.25, 380.25, 380.25, 380.25, 380.25], [380.25, 380.25, 380.25, 380.25, 380.25, 380.25, 380.25, 380.25, 380.25], [380.25, 380.25, 380.25, 380.25, 380.25, 380.25, 380.25, 380.25, 380.25], [380.25, 380.25, 380.25, 380.25, 380.25, 380.25, 380.25, 380.25, 380.25], [380.25, 380.25, 380.25, 380.25, 380.25, 380.25, 380.25, 380.25, 380.25], [380.25, 380.25, 380.25, 380.25, 380.25, 380.25, 380.25, 380.25, 380.25], [380.25, 380.25, 380.25, 380.25, 380.25, 380.25, 380.25, 380.25, 380.25], [380.25, 380.25, 380.25, 380.25, 380.25, 380.25, 380.25, 380.25, 380.25]], "y_mid": [], "lat_start": [57.69121166666667], "lat": [57.69121166666667, 57.69121166666667, 57.69121166666667, 57.69121166666667, 57.69121166666667, 57.69121166666667, 57.69121166666667, 57.69121166666667, 57.69121166666667, 57.69121166666667, 57.69121166666667, 57.69121166666667, 57.69121166666667, 57.69121166666667, 57.69121166666667, 57.69121166666667, 57.69121166666667, 57.69121166666667, 57.69121166666667, 57.69121166666667, 57.69121166666667, 57.69121166666667, 57.69121166666667, 57.69121166666667], "x_mid": [], "radius": [], "y_gps": [-677780.6818801753, -677780.6818801753, -677780.6818801753, -677780.6818801753, -677780.6818801753, -677780.6818801753, -677780.6818801753, -677780.6818801753, -677780.6818801753, -677780.6818801753, -677780.6818801753, -677780.6818801753, -677780.6818801753, -677780.6818801753, -677780.6818801753, -677780.6818801753, -677780.6818801753, -677780.6818801753, -677780.6818801753, -677780.6818801753, -677780.6818801753, -677780.6818801753, -677780.6818801753], "angle_north": [0, 0, 0, 0, 0, 0, 0, 0, 0, 0, 0, 0, 0, 0, 0, 0, 0, 0, 0, 0, 0, 0, 0],