{"lon_start": [11.982615], "x_goal": [6398244.433382491, 6398243.574282138, 6398244.086089312, 6398244.945189665], "x_gps": [6398244.945186833, 6398244.945186833, 6398244.945186833, 6398244.945186833, 6398244.945186833, 6398244.945186833, 6398244.945186833, 6398244.945186833, 6398244.945186833, 6398244.945186833, 6398244.945186833, 6398244.945186833, 6398244.945186833, 6398244.945186833, 6398244.945186833, 6398244.945186833, 6398244.945186833, 6398244.945186833, 6398244.945186833, 6398244.945186833, 6398244.945186833, 6398244.945186833, 6398244.945186833], "angle": [2.108083368180948, 2.108083368180948, 2.103335432667027, 2.0986179619447816, 2.098587497153106, 2.093839561639185, 2.0890428842034225, 2.093796913107202, 2.0986042516017687, 2.098589020238405, 2.1033232479289583, 2.1033369557523263, 2.1080559523463083, 2.1033125862019553, 2.108083368180948, 2.108089460545343, 2.1128465346522525, 2.11757923920879, 2.1128313036948696, 2.1128221651018806, 2.1128313036948696, 2.1128206419678652, 2.1128267344296927, 2.117576193035872, 2.112825211330474, 2.112831303694869, 2.11757923920879, 2.1128556732452393, 2.11282978060957, 2.108083368180948, 2.112831303694869, 2.112831303694869, 2.103399403597393, 2.108104691651195, 2.1128130264949734, 2.127102528020113, 2.169852223105236, 2.217316347008689, 2.2647926559749827, 2.3265340950646314, 2.3882191789751825, 2.459448873411002, 2.5354341189449823, 2.6113858561268266, 2.6920794363932377, 2.7632740993289766, 2.8392502063674074, 2.9294396575781505, 3.0244455840947158, 3.1098612071071505, -3.0925726418246384, -3.0213536091158226, -2.9501391456721833, -2.8836756639501804, -2.8361765086000092, -2.7886773530990507, -2.7554692203362436, -2.72692677408014, -2.6889402405662173, -2.6557077389351917, -2.617748625640857, -2.5892427354271654, -2.5655517997794015, -2.551307993237638, -2.5370047837152505, -2.5322248621898495, -2.5275500384681373, -2.5275591770750445, -2.5322736026499713, -2.5322857886872203, -2.5418425847045296, -2.5465235030177076, -2.5655548459523194, -2.5703149662507054, -2.5845587727924686, -2.594088152557543, -2.6035474686288382, -2.6082923579420036, -2.6225392106845224, -2.622531595211631, -2.6273389323907415, -2.632059451485436, -2.641518768002138, -2.6510207313943748, -2.6557534360065884, -2.665267584164732, -2.674778686149956, -2.6794854976648437, -2.6889569989196174, -2.698535118390922, -2.7079594027022993, -2.7127134309378773, -2.717443087692892, -2.7125550103373626, -2.693645531070219, -2.665258445571743, -2.608251234158725, -2.5512226980575754, -2.489575692963676, -2.427840346405444, -2.3518703318798773, -2.2664212006753703, -2.18094160703877, -2.1097256206699027, -2.0289863470117053, -1.9341296853876868, -1.8439021563694087, -1.753663965491888, -1.6634668985994703, -1.5637922383871394, -1.4783156913132083, -1.3881323329748945, -1.3311205514058897, -1.2836244419780967, -1.236111578681607, -1.1933953900832948, -1.1553235639183408, -1.1363561920393463, -1.1078015485532868, -1.0650701289279967, -1.0366495402747362, -1.0129007203390912, -0.998666056163367, -0.9938891793840069, -0.9796682271030946, -0.9843917930667317, -0.9797321995924503, -0.9892372091576055, -0.993985144671526, -0.9987178492280644, -1.0034627384994725, -1.0129494708925704, -1.012992117684593, -1.0177004524680553, -1.0272100315419694, -1.0367500732196582, -1.0461576029315889, -1.0461941576375795, -1.0604227329435796, -1.0556961214752405, -1.0604745195535, -1.065204177380343, -1.0699673438516466, -1.0747000484081848, -1.0794388453847932, -1.0841989656089457, -1.084192873263109, -1.088946901122867, -1.0889529934872617, -1.0984382028924917, -1.103193753856106, -1.1079660590131892, -1.1031023641679534, -1.0889316700726874, -1.0604562418664207, -1.0319701518681936, -0.9797474304941571, -0.9322497982524833, -0.8562934916825157, -0.7945718530868408, -0.7233528203780245, -0.6426394397266654, -0.5619275821698846, -0.47171223814020746, -0.3910277964111059, -0.31030984650153065, -0.22013867395220435, -0.14891354836861573, -0.07297704319734075, 0.022027361507491645, 0.08850759710048645, 0.16927276428521093, 0.235711876234136, 0.2879345976220921, 0.3401908271046905, 0.38293138532296866, 0.4209986438467276, 0.4494146676735056, 0.4730964643384107, 0.5205240223979148, 0.5489705043892218, 0.577546474778464, 0.5918603526359982, 0.6061056829035014, 0.6059350750675292, 0.6059320337674832, 0.610817059033798, 0.6013394656930343, 0.6013623122276873, 0.5870636736408245, 0.5823568620632961, 0.5680719313624331, 0.5585714911807694, 0.5490664812397976, 0.5348318136807586, 0.5253542197832173, 0.515867487292688, 0.5157913307055609, 0.5015597098205421, 0.49685899122679805, 0.4921049633624008, 0.48736616640667013, 0.48261823089274875, 0.4731284522153826, 0.47314520632997914, 0.46840945562371883, 0.4683668088780933, 0.4637498793570687, 0.4731132210840088, 0.45413518707439837], "lon": [11.982615, 11.982615, 11.982615, 11.982615, 11.982615, 11.982615, 11.982615, 11.982615, 11.982615, 11.982615, 11.982615, 11.982615, 11.982615, 11.982615, 11.982615, 11.982615, 11.982615, 11.982615, 11.982615, 11.982615, 11.982615, 11.982615, 11.982615, 11.982615], "covariance": [[380.25, 380.25, 380.25, 380.25, 380.25, 380.25, 380.25, 380.25, 380.25], [380.25, 380.25, 380.25, 380.25, 380.25, 380.25, 380.25, 380.25, 380.25], [380.25, 380.25, 380.25, 380.25, 380.25, 380.25, 380.25, 380.25, 380.25], [380.25, 380.25, 380.25, 380.25, 380.25, 380.25, 380.25, 380.25, 380.25], [380.25, 380.25, 380.25, 380.25, 380.25, 380.25, 380.25, 380.25, 380.25], [380.25, 380.25, 380.25, 380.25, 380.25, 380.25, 380.25, 380.25, 380.25], [380.25, 380.25, 380.25, 380.25, 380.25, 380.25, 380.25, 380.25, 380.25], [380.25, 380.25, 380.25, 380.25, 380.25, 380.25, 380.25, 380.25, 380.25], [380.25, 380.25, 380.25, 380.25, 380.25, 380.25, 380.25, 380.25, 380.25], [380.25, 380.25, 380.25, 380.25, 380.25, 380.25, 380.25, 380.25, 380.25], [380.25, 380.25, 380.25, 380.25, 380.25, 380.25, 380.25, 380.25, 380.25], [380.25, 380.25, 380.25, 380.25, 380.25, 380.25, 380.25, 380.25, 380.25], [380.25, 380.25, 380.25, 380.25, 380.25, 380.25, 380.25, 380.25, 380.25], [380.25, 380.25, 380.25, 380.25, 380.25, 380.25, 380.25, 380.25, 380.25], [380.25, 380.25, 380.25, 380.25, 380.25, 380.25, 380.25, 380.25, 380.25], [380.25, 380.25, 380.25, 380.25, 380.25, 380.25, 380.25, 380.25, 380.25], [380.25, 380.25, 380.25, 380.25, 380.25, 380.25, 380.25, 380.25, 380.25], [380.25, 380.25, 380.25, 380.25, 380.25, 380.25, 380.25, 380.25, 380.25], [380.25, 380.25, 380.25, 380.25, 380.25, 380.25, 380.25, 380.25, 380.25], [380.25, 380.25, 380.25, 380.25, 380.25, 380.25, 380.25, 380.25, 380.25], [380.25, 380.25, 380.25, 380.25, 380.25, 380.25, 380.25, 380.25, 380.25], [380.25, 380.25, 380.25, 380.25, 380.25, 380.25, 380.25, 380.25, 380.25], [380.25, 380.25, 380.25, 380.25, 380.25, 380.25, 380.25, 380.25, 380.25]], "y_mid": [], "lat_start": [57.69121166666667], "lat": [57.69121166666667, 57.69121166666667, 57.69121166666667, 57.69121166666667, 57.69121166666667, 57.69121166666667, 57.69121166666667, 57.69121166666667, 57.69121166666667, 57.69121166666667, 57.69121166666667, 57.69121166666667, 57.69121166666667, 57.69121166666667, 57.69121166666667, 57.69121166666667, 57.69121166666667, 57.69121166666667, 57.69121166666667, 57.69121166666667, 57.69121166666667, 57.69121166666667, 57.69121166666667, 57.69121166666667], "x_mid": [], "radius": [], "y_gps": [-677780.6818801753, -677780.6818801753, -677780.6818801753, -677780.6818801753, -677780.6818801753, -677780.6818801753, -677780.6818801753, -677780.6818801753, -677780.6818801753, -677780.6818801753, -677780.6818801753, -677780.6818801753, -677780.6818801753, -677780.6818801753, -677780.6818801753, -677780.6818801753, -677780.6818801753, -677780.6818801753, -677780.6818801753, -677780.6818801753, -677780.6818801753, -677780.6818801753, -677780.6818801753], "angle_north": [0, 0, 0, 0, 0, 0, 0, 0, 0, 0, 0, 0, 0, 0, 0, 0, 0, 0, 0, 0, 0, 0, 0],