{"lon_start": [11.979533333333332], "x_goal": [6397788.022863987], "x_gps": [6397781.241286836, 6397781.241286836, 6397781.241286836, 6397781.241286836, 6397781.241286836, 6397781.241286836, 6397781.241286836, 6397781.241286836, 6397781.241286836, 6397781.241286836, 6397781.241286836, 6397781.241286836, 6397781.241286836, 6397781.241286836, 6397781.241286836, 6397781.241286836, 6397781.241286836], "angle": [-0.21836847823837643, -0.21835020046779152, -0.23736935986141278, -0.251613166403176, -0.26105268051201735, -0.2658112777529102, -0.26579300055307553, -0.26107552809061635, -0.25635805574418014, -0.2516040275318066, -0.2515979351674165, -0.251457798685903, -0.25144561158144846, -0.2421294799742054, -0.24202285937526638, -0.2420685545671944, -0.2325528826904714, -0.23246605871836556, -0.23250261634728486, -0.2278323640202928, -0.22773640214417382, -0.2230250237859348, -0.21352915275809276, -0.2182709959076713, -0.21822225008845555, -0.21349868796672603, -0.2134925956024107, -0.21355657054139662, -0.21352001422086006, -0.21348954942953446, -0.20867154254789688, -0.20872638114876027, -0.20875684642727152, -0.20406526960694513, -0.20405156000188523, -0.208750752452805, -0.20872638114876027, -0.208750752452805, -0.2040226187365735, -0.20878121724417179, -0.20403937526389795, -0.20399672457456858, -0.20879188004296312, -0.2088086350274756, -0.20878578769253128, -0.2040226187365735, -0.2040104339986321, -0.21352001422086006, -0.2087994955158063, -0.20875684642727152, -0.20877207870693895, -0.20876293877767957, -0.20405156000188523, -0.2088116820355741, -0.2088086350274756, -0.20878121724417179, -0.21353524629174014, -0.2135184897644156, -0.20883300596974708, -0.21357180294638495, -0.20881320512086612, -0.20881777438602292, -0.2183045060553177, -0.20878731077781904, -0.208799496490213, -0.208799496490213, -0.21359617295140587, -0.21357484911929242, -0.2182709959076713, -0.21355047817703454, -0.2135611406347872, -0.2183288769975892, -0.2088101572427528, -0.20882538985888588, -0.20881777362042225, -0.21359008007663344, -0.2135885574785297, -0.21360226608136396, -0.21830907614870826, -0.21829536751805517, -0.2087994955158063, -0.2135504762281942, -0.2088086350274756, -0.21357180294638495, -0.21357180294638495, -0.21360683467839395, -0.21357484911929242, -0.21353981555688423, -0.21352915275809276, -0.2183258295254797, -0.21355809275667378, -0.20878731077781904, -0.208799496490213, -0.20883300596974708, -0.21357332537280685, -0.21361140432635528, -0.2183288769975892, -0.21357484911929242, -0.21832278463321345, -0.2135809414836681, -0.21357484911929242, -0.2183882791917056, -0.2136296820134222, -0.21359617336899347, -0.21363272835337077, -0.21359617336899347, -0.21837761752734325, -0.2136205427244553, -0.2183684789343592, -0.2135885574785297, -0.21359312719608123, -0.21357180294638495, -0.2183288769975892, -0.2135885574785297, -0.21361140432635528, -0.21836390941863734, -0.21360378916666098, -0.2135839882133643, -0.21837457114563505, -0.21359617295140587, -0.21359312719608123, -0.21835933984027628, -0.21364339008037336, -0.21840503364036856, -0.21838675595329018, -0.21842331132744683, -0.21365709812644748, -0.21364034367778456, -0.22315296915428956, -0.21844768217235133, -0.21843549613510194, -0.21840503364036856, -0.21365709812644745, -0.2183684789343592, -0.20893048686228088, -0.21365709812644745, -0.21840503364036848, -0.21847814466703738, -0.213707361574501, -0.22316820039005794, -0.22313621470562658, -0.22315296915428956, -0.2279252744412872, -0.22788719662213663, -0.22786739574536855, -0.22787653489513393, -0.2326488401821317, -0.2326488401821317, -0.23260010048751603, -0.22786739574536855, -0.23256659117497663, -0.23260010048751603, -0.23258029953421386], "lon": [11.979533333333332, 11.979533333333332, 11.979533333333332, 11.979533333333332, 11.979533333333332, 11.979533333333332, 11.979533333333332, 11.979533333333332, 11.979533333333332, 11.979533333333332, 11.979533333333332, 11.979533333333332, 11.979533333333332, 11.979533333333332, 11.979533333333332, 11.979533333333332, 11.979533333333332, 11.979533333333332], "covariance": [[7056.0, 7056.0, 7056.0, 7056.0, 7056.0, 7056.0, 7056.0, 7056.0, 7056.0], [7056.0, 7056.0, 7056.0, 7056.0, 7056.0, 7056.0, 7056.0, 7056.0, 7056.0], [7056.0, 7056.0, 7056.0, 7056.0, 7056.0, 7056.0, 7056.0, 7056.0, 7056.0], [7056.0, 7056.0, 7056.0, 7056.0, 7056.0, 7056.0, 7056.0, 7056.0, 7056.0], [7056.0, 7056.0, 7056.0, 7056.0, 7056.0, 7056.0, 7056.0, 7056.0, 7056.0], [7056.0, 7056.0, 7056.0, 7056.0, 7056.0, 7056.0, 7056.0, 7056.0, 7056.0], [7056.0, 7056.0, 7056.0, 7056.0, 7056.0, 7056.0, 7056.0, 7056.0, 7056.0], [7056.0, 7056.0, 7056.0, 7056.0, 7056.0, 7056.0, 7056.0, 7056.0, 7056.0], [7056.0, 7056.0, 7056.0, 7056.0, 7056.0, 7056.0, 7056.0, 7056.0, 7056.0], [7056.0, 7056.0, 7056.0, 7056.0, 7056.0, 7056.0, 7056.0, 7056.0, 7056.0], [7056.0, 7056.0, 7056.0, 7056.0, 7056.0, 7056.0, 7056.0, 7056.0, 7056.0], [7056.0, 7056.0, 7056.0, 7056.0, 7056.0, 7056.0, 7056.0, 7056.0, 7056.0], [7056.0, 7056.0, 7056.0, 7056.0, 7056.0, 7056.0, 7056.0, 7056.0, 7056.0], [7056.0, 7056.0, 7056.0, 7056.0, 7056.0, 7056.0, 7056.0, 7056.0, 7056.0], [7056.0, 7056.0, 7056.0, 7056.0, 7056.0, 7056.0, 7056.0, 7056.0, 7056.0], [7056.0, 7056.0, 7056.0, 7056.0, 7056.0, 7056.0, 7056.0, 7056.0, 7056.0], [7056.0, 7056.0, 7056.0, 7056.0, 7056.0, 7056.0, 7056.0, 7056.0, 7056.0]], "y_mid": [], "lat_start": [57.68711666666667], "lat": [57.68711666666667, 57.68711666666667, 57.68711666666667, 57.68711666666667, 57.68711666666667, 57.68711666666667, 57.68711666666667, 57.68711666666667, 57.68711666666667, 57.68711666666667, 57.68711666666667, 57.68711666666667, 57.68711666666667, 57.68711666666667, 57.68711666666667, 57.68711666666667, 57.68711666666667, 57.68711666666667], "x_mid": [], "radius": [], "y_gps": [-677617.1112004898, -677617.1112004898, -677617.1112004898, -677617.1112004898, -677617.1112004898, -677617.1112004898, -677617.1112004898, -677617.1112004898, -677617.1112004898, -677617.1112004898, -677617.1112004898, -677617.1112004898, -677617.1112004898, -677617.1112004898, -677617.1112004898, -677617.1112004898, -677617.1112004898], "angle_north": [0, 0, 0, 0, 0, 0, 0, 0, 0, 0, 0, 0, 0, 0, 0, 0, 0],