{"x_mid": [], "x_goal": [-0.14346558333448978, 0.7049506331837148, 0.17562094050727417, -0.6727952760109304], "y_gps": [0.0, 0.0, 0.0, 0.0, 0.0, 0.0, 0.0, 0.0, 0.0, 0.0, 0.0, 0.0, 0.0, 0.0, 0.0, 0.0, 0.0, 0.0, 0.0, 0.0, 0.0, 0.0, 0.0, 0.0, 0.0], "x_gps": [0.0, 0.0, 0.0, 0.0, 0.0, 0.0, 0.0, 0.0, 0.0, 0.0, 0.0, 0.0, 0.0, 0.0, 0.0, 0.0, 0.0, 0.0, 0.0, 0.0, 0.0, 0.0, 0.0, 0.0, 0.0], "y": [2.0922827465244547, 2.0922827465244547, 2.083887833551649, 2.0680784259295923, 2.0467541774941544, 2.02635707029504, 2.0059599630959255, 1.983708573424164, 1.9596029012797558, 1.9344938421153128, 1.9084548177966314, 1.879539006445856, 1.8525700169729358, 1.8292508142706974, 1.8021198632647002, 1.77303222625359, 1.7459012752475929, 1.7205668817217872, 1.6924175555820031, 1.6661448511848713, 1.6390139001788742, 1.6136795066530687, 1.5863890405359664, 1.5545803393565216, 1.5283849383852142, 1.504927166602061, 1.4786544622049291, 1.4429986490945361, 1.4186025664400568, 1.3933427155034388, 1.3727606147402687, 1.3559207141158567, 1.3363325838459765, 1.318557133186875, 1.3073305327706004, 1.2951324914433606, 1.2819961392447947, 1.2754087853544598, 1.2678803809083625, 1.2659982797968383, 1.2650655116887488, 1.2595369271083023, 1.2541870711185654, 1.2507476914238642, 1.2483008258937132, 1.246756747072664, 1.2446386150893396, 1.2439946348889417, 1.2434159834667688, 1.2429525624736393, 1.2429525624736393, 1.2426812877420663, 1.2426812877420663, 1.242772027792593, 1.242772027792593, 1.242772027792593, 1.2429577812084, 1.242695152562987, 1.242695152562987, 1.2423173672646177, 1.2418763983409413, 1.2418763983409413, 1.2418763983409413, 1.2413646271421086, 1.2435221682495794, 1.2509457784236977, 1.2615452286713376, 1.2731508693944478, 1.2874991355880727, 1.3019465354341357, 1.3197748510981318, 1.335056264524414, 1.3516111290695532, 1.3689179386465034, 1.3873829798699278, 1.4077581977716374, 1.427858927992247, 1.4434548695070566, 1.4609223240036435, 1.4776491868488775, 1.494752236335566, 1.512339500093894, 1.5314654138833055, 1.5462973704732141, 1.5657296959272204, 1.5866089323809882, 1.6044500322418236, 1.6205645740516104, 1.637561423538612, 1.6538612676703308, 1.6684749210298027, 1.6835288482880428, 1.6962485282428743, 1.7077668980056768, 1.7187367739702508, 1.7290717416734762, 1.7366869810337475, 1.744777760186763, 1.7527999510747163, 1.757572004142627, 1.7623026881700035, 1.7649078039165285, 1.7659313463141937, 1.766456977872791, 1.7686327605471541, 1.7714655687949876, 1.774541445051159, 1.776527778732093, 1.7779502797511493, 1.7802359052009318, 1.7818762645372959, 1.7836613837783806, 1.7836613837783806, 1.7846392571811263, 1.7846392571811263, 1.7856879604879607, 1.7846128137896509, 1.7867998794049005, 1.7867998794049005, 1.7867998794049005, 1.7867998794049005, 1.7878829466913329, 1.788951170844014, 1.787901858198779, 1.7868716723273579, 1.7878841167962818, 1.7878841167962818, 1.7878841167962818, 1.7888580353557793, 1.7955876129948214, 1.8105420071754545, 1.8253159083406978, 1.8444007075377271, 1.8659233248364648, 1.8890800176892437, 1.909493553556654, 1.9333731104971654, 1.956368239402843, 1.9803319554211072, 2.006958306552512, 2.0310056414380897, 2.0612874705532622, 2.083782777438407, 2.118993090720641, 2.142621889726487, 2.1690627839412544, 2.1974181562876165, 2.223192056073746, 2.252831109173202, 2.2789232138038242, 2.3116359510739595, 2.3406958880946536, 2.371900468466336, 2.3994004763449905, 2.428007801990396, 2.4519127020059375, 2.473964939265929, 2.496076408651353, 2.5173383918168035, 2.534824531063105, 2.5493589895916426, 2.561046012305613, 2.5727330350195836, 2.582520888999486, 2.5913515607280937, 2.594302252663694, 2.5962693806207606, 2.5972457436045064, 2.6011115587254974, 2.6049153089097015, 2.6095177910143676, 2.6130303281631924, 2.613865649060212, 2.6162115850892165, 2.616928331829743, 2.617583630713129, 2.61815636773209, 2.61815636773209, 2.618555601920451, 2.6191555503035238, 2.618931844779859, 2.6190573651056637, 2.6190573651056637, 2.6190573651056637, 2.618895784704937, 2.618895784704937, 2.618895784704937, 2.6185460495429704, 2.6185460495429704, 2.6189885750819752, 2.618512731608772, 2.618512731608772, 2.6169313584114557, 2.612495368822375, 2.604231252478145, 2.5918995630096107, 2.5766875286112696, 2.559985789775305, 2.5438202197943207, 2.5288505214179997, 2.5119282536882452, 2.495762683707261, 2.4789504909270375, 2.461377366746139, 2.4433908787689465, 2.4261618585209868, 2.408534643776885, 2.3909074290327834, 2.3710380485555445, 2.3543902677730233, 2.3349382505011307, 2.319361343873023, 2.301652523135388, 2.2818841401680903, 2.2621157572007924, 2.248375766683656, 2.2296311567091993, 2.215096690542132, 2.197907230884443, 2.17975832094747, 2.166122749969557, 2.1515193567629063, 2.1381119118045153, 2.128009287057851, 2.118603930236733, 2.110835378207738, 2.105189348381112, 2.1011574702077502],