{"lon_start": [11.97958], "x_goal": [6397801.181792538], "x_gps": [-6411305.50053, -6411305.50053, -6411305.50053, -6411305.50053, -6411305.50053, -6411305.50053, -6411305.50053, -6411305.50053, -6411305.50053, -6411305.50053, -6411305.50053, -6411305.50053, -6411305.50053, -6411305.50053, -6411305.50053, -6411305.50053, -6411305.50053], "angle": [0.3670788354748806, 0.36704837263219686, 0.3670605579548668, 0.33386156519085325, 0.30540441571552984, 0.26266081037784683, 0.22946486722492643, 0.18671212266791867, 0.15347657280370344, 0.12021969878731391, 0.1060154992492521, 0.09651200963032627, 0.0774989417821734, 0.044231405795224894, 0.03954439893608856, -0.007953234669615028, -0.0981959973108099, -0.16464120016265843, -0.19312881324618564, -0.24538199824236473, -0.26436917020465844, -0.30707774249500314, -0.3023739777861888, -0.3308341750351919, -0.3355714479289621, -0.35933245057646995, -0.3641001869392716, -0.3641078029341332, -0.36404230584935365, -0.36404230584935365, -0.364075815997, -0.36404230584935365, -0.359318741945817, -0.3641123726516847, -0.3545982235470529, -0.34984724186022476, -0.34032699989013093, -0.3355653555785286, -0.3118393858321987, -0.29753464966126786, -0.2738284849119631, -0.27383153108485325, -0.24541703097656928, -0.24540941508610545, -0.24065691030701947, -0.23588460412922965, -0.2263582683099844, -0.2120961833017287, -0.21217843620620921, -0.21217843620620921, -0.21217843620620921, -0.20269170406364895, -0.17895811884451193, -0.18372280880708242, -0.1836816841399651, -0.17420561406541873, -0.18368625340513045, -0.1884280965685906, -0.18846008249656945, -0.19790721236830833, -0.19791635158765677, -0.19795290679471964, -0.1931897403234372, -0.1979239675964337, -0.20268256517836625, -0.1884280965685906, -0.17416753479870173, -0.1741736278451427, -0.1741858131121221, -0.17891090104746563, -0.17418429002682703, -0.1789535495793393, -0.17416753479870173, -0.16943635451290645, -0.14568601476161724, -0.13141022083035298, -0.12195852245899007, -0.12670645797291066, -0.1267155969556276, -0.12672625892620734, -0.121967661441707, -0.14568753718803742, -0.14564793502168286, -0.16467166377085873, -0.15994200657035848, -0.1788545423538709, -0.1788850067044185, -0.17420409063213585, -0.1837014850932617, -0.17892460953197256, -0.17893374862604453, -0.1789642114687282, -0.1789824889887573, -0.1789642114687282, -0.1789109010474674, -0.1789383178912098, -0.1789154703126241, -0.1789383178912098, -0.17896573431739643, -0.17419799785016538, -0.1741751502715664, -0.17894288760876137, -0.1694576785514981, -0.1646625244123132, -0.1552032100391548, -0.1552123489244375, -0.15521844127490533, -0.155184931962366, -0.1552123489244375, -0.15523976513488108, -0.15519407105643784, -0.15521387200973452, -0.15522148772620642, -0.15521387200973452, -0.1552458574992741, -0.15524890376962527, -0.15520625579447941, -0.15523519572355526, -0.15525195001213798, -0.15525804237653243, -0.15520625579447941, -0.15992982130337907, -0.15994200657035848, -0.15999227001837008, -0.14097768062766516, -0.1219402441455697, -0.11247179041386397, -0.10772385489994338, -0.09822798387210037, -0.09821884488938346, -0.09821884488938346, -0.09822798387210037, -0.0982234141545488, -0.10771928518239178, -0.10300333580524915, -0.1124900675441398, -0.11724714215214323, -0.1314818101566016, -0.12671559695562937, -0.13144525439276114, -0.12669731887884048, -0.12673387464268096, -0.12673387464268096, -0.12674301317998624, -0.12675519833562524, -0.12674301317998624], "lon": [11.97958, -0.0, -0.0, -0.0, -0.0, -0.0, -0.0, -0.0, -0.0, -0.0, -0.0, -0.0, -0.0, -0.0, -0.0, -0.0, -0.0, -0.0], "covariance": [[0.0, 0.0, 0.0, 0.0, 0.0, 0.0, 0.0, 0.0, 0.0], [0.0, 0.0, 0.0, 0.0, 0.0, 0.0, 0.0, 0.0, 0.0], [0.0, 0.0, 0.0, 0.0, 0.0, 0.0, 0.0, 0.0, 0.0], [0.0, 0.0, 0.0, 0.0, 0.0, 0.0, 0.0, 0.0, 0.0], [0.0, 0.0, 0.0, 0.0, 0.0, 0.0, 0.0, 0.0, 0.0], [0.0, 0.0, 0.0, 0.0, 0.0, 0.0, 0.0, 0.0, 0.0], [0.0, 0.0, 0.0, 0.0, 0.0, 0.0, 0.0, 0.0, 0.0], [0.0, 0.0, 0.0, 0.0, 0.0, 0.0, 0.0, 0.0, 0.0], [0.0, 0.0, 0.0, 0.0, 0.0, 0.0, 0.0, 0.0, 0.0], [0.0, 0.0, 0.0, 0.0, 0.0, 0.0, 0.0, 0.0, 0.0], [0.0, 0.0, 0.0, 0.0, 0.0, 0.0, 0.0, 0.0, 0.0], [0.0, 0.0, 0.0, 0.0, 0.0, 0.0, 0.0, 0.0, 0.0], [0.0, 0.0, 0.0, 0.0, 0.0, 0.0, 0.0, 0.0, 0.0], [0.0, 0.0, 0.0, 0.0, 0.0, 0.0, 0.0, 0.0, 0.0], [0.0, 0.0, 0.0, 0.0, 0.0, 0.0, 0.0, 0.0, 0.0], [0.0, 0.0, 0.0, 0.0, 0.0, 0.0, 0.0, 0.0, 0.0], [0.0, 0.0, 0.0, 0.0, 0.0, 0.0, 0.0, 0.0, 0.0]], "y_mid": [], "lat_start": [57.68727], "lat": [57.68727, -0.0, -0.0, -0.0, -0.0, -0.0, -0.0, -0.0, -0.0, -0.0, -0.0, -0.0, -0.0, -0.0, -0.0, -0.0, -0.0, -0.0], "x_mid": [], "radius": [], "y_gps": [-1331398.54162, -1331398.54162, -1331398.54162, -1331398.54162, -1331398.54162, -1331398.54162, -1331398.54162, -1331398.54162, -1331398.54162, -1331398.54162, -1331398.54162, -1331398.54162, -1331398.54162, -1331398.54162, -1331398.54162, -1331398.54162, -1331398.54162], "angle_north": [0, 1.7228932130725034, -0.0039013799026711353, 1.722435159760807, -0.0034332253152622953, 1.7227650785387707, -0.0036639622996257237, -0.003703731675402903, -0.003748981265840791, -0.003757449619864018, 1.7227265258316726, -0.003697580918353078, 1.722713902110317, -0.0036766293236833816, 1.7227011419582614, -0.003689271150306451, -0.003674436889587131],