{"x_mid": [], "x_goal": [-1.5445004080087452], "y_gps": [0.0], "x_gps": [0.0], "y": [2.098688911743542, 2.098688911743542, 2.0967290564435315, 2.0904205731582297, 2.080328789518076, 2.0693843896344073, 2.0589158332239417, 2.0474955898670704, 2.035123659563793, 2.0242880124060103, 2.015807940717311, 2.0134760602465422], "x": [-0.6486361269180407, -0.6486361269180407, -0.6525876338395398, -0.6654601285850603, -0.686302308437573, -0.7091816787926003, -0.7310662939148004, -0.754940419502655, -0.7808040555561642, -0.8037351311377451, -0.8216811902885476, -0.826677334609494], "y_goal": [1.6543611162301004], "radius": [], "y_mid": []}