{"x_mid": [], "x_goal": [2.0046391851429264], "y_gps": [0.0, 0.0, 0.0, 0.0, 0.0, 0.0, 0.0, 0.0, 0.0, 0.0, 0.0, 0.0, 0.0, 0.0, 0.0, 0.0, 0.0, 0.0, 0.0, 0.0, 0.0, 0.0, 0.0, 0.0, 0.0, 0.0, 0.0, 0.0, 0.0, 0.0, 0.0, 0.0, 0.0], "x_gps": [0.0, 0.0, 0.0, 0.0, 0.0, 0.0, 0.0, 0.0, 0.0, 0.0, 0.0, 0.0, 0.0, 0.0, 0.0, 0.0, 0.0, 0.0, 0.0, 0.0, 0.0, 0.0, 0.0, 0.0, 0.0, 0.0, 0.0, 0.0, 0.0, 0.0, 0.0, 0.0, 0.0], "y": [0.5062229685357188, 0.5062229685357188, 0.5062229685357188, 0.5062229685357188, 0.5062229685357188, 0.5062229685357188, 0.5062229685357188, 0.5066879305635821, 0.5062277211607125, 0.5066926831885757, 0.5062324737857061, 0.5066974358135694, 0.5062372264106998, 0.5067021884385631, 0.5062419790356935, 0.5062419790356935, 0.5067069410635567, 0.5062467316606871, 0.5067116936885504, 0.5062514842856808, 0.5067164463135441, 0.5062562369106745, 0.5067211989385377, 0.5062609895356681, 0.5062609895356681, 0.5062609895356681, 0.5067259515635314, 0.5062657421606618, 0.5062657421606618, 0.5067307041885251, 0.5062704947856554, 0.5067354568135187, 0.5062752474106491, 0.5062752474106491, 0.5062752474106491, 0.5062752474106491, 0.5067402094385124, 0.5062800000356428, 0.506744962063506, 0.5062847526606364, 0.5067497146884997, 0.5062895052856301, 0.5062895052856301, 0.5067544673134934, 0.5062942579106238, 0.506759219938487, 0.5062990105356174, 0.5067639725634807, 0.5063037631606111, 0.5067687251884744, 0.5067687251884744, 0.5063085157856048, 0.506773477813468, 0.5063132684105984, 0.5067782304384617, 0.5063180210355921, 0.5067829830634554, 0.5063227736605858, 0.506787735688449, 0.5063275262855794, 0.5063275262855794, 0.5063275262855794, 0.5063275262855794, 0.5067924883134427, 0.5063322789105731, 0.5067972409384364, 0.5063370315355668, 0.50680199356343, 0.5063417841605604, 0.5068067461884237, 0.5063465367855541, 0.5068114988134174, 0.5063512894105477, 0.5063512894105477, 0.506816251438411, 0.5063560420355414, 0.5068210040634047, 0.5063607946605351, 0.5068257566883984, 0.5063655472855287, 0.506830509313392, 0.5063702999105224, 0.5068352619383857, 0.5063750525355161, 0.5068400145633793, 0.5063798051605097, 0.506844767188373, 0.506844767188373, 0.5063845577855034, 0.5068495198133667, 0.5063893104104971, 0.5068542724383603, 0.5063940630354907, 0.506859025063354, 0.5063988156604844, 0.5068637776883477, 0.5068637776883477, 0.5068637776883477, 0.5068637776883477, 0.5064035682854781, 0.5068685303133413, 0.5064083209104717, 0.506873282938335, 0.5064130735354654, 0.5068780355633287, 0.506417826160459, 0.5068827881883223, 0.5064225787854527, 0.506887540813316, 0.506887540813316, 0.5064273314104464, 0.5068922934383097, 0.50643208403544, 0.5068970460633033, 0.5064368366604337, 0.506901798688297, 0.5064415892854274, 0.5069065513132907, 0.506446341910421, 0.5069113039382843, 0.5064510945354147, 0.5064510945354147, 0.506916056563278, 0.5064558471604084, 0.5069208091882716, 0.506460599785402, 0.5069255618132653, 0.5064653524103957, 0.506930314438259, 0.5064701050353894, 0.5069350670632526, 0.506474857660383, 0.5069398196882463, 0.5064796102853767, 0.5064796102853767, 0.50694457231324, 0.5064843629103704, 0.5064843629103704, 0.5069493249382336, 0.5069493249382336, 0.506489115535364, 0.5069540775632273, 0.5064938681603577, 0.506958830188221, 0.5064986207853514, 0.5069635828132146, 0.5069635828132146, 0.506503373410345, 0.5069683354382083, 0.5065081260353387, 0.506973088063202, 0.5065128786603323, 0.5069778406881956, 0.506517631285326, 0.5069825933131893, 0.5065223839103197, 0.506987345938183, 0.506987345938183, 0.5065271365353133, 0.5069920985631766, 0.506531889160307, 0.5069968511881703, 0.5065366417853007, 0.507001603813164, 0.5065413944102943, 0.5070063564381576, 0.506546147035288, 0.5070111090631513, 0.5065508996602817, 0.5070158616881449, 0.5065556522852753, 0.5065556522852753, 0.5070206143131386, 0.506560404910269, 0.5070253669381323, 0.5065651575352627, 0.5070301195631259, 0.5065699101602563, 0.5070348721881196, 0.50657466278525, 0.5070396248131133, 0.5065794154102436, 0.5070443774381069, 0.5065841680352373, 0.5070491300631006, 0.506588920660231, 0.506588920660231, 0.506588920660231, 0.506588920660231, 0.506588920660231, 0.506588920660231, 0.5070538826880943, 0.5070538826880943, 0.5070538826880943, 0.5070538826880943, 0.5070538826880943, 0.5070538826880943, 0.5070538826880943, 0.5070538826880943, 0.5070538826880943, 0.5070538826880943, 0.5070538826880943, 0.5070538826880943, 0.5070538826880943, 0.5070538826880943, 0.5070538826880943, 0.5070538826880943, 0.5070538826880943, 0.5070538826880943, 0.5070538826880943, 0.5070538826880943, 0.5070538826880943, 0.5070538826880943, 0.5070538826880943, 0.5070538826880943, 0.5070538826880943, 0.5070538826880943, 0.5070538826880943, 0.5070538826880943, 0.5070538826880943, 0.5070538826880943, 0.5070538826880943, 0.5070538826880943, 0.5070538826880943, 0.5070538826880943, 0.5070538826880943, 0.5070538826880943, 0.5070538826880943, 0.5070538826880943, 0.5070538826880943, 0.5070538826880943, 0.5070538826880943, 0.5070538826880943, 0.5070538826880943, 0.5070538826880943, 0.5070538826880943, 0.5070538826880943, 0.5070538826880943, 0.5070538826880943, 0.5070538826880943, 0.5070538826880943, 0.5070538826880943, 0.5070538826880943, 0.5070538826880943, 0.5070538826880943, 0.5070538826880943, 0.5070538826880943, 0.5070538826880943, 0.5070538826880943, 0.5070538826880943, 0.5070538826880943, 0.5070538826880943, 0.5070538826880943, 0.5070538826880943, 0.5070538826880943, 0.5070538826880943, 0.5070538826880943, 0.5070538826880943, 0.5070538826880943, 0.5070538826880943, 0.5070538826880943, 0.5070538826880943, 0.5070538826880943, 0.5070538826880943, 0.5070538826880943, 0.5070538826880943, 0.5070538826880943, 0.5070538826880943, 0.5070538826880943, 0.5070538826880943, 0.5070538826880943, 0.5070538826880943, 0.5070538826880943, 0.5070538826880943, 0.5070538826880943, 0.5070538826880943, 0.5070538826880943, 0.5070538826880943, 0.5070538826880943, 0.5070538826880943, 0.5070538826880943, 0.5070538826880943, 0.5070538826880943, 0.5070538826880943, 0.5070538826880943, 0.5070538826880943, 0.5070538826880943, 0.5070538826880943, 0.5070538826880943, 0.5070538826880943, 0.5070538826880943, 0.5070538826880943, 0.5070538826880943, 0.5070538826880943, 0.5070538826880943, 0.5070538826880943, 0.5070538826880943, 0.5070538826880943, 0.5070538826880943, 0.5070538826880943],