{"x_mid": [0.5629266441818183], "x_goal": [-0.434840404179512], "y_gps": [0.0, 0.0, 0.0, 0.0, 0.0, 0.0, 0.0, 0.0, 0.0, 0.0, 0.0, 0.0, 0.0, 0.0, 0.0, 0.0, 0.0], "x_gps": [0.0, 0.0, 0.0, 0.0, 0.0, 0.0, 0.0, 0.0, 0.0, 0.0, 0.0, 0.0, 0.0, 0.0, 0.0, 0.0, 0.0], "y": [1.401463626958377, 1.401463626958377, 1.401463626958377, 1.4015216083700726, 1.401553434179464, 1.401553434179464, 1.401553434179464, 1.401433669117235, 1.4012156374292666, 1.4012156374292666, 1.4015996696331652, 1.4015996696331652, 1.401068195934919, 1.4016670744816118, 1.4016670744816118, 1.4016670744816118, 1.4008636480130536, 1.4017318509535985, 1.4008002872576553, 1.4008002872576553, 1.399783954756913, 1.4008346966067402, 1.4008346966067402, 1.4008346966067402, 1.3997337533347045, 1.3997337533347045, 1.3997337533347045, 1.3997337533347045, 1.3986801373430262, 1.3986801373430262, 1.3976948546121493, 1.398620303081292, 1.398620303081292, 1.398620303081292, 1.398620303081292, 1.398620303081292, 1.3980046667915125, 1.3922894450683083, 1.3878613636297186, 1.382417074523368, 1.3730844870629118, 1.3632029238694876, 1.3507280824411465, 1.341369742541038, 1.3298382372107957, 1.3166375449241572, 1.3028119251641546, 1.2918792443269405, 1.2785099971477323, 1.2662087956438501, 1.2519426410897705, 1.236471669850208, 1.2212861992166095, 1.2057623609830412, 1.189908903543709, 1.1718932529984039, 1.1543477725828049, 1.138220708187765, 1.1181150188267654, 1.0947676496079155, 1.0757633040113506, 1.0555354553661696, 1.036997123614147, 1.0172914689966084, 1.0024079364955698, 0.9895387137786185, 0.9826582692368545, 0.9768485607932057, 0.9672676589958266, 0.9530947368218813, 0.9418216910895014, 0.9249121224909317, 0.9097943388387234, 0.8917908877123136, 0.8746393522765108, 0.8573937290412282, 0.8390441237445329, 0.8224988519462041, 0.8039605201941816, 0.7852850278665365, 0.7634558468650132, 0.7444750945879852, 0.7254524375372564, 0.7032370939006843, 0.6819011694014462, 0.6615007559958652, 0.6410216968026287, 0.62046583843671, 0.60189811483799, 0.5801213958989063, 0.5593113809921387, 0.5363451178557794, 0.5122209946751214, 0.4943095228165903, 0.47528967868381117, 0.45730124254790167, 0.4318362273972526, 0.4084316237870005, 0.39032303132156126, 0.3711013594730028, 0.3475518179814064, 0.31425480402150424, 0.2959752138906195, 0.2733237147474728, 0.24738523908514945, 0.22683110012971147, 0.2073231044113109, 0.18560989306111667, 0.16386097905852157, 0.14211206505592647, 0.11815114396623244, 0.0996221725295222, 0.08107990455758507, 0.05815884121971203, 0.02974290829242605, 0.012234696480771839, -0.00967544969051766, -0.030501203520105262, -0.0513376028447254, -0.08318497033550162, -0.10186195944482497, -0.12824983399935608, -0.15025471371124186, -0.17227259347333812, -0.1932045675738717, -0.21524625933624522, -0.23398447864127803, -0.2571388668448817, -0.2802957335470464, -0.3001436555100163, -0.32108939795395536, -0.3420260490210147, -0.365151814924692, -0.3882581458425399, -0.4124299923126544, -0.4332782042828463, -0.45409471289606673, -0.4726878651661989, -0.4966865337434756, -0.5184383109774117, -0.5412209292548322, -0.5638987023970733, -0.5897097794043943, -0.6121666700970536, -0.6313199846919146, -0.6493373331793953, -0.6661992696454456, -0.6787694847358382, -0.6860670199083208, -0.6871078069136186], "x": [1.5606936925431485, 1.5606936925431485, 1.5606936925431485, 1.559592509933349, 1.5584902612762468, 1.5584902612762468, 1.5584902612762468, 1.557394076385776, 1.5563131382898294, 1.5563131382898294, 1.5573468134083246, 1.5573468134083246, 1.5563806350126337, 1.5573065450895516, 1.5573065450895516, 1.5573065450895516, 1.5565512498533378, 1.5572310944225272, 1.556641048606825, 1.556641048606825, 1.556213224773732, 1.5565477491364457, 1.5565477491364457, 1.5565477491364457, 1.5564853881230933, 1.5564853881230933, 1.5564853881230933, 1.5564853881230933, 1.5568107468886228, 1.5568107468886228, 1.557305906382587, 1.556706314758906, 1.556706314758906, 1.556706314758906, 1.556706314758906, 1.556706314758906, 1.5576211682679082, 1.567051583904418, 1.5746813842795098, 1.5842707645800913, 1.600528583982907, 1.6177427457035356, 1.6385491241414971, 1.6535060125303358, 1.6709985179004816, 1.6900243498454357, 1.7086010232908075, 1.7224488940900948, 1.7385804342883284, 1.7527259043053525, 1.7680699648352483, 1.7837873132946889, 1.7982221614387501, 1.8122924779172092, 1.825990333461975, 1.8405394534860042, 1.8539014185614218, 1.8654725226093434, 1.8790478055782138, 1.893706539005787, 1.9048967508955224, 1.916169492231675, 1.9259313370961433, 1.9358345269754256, 1.943050660409726, 1.9493658159102567, 1.9528646395889864, 1.956030398144526, 1.9614895939801493, 1.9700172195876904, 1.9769466782710492, 1.9873408662960874, 1.9964370002774645, 2.0071533012645104, 2.0171431704870773, 2.0269697229911996, 2.0370818614772706, 2.0458947986471965, 2.0556566435116648, 2.065153450639645, 2.0757371130099527, 2.0846080995562217, 2.093388867064609, 2.103135946600293, 2.112136995639542, 2.1205160842876136, 2.1287010783774565, 2.1366912398608773, 2.143706387418208, 2.1515813521985936, 2.158884041653237, 2.166699271011191, 2.1745269243901153, 2.1800580234041167, 2.185734129820876, 2.191009548839868, 2.19821571524733, 2.2045994118420076, 2.2094463448271306, 2.2143960909050544, 2.2202224231905925, 2.2279587796454323, 2.2321145545537373, 2.2369260142711394, 2.2421787574811085, 2.2462396356012366, 2.2499017057726634, 2.253764664037082, 2.2574212653823986, 2.261077866727715, 2.264872772905657, 2.2677172584372096, 2.2704737378763697, 2.273770010544911, 2.2775814519008177, 2.279760799307817, 2.2822770442171163, 2.284568623745609, 2.286761298480028, 2.2896546936556748, 2.2912621631738475, 2.29328105084015, 2.2947545713036273, 2.296019072973345, 2.296922300276177, 2.2976637973721674, 2.298205108482466, 2.298544025818963, 2.2985531133011605, 2.2983724239505006, 2.297883309671257, 2.297095907993463, 2.295896112422345, 2.2943670507626783, 2.2923057670386027, 2.2902284088720997, 2.2878543135787917, 2.2854650523747124, 2.281916678256337, 2.278277147949269, 2.2741307202736065, 2.26944465973695, 2.2635979397473345, 2.257947398316453, 2.2527394049485743, 2.2475635925560784, 2.242371085013761, 2.2382372429376804, 2.235721638709367, 2.2353573209993525], "y_goal": [1.5350438231600438], "radius": [1], "y_mid": [1.4682537250592103]}