{"lon_start": [11.979436666666667], "x_goal": [6397754.216117348, 6397754.215852275], "x_gps": [6397751.132312743, 6397751.132312743, 6397750.748329797, 6397749.384730644, 6397749.1905549, 6397747.689572906, 6397746.192959587, 6397746.188590946, 6397746.179853671, 6397745.601695255, 6397758.387383032, 6397758.758952501, 6397759.502091457, 6397759.97243893, 6397761.37055804, 6397761.827982141, 6397762.236017236, 6397762.482961982, 6397762.854531559, 6397762.953309447, 6397762.68051774, 6397762.729906673, 6397762.989774865, 6397762.50650387, 6397762.332489956], "k2": 0.0019329896907216496, "angle": [-8.835785608817658e-05, -8.835785608817658e-05, -0.00019657062390685242, 0.0045055916925054685, 0.01416149902191253, 0.018991742055684227, 0.01899174205568423, 0.01935743421845195, 0.014067090291623056, 0.013771523143654143, 0.013695350774935458, 0.00903885646503668, 0.004129400393683302, 0.004542279739763271, -0.00028028974379400753, -0.0001645081621225187, -0.00013860836203189535, 0.004693102341344083, 0.004603228304898068, 0.004557518529025848, 0.004278744499764675, 0.004236058540844307, 0.013780611532506305, 0.008996077908733706, 0.004560515707636727, -0.0006536757136787512, -0.0006033302959474874, -0.005499031595898601, -0.005308542314634753, -0.0005362264666574492, -0.0011488479872914955, 0.003281967495401695, 0.008429271997313338, 0.008520744531545032, 0.013393648116743043, 0.023451757732635862, 0.013859932240827098, 0.004281799124332266, -0.0007129845123248263, 0.0041781901216781875, 0.004199524310986546, -0.0005331906917858748, -0.009986394509733652, 0.0040821971989417, 0.0137807163247638, 0.018589576590465555, 0.013832516408351467, 0.014009232649966973, 0.01414327895671237, 0.0046413155645081165, -5.330895978648843e-05, -0.004802771122630751, -0.004854555463333996, -0.009564411675759908, -0.009666469702685539, -0.009687793172583344, -0.014606345288533322, -0.009907161161253815, -0.010071708783480376, -0.010074754955890865, -0.01031857239839393, -0.015154889700642162, -0.010410000358370804, -0.010400861824837968, -0.005421303795316721, -0.0010056157930841004, 0.0031264569322897286, -0.0009141523139149046, 0.00856801067366681, 0.008685354530487232, 0.01342110517121135, 0.008874316084801636, 0.00880117928118694, 0.008792040746108162, 0.008892605842372094, 0.008935264227128422, 0.004199513588593698, 0.0040898126701654726, -0.0005697453922428696, -0.0003351229137957031, -0.005188171526492164, -0.009747202047777032, -0.009792902215629121, -0.01947159479564477, -0.024289611857609316, -0.02909697061835253, -0.028805976699665413, -0.028990321441174995, -0.033631607774716625, -0.028844059466295344, -0.03381443252549615, -0.0289994600329879, -0.024214978868985083, -0.019387801232953458, -0.014521033609639, -0.03830031987148972, -0.07161509188608507, -0.10021850248926742, -0.14289354838717877, -0.19021903454948938, -0.24244938140065278, -0.3278848028689097, -0.4039766841485084, -0.4847647146678463, -0.565461340719411, -0.6509089654471755, -0.7270039519461002, -0.8316216047002845, -0.9169458016712898, -1.016442148371176, -1.0924761652784607, -1.149347788159322, -1.215518718717573, -1.2770529714959, -1.3484136859535794, -1.3909805813352134, -1.443095143823644, -1.476278903697626, -1.509368099778772, -1.5424542949233762, -1.5896623776994294, -1.62758196065189, -1.6659037417786977, -1.6896510637916735, -1.7087083292447514, -1.7137076893377134, -1.7235645644325017, -1.7190953892046015, -1.709474602132533, -1.7044844785552933, -1.6996786604662992, -1.6948058204119936, -1.6902102097833185, -1.6854531345628154, -1.6806549333389051, -1.6805132716430882, -1.6711544941247758, -1.6710722402183336, -1.6663578166893769, -1.6518854996672572, -1.632832802226037, -1.6044183294043801, -1.5757996776145737, -1.5472556975932474, -1.52822740103277, -1.5139835944910072, -1.504499908199028, -1.4949811517648943, -1.4952706343906175, -1.4905592716267972, -1.4999622184269137, -1.5045699931718188, -1.5094626522097978, -1.5141557386256423, -1.5236851415491548, -1.5285336306791135, -1.5378390690338308, -1.537851253770461, -1.5474248191187596, -1.5570715175461705, -1.5665597696557165, -1.5619199909800536, -1.5619611179577133, -1.5571857646605183, -1.5571720554661324, -1.5571583460420686, -1.5523570959312305, -1.5522870119293828, -1.5571583460420686, -1.5478452552253414, -1.5429510953892205, -1.5478269775382634, -1.547598496010699, -1.5523311975049086, -1.5620296598582954, -1.5668689830420013, -1.5717006928405666, -1.5766512314368453, -1.5717113623168921, -1.571670232874971, -1.56686441339404, -1.566818719593948, -1.5715575165705564, -1.571562085842692, -1.5715666551078689, -1.5668232888591247, -1.5620707840800268, -1.5525688206877897, -1.5431110272703084, -1.54788028649805, -1.5430790420243425, -1.5478285006235626, -1.5478224082730865, -1.552579482317361, -1.5573045714358047, -1.5525018031391016, -1.547887902713305, -1.5478879022957177, -1.54785134731134, -1.5527257061521582, -1.5478696246086627, -1.5573228485661057, -1.5573776817386829, -1.562331260758088, -1.557356360551635, -1.566852231579477, -1.5716123502999764, -1.5716580457704277, -1.5763877016484589, -1.5765156513036676, -1.5672208850591665, -1.5621103910845775, -1.562105819737912, -1.5763968441392286, -1.581199615888104, -1.576488239757373, -1.5763511500054153, -1.5761775008693968, -1.576230817868149, -1.5809117330357378, -1.5857723840531943, -1.5953063326774743, -1.5905583971635529, -1.5905583971635529, -1.5905583971635529], "lon": [11.979436666666667, 11.979436666666667, 11.979436666666667, 11.979431666666667, 11.979406666666666, 11.979403333333334, 11.979396666666666, 11.979391666666666, 11.97939, 11.979386666666667, 11.979378333333333, 11.979376666666667, 11.979375, 11.979371666666667, 11.979366666666667, 11.979346666666666, 11.979336666666667, 11.979328333333333, 11.97932, 11.979318333333334, 11.979315, 11.979313333333334, 11.979311666666666, 11.979308333333334, 11.979308333333334, 11.979303333333334], "covariance": [[729.0, 729.0, 729.0, 729.0, 729.0, 729.0, 729.0, 729.0, 729.0], [729.0, 729.0, 729.0, 729.0, 729.0, 729.0, 729.0, 729.0, 729.0], [729.0, 729.0, 729.0, 729.0, 729.0, 729.0, 729.0, 729.0, 729.0], [729.0, 729.0, 729.0, 729.0, 729.0, 729.0, 729.0, 729.0, 729.0], [729.0, 729.0, 729.0, 729.0, 729.0, 729.0, 729.0, 729.0, 729.0], [729.0, 729.0, 729.0, 729.0, 729.0, 729.0, 729.0, 729.0, 729.0], [729.0, 729.0, 729.0, 729.0, 729.0, 729.0, 729.0, 729.0, 729.0], [729.0, 729.0, 729.0, 729.0, 729.0, 729.0, 729.0, 729.0, 729.0], [729.0, 729.0, 729.0, 729.0, 729.0, 729.0, 729.0, 729.0, 729.0], [729.0, 729.0, 729.0, 729.0, 729.0, 729.0, 729.0, 729.0, 729.0], [729.0, 729.0, 729.0, 729.0, 729.0, 729.0, 729.0, 729.0, 729.0], [729.0, 729.0, 729.0, 729.0, 729.0, 729.0, 729.0, 729.0, 729.0], [729.0, 729.0, 729.0, 729.0, 729.0, 729.0, 729.0, 729.0, 729.0], [729.0, 729.0, 729.0, 729.0, 729.0, 729.0, 729.0, 729.0, 729.0], [729.0, 729.0, 729.0, 729.0, 729.0, 729.0, 729.0, 729.0, 729.0], [729.0, 729.0, 729.0, 729.0, 729.0, 729.0, 729.0, 729.0, 729.0], [729.0, 729.0, 729.0, 729.0, 729.0, 729.0, 729.0, 729.0, 729.0], [729.0, 729.0, 729.0, 729.0, 729.0, 729.0, 729.0, 729.0, 729.0], [729.0, 729.0, 729.0, 729.0, 729.0, 729.0, 729.0, 729.0, 729.0], [729.0, 729.0, 729.0, 729.0, 729.0, 729.0, 729.0, 729.0, 729.0], [729.0, 729.0, 729.0, 729.0, 729.0, 729.0, 729.0, 729.0, 729.0], [729.0, 729.0, 729.0, 729.0, 729.0, 729.0, 729.0, 729.0, 729.0], [729.0, 729.0, 729.0, 729.0, 729.0, 729.0, 729.0, 729.0, 729.0], [729.0, 729.0, 729.0, 729.0, 729.0, 729.0, 729.0, 729.0, 729.0], [729.0, 729.0, 729.0, 729.0, 729.0, 729.0, 729.0, 729.0, 729.0]], "y_mid": [], "lat_start": [57.68684833333333],