{"lat_start": [57.684326666666664], "x_gps": [6397470.351903088, 6397470.350005959, 6397470.433876231, 6397470.601616779, 6397471.036768842, 6397471.204509398, 6397471.655462099, 6397471.922873574, 6397472.274155317, 6397472.441895871, 6397472.7931776, 6397473.244130197, 6397473.962494164, 6397474.313775826, 6397474.665057479, 6397474.932468852, 6397475.283750482], "y_goal": [-677615.970095843], "x_ordometry": [6397470.166464709, 6397470.166464709, 6397470.166464709, 6397470.171978187, 6397470.185210533, 6397470.199545092, 6397470.221598258, 6397470.239240791, 6397470.260190118, 6397470.28334281, 6397470.303187976, 6397470.320828122, 6397470.336263251, 6397470.34949336, 6397470.360518452, 6397470.37264701, 6397470.38477461, 6397470.395799702, 6397470.407926072, 6397470.4189500455, 6397470.429974019, 6397470.438793197, 6397470.447612376, 6397470.456431554, 6397470.466354136, 6397470.47517421, 6397470.485095786, 6397470.493914965, 6397470.504938937, 6397470.522580476, 6397470.550146934, 6397470.577714323, 6397470.609692856, 6397470.641671028, 6397470.679162678, 6397470.710035371, 6397470.7442131555, 6397470.7728783935, 6397470.804847916, 6397470.834615663, 6397470.86548592, 6397470.90296278, 6397470.934923653, 6397470.965771292, 6397471.001025737, 6397471.035171163, 6397471.070418054, 6397471.1001639925, 6397471.13762184, 6397471.181689898, 6397471.210334134, 6397471.240073699, 6397471.27310126, 6397471.30830999, 6397471.33689771, 6397471.370995003, 6397471.398501823, 6397471.433686709, 6397471.461164658, 6397471.4919149345, 6397471.524861659, 6397471.557778599, 6397471.588501076, 6397471.62033554, 6397471.654349711, 6397471.686184173, 6397471.719116377, 6397471.74765762, 6397471.786060716, 6397471.8167831935, 6397471.84750567, 6397471.876033685, 6397471.91333955, 6397471.950645415, 6397471.989029838, 6397472.018655083, 6397472.057075988, 6397472.08561723, 6397472.118549434, 6397472.152594383, 6397472.1888509365, 6397472.219614073, 6397472.254798959, 6397472.283386679, 6397472.31637251, 6397472.353756452, 6397472.390053569, 6397472.430763664, 6397472.463771848, 6397472.495669315, 6397472.528666695, 6397472.564951109, 6397472.5913397735, 6397472.622126549, 6397472.65511238, 6397472.688098211, 6397472.718861347, 6397472.750709848, 6397472.779263676, 6397472.815489099, 6397472.846225822, 6397472.879158026, 6397472.908783272, 6397472.945008695, 6397472.974633941, 6397473.007550881, 6397473.039355117, 6397473.065675864, 6397473.106233028, 6397473.139117215, 6397473.181843922, 6397473.213597441, 6397473.245368582, 6397473.281541187, 6397473.314425374, 6397473.350616402, 6397473.38132394, 6397473.413143649, 6397473.448255051, 6397473.485560915, 6397473.514114744, 6397473.550340167, 6397473.58107689, 6397473.616204574, 6397473.648024282, 6397473.682054226, 6397473.712790949, 6397473.742467134, 6397473.773264688, 6397473.80848415, 6397473.843703611, 6397473.87452064, 6397473.905337669, 6397473.936171393, 6397473.969207526, 6397474.001150021, 6397474.038599843, 6397474.070534772, 6397474.105773314, 6397474.1399017945, 6397474.176241541, 6397474.205966346, 6397474.244487632, 6397474.278616113, 6397474.311643674, 6397474.346873073, 6397474.385394359, 6397474.416211387, 6397474.447028416, 6397474.485560571, 6397474.52078997, 6397474.552724899, 6397474.579153805, 6397474.611080448, 6397474.645217786, 6397474.687063554, 6397474.7134924615, 6397474.743232026, 6397474.774073055, 6397474.809319946, 6397474.845676093], "x_goal": [6397510.166464602], "lon": [11.979285, 11.979285, 11.979286666666667, 11.979288333333333, 11.979291666666667, 11.979298333333332, 11.979301666666666, 11.979306666666666, 11.97931, 11.979315, 11.979318333333334, 11.979323333333333, 11.979328333333333, 11.979336666666667, 11.979341666666667, 11.979346666666666, 11.97935, 11.979355], "k2": -0.041666666666666664, "k1": NaN, "m1": NaN, "y_gps": [-677615.9590150657, -677615.863969127, -677615.9173542085, -677616.0241243673, -677616.0810772362, -677616.187847364, -677616.0348276728, -677615.9850103281, -677615.9885780036, -677616.095348071, -677616.0989156974, -677615.9458958192, -677615.7430584078, -677615.7466258918, -677615.7501933443, -677615.700375788, -677615.7039431804], "m2": -411054.7072404364, "y_ordometry": [-677615.9671714464, -677615.9671714464, -677615.9671714464, -677615.9671976243, -677615.967260451, -677615.9673965742, -677615.9676059945, -677615.9677735309, -677615.9680719492, -677615.968511712, -677615.9688886516, -677615.969223709, -677615.9695168842, -677615.9697681773, -677615.9699775882, -677615.9701503566, -677615.9703807086, -677615.9705901195, -677615.9708780497, -677615.9711398045, -677615.9714015592, -677615.971610963, -677615.9718203668, -677615.9720297706, -677615.9722182404, -677615.972385769, -677615.9726213483, -677615.9728307521, -677615.9730925069, -677615.9733438065, -677615.9736055819, -677615.973736471, -677615.973736471, -677615.9735846396, -677615.9734066303, -677615.972966856, -677615.9723176822, -677615.9717732139, -677615.9710141253, -677615.9704487158, -677615.9698623654, -677615.9687944502, -677615.9677318218, -677615.9664128554, -677615.9649054654, -677615.9632830432, -677615.961608285, -677615.9603364245, -677615.9587348226, -677615.956850585, -677615.9556258305, -677615.9542127532, -677615.9523289616, -677615.9499851457, -677615.9478092359, -677615.9453767457, -677615.9435456395, -677615.9408675968, -677615.9386448878, -677615.935863332, -677615.9328830936, -677615.9295901365, -677615.9265167098, -677615.9234846312, -677615.9200819089, -677615.9170498303, -677615.9139131972, -677615.9111947819, -677615.9073529986, -677615.904279572, -677615.9012061453, -677615.8983522492, -677615.8946202311, -677615.8908882131, -677615.8868641383, -677615.883900477, -677615.8802410717, -677615.8775226563, -677615.8743860234, -677615.8713064437, -677615.8682002897, -677615.8655647651, -677615.8628867223, -677615.8607108125, -677615.8582001474, -677615.855354727, -677615.8527653019, -677615.8500552648, -677615.8478579373, -677615.8455823819, -677615.8432283592, -677615.8404666276, -677615.8384580954, -677615.8361148081, -677615.833604143, -677615.8310934779, -677615.8284579532, -677615.8255770562, -677615.8229941829, -677615.8195438866, -677615.8166163624, -677615.8134797293, -677615.8105160679, -677615.8070657715, -677615.8041021102, -677615.800809153, -677615.7974749197, -677615.7947155542, -677615.7902689201, -677615.7866635412, -677615.7817736305, -677615.7779867373, -677615.7743506499, -677615.7703847331, -677615.7667793542, -677615.7629852266, -677615.7597659668, -677615.7565827749, -677615.7530702873, -677615.7493382692, -677615.746755396, -677615.7433050997, -677615.7403775755, -677615.7370318335, -677615.7338486416, -677615.7306074542, -677615.7276799299, -677615.7252794042, -677615.7230823163, -677615.720905695, -677615.7187290736, -677615.7168245299, -677615.7149199863, -677615.7133081586, -677615.7115812004, -677615.7100634506, -677615.70828402, -677615.706614627, -677615.7047725383, -677615.7028259536, -677615.7009262996, -677615.6992308871, -677615.6968502075, -677615.6949036228, -677615.6930198313, -677615.6910104535, -677615.6886297739, -677615.6867252303, -677615.6848206866, -677615.6826229298, -677615.6806135521, -677615.6789441591, -677615.6775625926, -677615.6757415939, -677615.6739570705, -677615.6717695901, -677615.6703880235, -677615.6689749461, -677615.6675095327, -677615.6658347744, -677615.6642802783],