{"x_mid": [], "x_goal": [2.26373544396223], "y_gps": [0.0, 0.0, 0.0, 0.0, 0.0, 0.0, 0.0, 0.0, 0.0, 0.0, 0.0, 0.0, 0.0, 0.0, 0.0, 0.0, 0.0, 0.0, 0.0, 0.0, 0.0, 0.0, 0.0, 0.0, 0.0, 0.0, 0.0, 0.0, 0.0, 0.0, 0.0, 0.0, 0.0, 0.0, 0.0], "x_gps": [0.0, 0.0, 0.0, 0.0, 0.0, 0.0, 0.0, 0.0, 0.0, 0.0, 0.0, 0.0, 0.0, 0.0, 0.0, 0.0, 0.0, 0.0, 0.0, 0.0, 0.0, 0.0, 0.0, 0.0, 0.0, 0.0, 0.0, 0.0, 0.0, 0.0, 0.0, 0.0, 0.0, 0.0, 0.0], "y": [0.20199094074391644, 0.20199094074391644, 0.20199094074391644, 0.20199094074391644, 0.20199094074391644, 0.20199094074391644, 0.20199094074391644, 0.20199094074391644, 0.20199094074391644, 0.20199094074391644, 0.20199094074391644, 0.20199094074391644, 0.20199094074391644, 0.20199094074391644, 0.20199094074391644, 0.20199094074391644, 0.20199094074391644, 0.20199094074391644, 0.20199094074391644, 0.20199094074391644, 0.20199094074391644, 0.20199094074391644, 0.20199094074391644, 0.20199094074391644, 0.20199094074391644, 0.20199094074391644, 0.20199094074391644, 0.20199094074391644, 0.20199094074391644, 0.20199094074391644, 0.20199094074391644, 0.20199094074391644, 0.20199094074391644, 0.20199094074391644, 0.20199094074391644, 0.20199094074391644, 0.20199094074391644, 0.20199094074391644, 0.20199094074391644, 0.20199094074391644, 0.20199094074391644, 0.20199094074391644, 0.20199094074391644, 0.20199094074391644, 0.20199094074391644, 0.20199094074391644, 0.20199094074391644, 0.20199094074391644, 0.20199094074391644, 0.20199094074391644, 0.20199094074391644, 0.20199094074391644, 0.20199094074391644, 0.20199094074391644, 0.20199094074391644, 0.20199094074391644, 0.20199094074391644, 0.20199094074391644, 0.20199094074391644, 0.20199094074391644, 0.20199094074391644, 0.20199094074391644, 0.20199094074391644, 0.20199094074391644, 0.20199094074391644, 0.20199094074391644, 0.20199094074391644, 0.20199094074391644, 0.20199094074391644, 0.20199094074391644, 0.20199094074391644, 0.20199094074391644, 0.20199094074391644, 0.20199094074391644, 0.20199094074391644, 0.20199094074391644, 0.20199094074391644, 0.20199094074391644, 0.20199094074391644, 0.20199094074391644, 0.20199094074391644, 0.20199094074391644, 0.20199094074391644, 0.20199094074391644, 0.20199094074391644, 0.20199094074391644, 0.20199094074391644, 0.20199094074391644, 0.20199094074391644, 0.20199094074391644, 0.20199094074391644, 0.20199094074391644, 0.20199094074391644, 0.20199094074391644, 0.20199094074391644, 0.20199094074391644, 0.20199094074391644, 0.20199094074391644, 0.20199094074391644, 0.20199094074391644, 0.20199094074391644, 0.20199094074391644, 0.20199094074391644, 0.20199094074391644, 0.20199094074391644, 0.20199094074391644, 0.20199094074391644, 0.20199094074391644, 0.20199094074391644, 0.20199094074391644, 0.20199094074391644, 0.20199094074391644, 0.20199094074391644, 0.20199094074391644, 0.20199094074391644, 0.20199094074391644, 0.20199094074391644, 0.20199094074391644, 0.20199094074391644, 0.20199094074391644, 0.20199094074391644, 0.20199094074391644, 0.20199094074391644, 0.20199094074391644, 0.20199094074391644, 0.20199094074391644, 0.20199094074391644, 0.20199094074391644, 0.20199094074391644, 0.20199094074391644, 0.20199094074391644, 0.20199094074391644, 0.20199094074391644, 0.20199094074391644, 0.20199094074391644, 0.20199094074391644, 0.20199094074391644, 0.20199094074391644, 0.20199094074391644, 0.20199094074391644, 0.20199094074391644, 0.20199094074391644, 0.20199094074391644, 0.20199094074391644, 0.20199094074391644, 0.20199094074391644, 0.20199094074391644, 0.20199094074391644, 0.20199094074391644, 0.20199094074391644, 0.20199094074391644, 0.20199094074391644, 0.20199094074391644, 0.20199094074391644, 0.20199094074391644, 0.20199094074391644, 0.20199094074391644, 0.20199094074391644, 0.20199094074391644, 0.20199094074391644, 0.20199094074391644, 0.20199094074391644, 0.20199094074391644, 0.20199094074391644, 0.20199094074391644, 0.20199094074391644, 0.20199094074391644, 0.20245269346730693, 0.20565164501754996, 0.21514833078735943, 0.22781057848043873, 0.24197736391722924, 0.2530436829932054, 0.2672085714104549, 0.2834886041586997, 0.29582741728106565, 0.30862322348203775, 0.3216852783327162, 0.33661334101920587, 0.35060839978778996, 0.36273745072056285, 0.377345911745747, 0.3964724920628119, 0.40953454691349034, 0.42446260959998, 0.43970044947186654, 0.4520392625942325, 0.4648350687952046, 0.4710992706662271, 0.47199415664780175, 0.4724368094108408, 0.4724368094108408, 0.4724368094108408, 0.4724368094108408, 0.4724368094108408, 0.4724368094108408, 0.4724368094108408, 0.4724368094108408, 0.4724368094108408, 0.4724368094108408, 0.4724368094108408, 0.4724368094108408, 0.4724368094108408, 0.4724368094108408, 0.4724368094108408, 0.4724368094108408, 0.4724368094108408, 0.4724368094108408, 0.4724368094108408, 0.4724368094108408, 0.4724368094108408, 0.4724368094108408, 0.4724368094108408, 0.47199895685420457, 0.47244160961724363, 0.47244160961724363, 0.47244160961724363, 0.47244160961724363, 0.47244160961724363, 0.47244160961724363, 0.47244160961724363, 0.47244160961724363, 0.47244160961724363, 0.47244160961724363, 0.47244160961724363, 0.47244160961724363, 0.47244160961724363, 0.47244160961724363, 0.47244160961724363, 0.47244160961724363, 0.47244160961724363, 0.47288905260803094, 0.47288905260803094, 0.47288905260803094, 0.47288905260803094, 0.47288905260803094, 0.47288905260803094, 0.47288905260803094, 0.47288905260803094, 0.47288905260803094, 0.47288905260803094, 0.47288905260803094, 0.47288905260803094, 0.47288905260803094, 0.47288905260803094, 0.47288905260803094, 0.47288905260803094, 0.47288905260803094, 0.47288905260803094, 0.47288905260803094, 0.47288905260803094, 0.47288905260803094, 0.47288905260803094, 0.47288905260803094, 0.47288905260803094, 0.47288905260803094, 0.47288905260803094, 0.47288905260803094, 0.47288905260803094, 0.47288905260803094, 0.47288905260803094, 0.47288905260803094, 0.47288905260803094, 0.47288905260803094, 0.47288905260803094, 0.47288905260803094, 0.47288905260803094, 0.47288905260803094, 0.47288905260803094, 0.47288905260803094, 0.47288905260803094, 0.47288905260803094, 0.47288905260803094, 0.47288905260803094, 0.47288905260803094, 0.47288905260803094, 0.47288905260803094, 0.47288905260803094, 0.47288905260803094, 0.47288905260803094, 0.47288905260803094, 0.47288905260803094, 0.47288905260803094, 0.47288905260803094, 0.47288905260803094, 0.47288905260803094, 0.47288905260803094, 0.47288905260803094, 0.47288905260803094, 0.47288905260803094, 0.47288905260803094, 0.47288905260803094, 0.47288905260803094, 0.47288905260803094, 0.47288905260803094, 0.47288905260803094, 0.47288905260803094, 0.47288905260803094, 0.47288905260803094, 0.47288905260803094, 0.47288905260803094, 0.47288905260803094, 0.47288905260803094, 0.47288905260803094, 0.47288905260803094, 0.47288905260803094, 0.47288905260803094, 0.47288905260803094, 0.47288905260803094, 0.47288905260803094, 0.47288905260803094, 0.47288905260803094, 0.47288905260803094, 0.47288905260803094],