{"x_mid": [], "x_goal": [-3.5976802630728506, -3.5299722806239955, 0.8088737463377622], "y_gps": [0.0, 0.0, 0.0, 0.0, 0.0, 0.0, 0.0, 0.0, 0.0, 0.0, 0.0, 0.0], "x_gps": [0.0, 0.0, 0.0, 0.0, 0.0, 0.0, 0.0, 0.0, 0.0, 0.0, 0.0, 0.0], "y": [-0.603855403128697, -0.603855403128697, -0.6040950576671882, -0.6052068494181584, -0.6073187454701044, -0.6101664111366762, -0.6137991136652142, -0.6182215341347387, -0.6222996189175584, -0.6265640957988855, -0.6303547419156208, -0.6344792679793703, -0.6387507664792279, -0.6421805149695697, -0.6457443395572285, -0.6494213682069563, -0.6524474252667024, -0.6554145582161383, -0.6583364968285382, -0.660865589754371, -0.6635816745239373, -0.6658962007236567, -0.6676941306358394, -0.6691992885459712, -0.6706065336006062, -0.6718620784367836, -0.6731181452770366, -0.6742015272079463, -0.6752225843644579, -0.6757369080909684, -0.6763706129680158, -0.6766203456070593, -0.6767468216519558, -0.6767709801376487, -0.6767061337874207, -0.6766603598931422, -0.6765608100715187, -0.6763380171826879, -0.6759083976451861, -0.6746019653057975, -0.673774514887856, -0.6728653011325831, -0.6719850134230058, -0.6712385045095818, -0.6703366511725635, -0.6697969024790092, -0.6685227710076335, -0.6685227710076335, -0.6685227710076335, -0.6676884693310821, -0.6667987479796487, -0.6677488947728306, -0.6677488947728306, -0.6677488947728306, -0.6656268858378901, -0.6656268858378901, -0.6656268858378901, -0.6667289657471075, -0.6667289657471075, -0.6667289657471075, -0.6667289657471075, -0.6677781502176399, -0.6677781502176399, -0.6677781502176399, -0.6677781502176399, -0.6677781502176399, -0.6677781502176399, -0.6670038861862286, -0.6677203161990817, -0.6670486236227211, -0.6670486236227211, -0.6670486236227211, -0.6676120287812033, -0.6676120287812033, -0.6625269028788418, -0.6559330498518771, -0.646743500775044, -0.638377559130571, -0.6296029532931671, -0.6205418703738915, -0.6100370977433162, -0.6004330375334376, -0.5889081652815833, -0.5758466433961484, -0.5650900959610845, -0.5519281872049786, -0.5423558899278107, -0.5300981952526131, -0.5194748598674419, -0.5069259474007327, -0.4943770349340235, -0.4815380362223959, -0.46784310426332637, -0.4544267079598992, -0.441736378282368, -0.42860845102974954, -0.4157789000992439, -0.4033917474766867, -0.3904232645078398, -0.3775937135773342, -0.36493856066362157, -0.3510756995589922, -0.33616069791068803, -0.3201747896066071, -0.30738606296334237, -0.29368385584555873, -0.27845434161020793, -0.26737833125722554], "x": [-2.599975081612563, -2.599975081612563, -2.6032745134667197, -2.6142454030170335, -2.6317618790047406, -2.653631419327808, -2.6787321951922167, -2.709289661461932, -2.7365540583862376, -2.7660201865748917, -2.792212300520362, -2.821698343968933, -2.854502654453534, -2.881856172333963, -2.9114152255632186, -2.943181654573167, -2.9716919212855055, -3.0024248461332066, -3.034269607499566, -3.065041676598126, -3.102435237611903, -3.1365407403689813, -3.1673641729433224, -3.1982032884834872, -3.2301508425853465, -3.262104718076425, -3.2984723982872404, -3.334845632284441, -3.375633050757422, -3.40099011974736, -3.4417853949828054, -3.464940916822167, -3.4858919875135674, -3.5046380083395774, -3.5233839325737275, -3.5366163496801866, -3.5487457294221394, -3.5586676005688074, -3.5663745916340757, -3.5784338203670454, -3.5838849166248203, -3.588201022519589, -3.591389874727894, -3.5934651058907017, -3.595477696384423, -3.596439276506947, -3.5982394012055603, -3.5982394012055603, -3.5982394012055603, -3.598960446070136, -3.59961187595971, -3.5990522456749385, -3.5990522456749385, -3.5990522456749385, -3.5996530268471973, -3.5996530268471973, -3.5996530268471973, -3.5996158131679064, -3.5996158131679064, -3.5996158131679064, -3.5996158131679064, -3.599955190437359, -3.599955190437359, -3.599955190437359, -3.599955190437359, -3.599955190437359, -3.599955190437359, -3.5991700279103047, -3.60000829577973, -3.5991337707274362, -3.5991337707274362, -3.5991337707274362, -3.6000816840207404, -3.6000816840207404, -3.590297104674655, -3.5763382279588405, -3.55508281110081, -3.534677002758769, -3.5120598998327948, -3.4883714584955907, -3.460513098431124, -3.4346724300452833, -3.403663627982275, -3.3685203189775317, -3.3395787703853905, -3.305653115996429, -3.2809799128044568, -3.2502534192353227, -3.2236237914754065, -3.1930150789623446, -3.1624063664492827, -3.1319181950071115, -3.099397478802129, -3.067956380537729, -3.0386036620194967, -3.008238780793739, -2.9789466457630422, -2.9506645843540937, -2.921433693139118, -2.8921415581084213, -2.863978396844731, -2.832731582097688, -2.7995392848940535, -2.7644108371433807, -2.7363080789428427, -2.7061979808708374, -2.6731488089602045, -2.649113047570653], "y_goal": [-0.671563385577552, -1.6692685670378395, 1.3005897966751792], "radius": [], "y_mid": []}