{"lat_start": [57.686865], "x_gps": [6397752.514891191, 6397752.514891191, 6397752.877031186, 6397753.239171192, 6397753.795486496, 6397754.161994939, 6397754.5285033835, 6397754.903748679, 6397755.270257125, 6397755.4513271395, 6397755.5201109005, 6397755.847741113, 6397756.409871493, 6397757.000275892, 6397757.740358375, 6397758.067988586, 6397758.601844933, 6397758.929475154], "y_goal": [-677601.858562414], "x_ordometry": [6397752.514891191, 6397752.514891191, 6397752.515993887, 6397752.524815451, 6397752.5512777595, 6397752.581045507, 6397752.625135931, 6397752.680261389, 6397752.730976811, 6397752.778379896, 6397752.832402844, 6397752.884229537, 6397752.921721187, 6397752.96362362, 6397753.0143476175, 6397753.065071614, 6397753.110282644, 6397753.1499801325, 6397753.190779869, 6397753.2315800665, 6397753.276790585, 6397753.322001615, 6397753.366107947, 6397753.411318466, 6397753.4609380895, 6397753.503943218, 6397753.546948831, 6397753.595467984, 6397753.63406233, 6397753.681476637, 6397753.7211723365, 6397753.759763202, 6397753.802766875, 6397753.849078525, 6397753.89759549, 6397753.942806009, 6397753.986913833, 6397754.026610875, 6397754.068513307, 6397754.11151892, 6397754.157830569, 6397754.2041422175, 6397754.240531173, 6397754.290153034, 6397754.332055938, 6397754.38167724, 6397754.424680914, 6397754.483118511, 6397754.519506235, 6397754.564712678, 6397754.611025892, 6397754.659540123, 6397754.700338481, 6397754.7455449235, 6397754.785238385, 6397754.829342232, 6397754.866830502, 6397754.909834175, 6397754.955044695, 6397755.003563302, 6397755.043260342, 6397755.085162776, 6397755.129270599, 6397755.175583814, 6397755.214178595, 6397755.2538760835, 6397755.299086602, 6397755.343194427, 6397755.389507641, 6397755.433615466, 6397755.475517898, 6397755.524036504, 6397755.574760501, 6397755.622176946, 6397755.6640798515, 6397755.705982756, 6397755.753398667, 6397755.795301099, 6397755.8372035315, 6397755.882412522, 6397755.930929488, 6397755.986062403, 6397756.02686214, 6397756.069867753, 6397756.113976074, 6397756.155878979, 6397756.194473324, 6397756.245197322, 6397756.292611629, 6397756.330102012, 6397756.372003027, 6397756.4194189375, 6397756.463526762, 6397756.502121543, 6397756.561667776, 6397756.604672904, 6397756.65319151, 6397756.692888551, 6397756.729276275, 6397756.778897577, 6397756.827416183, 6397756.867113225, 6397756.907911582, 6397756.9520179145, 6397756.995023043, 6397757.041336258, 6397757.085444082, 6397757.133958313, 6397757.180267352, 6397757.22547838, 6397757.266278117, 6397757.315897741, 6397757.364414707, 6397757.407419834, 6397757.450425448, 6397757.494533769, 6397757.535333506, 6397757.576133702, 6397757.621344222, 6397757.664347895, 6397757.713964723, 6397757.755863377, 6397757.808792766, 6397757.85290059, 6397757.899213805, 6397757.942219418, 6397757.990738571, 6397758.032639586, 6397758.077846029, 6397758.117539491, 6397758.159438144, 6397758.2079523755, 6397758.256470982, 6397758.292860347, 6397758.3413795, 6397758.375563064, 6397758.425184924, 6397758.4681861745, 6397758.511189849, 6397758.557503586, 6397758.603817322, 6397758.653438624, 6397758.697546448, 6397758.747166072, 6397758.785760418, 6397758.833174725, 6397758.872865055, 6397758.913661113, 6397758.955559767, 6397759.005179391, 6397759.05810699, 6397759.100009894, 6397759.141912799, 6397759.187123318, 6397759.23674518, 6397759.2687204685, 6397759.299593161, 6397759.331558718], "x_goal": [6397759.514890873], "lon": [11.979256666666666, 11.979256666666666, 11.979256666666666, 11.979253333333334, 11.97925, 11.97925, 11.979248333333333, 11.979246666666667, 11.979248333333333, 11.979246666666667, 11.979245, 11.979245, 11.979243333333333, 11.979245, 11.979248333333333, 11.97925, 11.979248333333333, 11.979248333333333, 11.979246666666667], "k2": 0.0032142857142857142, "k1": 0.2528409090909091, "m1": -2295215.325034056, "y_gps": [-677601.856451116, -677601.856451116, -677601.6415055001, -677601.4265599184, -677601.4020903689, -677601.2864610915, -677601.1708318333, -677601.2538350404, -677601.138205799, -677601.0307330799, -677600.2390492351, -677600.0381587083, -677599.9750896911, -677600.0073273238, -677599.8914663123, -677599.6905758106, -677599.5322000518, -677599.3313095806], "m2": -698166.0583642544, "y_ordometry": [-677601.856451116, -677601.856451116, -677601.8564458805, -677601.8564039959, -677601.8560270465, -677601.8554616371, -677601.8542052662, -677601.8531582119, -677601.8521949218, -677601.8510693765, -677601.8500432632, -677601.8497971916, -677601.8496191823, -677601.8498181339, -677601.8500589699, -677601.8498181339, -677601.8498181339, -677601.8498181339, -677601.8496244178, -677601.8496244178, -677601.849839076, -677601.849839076, -677601.8494202355, -677601.8492055772, -677601.8487343815, -677601.8485301944, -677601.8485301944, -677601.8485301944, -677601.8487134392, -677601.8491636929, -677601.8495406494, -677601.8500903675, -677601.8504987371, -677601.8509385198, -677601.8513992445, -677601.8516139027, -677601.8518233254, -677601.8520118057, -677601.8522107573, -677601.8522107573, -677601.8517709747, -677601.851331192, -677601.8511584183, -677601.8511584183, -677601.8511584183, -677601.8509228178, -677601.8505144481, -677601.849682018, -677601.8493364746, -677601.8486925191, -677601.8484726254, -677601.8477815513, -677601.8473941237, -677601.8467501684, -677601.846184744, -677601.8455564949, -677601.8450224831, -677601.8446141136, -677601.8443994554, -677601.8441690904, -677601.8439806099, -677601.8437816584, -677601.8435722358, -677601.8433523419, -677601.8433523419, -677601.8433523419, -677601.8435670001, -677601.8437764229, -677601.8439963167, -677601.843786894, -677601.8435879424, -677601.8433575775, -677601.8435984135, -677601.8435984135, -677601.8435984135, -677601.8435984135, -677601.8438235429, -677601.8440224945, -677601.8442214461, -677601.8437921344, -677601.8433314097, -677601.842807859, -677601.8426141429, -677601.8426141429, -677601.8426141429, -677601.8426141429, -677601.8424308981, -677601.842190062, -677601.8417398083, -677601.8413837937, -677601.8409858951, -677601.8407607658, -677601.8405513432, -677601.8405513432, -677601.8405513432, -677601.840347156, -677601.840577521, -677601.8407660014, -677601.8411115449, -677601.8413471454, -677601.8415775103, -677601.8417659907, -677601.8421534183, -677601.842572259, -677601.8427764461, -677601.8429963399, -677601.8432057626, -677601.8425146885, -677601.8418550269, -677601.8418550269, -677601.8420487429, -677601.8415775471, -677601.8411168224, -677601.8413210096, -677601.8413210096, -677601.8413210096, -677601.8411272937, -677601.8411272937, -677601.8413419519, -677601.8417503214, -677601.8424571018, -677601.8430539385, -677601.8433052456, -677601.843095823, -677601.8428759292, -677601.8428759292, -677601.8428759292, -677601.8432738278, -677601.8439177831, -677601.8444832073, -677601.8450800441, -677601.8457711182, -677601.846001483, -677601.846001483, -677601.846001483, -677601.8461637857, -677601.8461637857, -677601.8455512427, -677601.8451428731, -677601.8451428731, -677601.8451428731, -677601.8453784736, -677601.8455878963, -677601.846059092, -677601.8462423369, -677601.8466925905, -677601.8474464697, -677601.8480276001, -677601.8486244369, -677601.8490956326, -677601.8495982413, -677601.8495982413, -677601.8495982413, -677601.8493835831, -677601.8493835831, -677601.8498390637, -677601.8502788381, -677601.8511897069], "covariance": [144.0, 144.0, 144.0, 144.0, 144.0, 144.0, 144.0, 110.25, 144.0, 110.25, 144.0, 110.25, 110.25, 225.0, 182.25, 225.0, 272.25, 182.25], "y_mid": [],