{"lat_start": [57.68431666666667], "x_gps": [6397469.154314401, 6397469.154314401, 6397469.154314401, 6397469.158683123, 6397469.158683123, 6397469.158683123, 6397469.163051849, 6397469.348490224, 6397469.348490224, 6397469.352858952, 6397469.49963554, 6397469.572956846, 6397469.572956846, 6397469.572956846, 6397469.646278156, 6397469.447599634, 6397469.447599634, 6397469.572956846], "y_goal": [-677618.3048859725], "x_ordometry": [6397469.154314401, 6397469.154314401, 6397469.154314401, 6397469.154314401, 6397469.154314401, 6397469.154314401, 6397469.154314401, 6397469.154314401, 6397469.154314401, 6397469.154314401, 6397469.154314401, 6397469.154314401, 6397469.154314401, 6397469.154314401, 6397469.154314401, 6397469.154314401, 6397469.154314401, 6397469.154314401, 6397469.154314401, 6397469.154314401, 6397469.154314401, 6397469.154314401, 6397469.154314401, 6397469.154314401, 6397469.154314401, 6397469.154314401, 6397469.154314401, 6397469.154314401, 6397469.154314401, 6397469.154314401, 6397469.154314401, 6397469.154314401, 6397469.154314401, 6397469.154314401, 6397469.154314401, 6397469.154314401, 6397469.154314401, 6397469.154314401, 6397469.154314401, 6397469.154314401, 6397469.154314401, 6397469.154314401, 6397469.154314401, 6397469.154314401, 6397469.154314401, 6397469.154314401, 6397469.154314401, 6397469.154314401, 6397469.154314401, 6397469.154314401, 6397469.154314401, 6397469.154314401, 6397469.154314401, 6397469.154314401, 6397469.154314401, 6397469.154314401, 6397469.154314401, 6397469.154314401, 6397469.154314401, 6397469.154314401, 6397469.154314401, 6397469.154314401, 6397469.154314401, 6397469.154314401, 6397469.154314401, 6397469.154314401, 6397469.154314401, 6397469.154314401, 6397469.154314401, 6397469.154314401, 6397469.154314401, 6397469.154314401, 6397469.154314401, 6397469.154314401, 6397469.154314401, 6397469.154314401, 6397469.154314401, 6397469.154314401, 6397469.154314401, 6397469.154314401, 6397469.154314401, 6397469.154314401, 6397469.154314401, 6397469.154314401, 6397469.154314401, 6397469.154314401, 6397469.154314401, 6397469.154314401, 6397469.154314401, 6397469.154314401, 6397469.154314401, 6397469.154314401, 6397469.154314401, 6397469.154314401, 6397469.154314401, 6397469.154314401, 6397469.155417096, 6397469.1543143885, 6397469.1543143885, 6397469.1543143885, 6397469.1543143885, 6397469.1543143885, 6397469.1543143885, 6397469.1543143885, 6397469.1543143885, 6397469.1543143885, 6397469.1543143885, 6397469.1543143885, 6397469.1543143885, 6397469.1543143885, 6397469.1543143885, 6397469.1543143885, 6397469.1543143885, 6397469.1543143885, 6397469.1543143885, 6397469.1543143885, 6397469.1543143885, 6397469.1543143885, 6397469.1543143885, 6397469.1543143885, 6397469.1543143885, 6397469.1543143885, 6397469.1543143885, 6397469.1543143885, 6397469.1543143885, 6397469.1543143885, 6397469.1543143885, 6397469.1543143885, 6397469.1543143885, 6397469.1543143885, 6397469.1543143885, 6397469.1543143885, 6397469.1543143885, 6397469.1543143885, 6397469.1543143885, 6397469.1543143885, 6397469.1543143885, 6397469.1543143885, 6397469.1543143885, 6397469.1543143885, 6397469.1543143885, 6397469.1543143885, 6397469.1543143885, 6397469.1543143885, 6397469.1543143885, 6397469.1543143885, 6397469.1543143885, 6397469.1543143885, 6397469.1543143885, 6397469.1543143885, 6397469.1543143885, 6397469.1543143885, 6397469.1543143885], "x_goal": [6397519.1543142125], "lon": [11.979323333333333, 11.979323333333333, 11.979323333333333, 11.979323333333333, 11.979325, 11.979325, 11.979325, 11.979326666666667, 11.979326666666667, 11.979326666666667, 11.979328333333333, 11.979328333333333, 11.97933, 11.97933, 11.97933, 11.979331666666667, 11.97933, 11.97933, 11.97933], "k2": Infinity, "k1": -0.6875, "m1": 3720641.6681562727, "y_gps": [-677618.3005447739, -677618.3005447739, -677618.3005447739, -677618.3998680353, -677618.3998680353, -677618.3998680353, -677618.4991912983, -677618.4910348044, -677618.4910348044, -677618.5903580611, -677618.3650815157, -677618.4322245063, -677618.4322245063, -677618.4322245063, -677618.4993674952, -677618.5691167567, -677618.5691167567, -677618.4322245063], "m2": -Infinity, "y_ordometry": [-677618.3005447739, -677618.3005447739, -677618.3005447739, -677618.3005447739, -677618.3005447739, -677618.3005447739, -677618.3005447739, -677618.3005447739, -677618.3005447739, -677618.3005447739, -677618.3005447739, -677618.3005447739, -677618.3005447739, -677618.3005447739, -677618.3005447739, -677618.3005447739, -677618.3005447739, -677618.3005447739, -677618.3005447739, -677618.3005447739, -677618.3005447739, -677618.3005447739, -677618.3005447739, -677618.3005447739, -677618.3005447739, -677618.3005447739, -677618.3005447739, -677618.3005447739, -677618.3005447739, -677618.3005447739, -677618.3005447739, -677618.3005447739, -677618.3005447739, -677618.3005447739, -677618.3005447739, -677618.3005447739, -677618.3005447739, -677618.3005447739, -677618.3005447739, -677618.3005447739, -677618.3005447739, -677618.3005447739, -677618.3005447739, -677618.3005447739, -677618.3005447739, -677618.3005447739, -677618.3005447739, -677618.3005447739, -677618.3005447739, -677618.3005447739, -677618.3005447739, -677618.3005447739, -677618.3005447739, -677618.3005447739, -677618.3005447739, -677618.3005447739, -677618.3005447739, -677618.3005447739, -677618.3005447739, -677618.3005447739, -677618.3005447739, -677618.3005447739, -677618.3005447739, -677618.3005447739, -677618.3005447739, -677618.3005447739, -677618.3005447739, -677618.3005447739, -677618.3005447739, -677618.3005447739, -677618.3005447739, -677618.3005447739, -677618.3005447739, -677618.3005447739, -677618.3005447739, -677618.3005447739, -677618.3005447739, -677618.3005447739, -677618.3005447739, -677618.3005447739, -677618.3005447739, -677618.3005447739, -677618.3005447739, -677618.3005447739, -677618.3005447739, -677618.3005447739, -677618.3005447739, -677618.3005447739, -677618.3005447739, -677618.3005447739, -677618.3005447739, -677618.3005447739, -677618.3005447739, -677618.3005447739, -677618.3005447739, -677618.3005447739, -677618.3005500095, -677618.3005500095, -677618.3005500095, -677618.3005500095, -677618.3005500095, -677618.3005500095, -677618.3005500095, -677618.3005500095, -677618.3005500095, -677618.3005500095, -677618.3005500095, -677618.3005500095, -677618.3005500095, -677618.3005500095, -677618.3005500095, -677618.3005500095, -677618.3005500095, -677618.3005500095, -677618.3005500095, -677618.3005500095, -677618.3005500095, -677618.3005500095, -677618.3005500095, -677618.3005500095, -677618.3005500095, -677618.3005500095, -677618.3005500095, -677618.3005500095, -677618.3005500095, -677618.3005500095, -677618.3005500095, -677618.3005500095, -677618.3005500095, -677618.3005500095, -677618.3005500095, -677618.3005500095, -677618.3005500095, -677618.3005500095, -677618.3005500095, -677618.3005500095, -677618.3005500095, -677618.3005500095, -677618.3005500095, -677618.3005500095, -677618.3005500095, -677618.3005500095, -677618.3005500095, -677618.3005500095, -677618.3005500095, -677618.3005500095, -677618.3005500095, -677618.3005500095, -677618.3005500095, -677618.3005500095, -677618.3005500095, -677618.3005500095, -677618.3005500095], "covariance": [110.25, 110.25, 110.25, 110.25, 110.25, 110.25, 110.25, 110.25, 110.25, 110.25, 110.25, 110.25, 110.25, 110.25, 110.25, 110.25, 110.25, 110.25], "y_mid": [],