{"lon_start": [-0.0], "x_goal": [166022.2507948285], "x_gps": [0.0, 0.0, 0.0, 0.0, 0.0, 0.0, 0.0, 0.0, 0.0, 0.0, 0.0, 0.0, 0.0, 0.0], "angle": [-0.9400973241068445, -0.9400912317563687, -0.9400973241207635, -0.9401064627137516, -0.9400958010215453, -0.9401003702936814, -0.9401003703493573, -0.9400973241068445, -0.9400912317563689, -0.9401034164944373, -0.9400973241068445, -0.9400836162834767, -0.9400881855834503, -0.9401125552266156, -0.9400912317563689, -0.9400820932190556, -0.9400988472292608, -0.9400881855834503, -0.9400912317563689, -0.9400912317563689, -0.9400988472292608, -0.9400912317563689, -0.9400912317563689, -0.9400912317563687, -0.9400912317563689, -0.9400912317563689, -0.9401003702936814, -0.9400912317563689, -0.9400912317563687, -0.9400912317563687, -0.9400958010215453, -0.9400912317563689, -0.9401186475910085, -0.9400851394058929, -0.9400912317563689, -0.9400912317563689, -0.9400820931633803, -0.9400881855834503, -0.9400638159217288, -0.9401003702936814, -0.9400851393919739, -0.9448345980051127, -0.9448345980051127, -0.94483916727029, -0.9448391672702897, -0.9448467827431818, -0.94483916727029, -0.9448437365354666, -0.9400942779292868, -0.9400942779292868, -0.9400912317563689, -0.9400912317563689, -0.9400973241207635, -0.9400912317563689, -0.9400912317563687, -0.9400851394058929, -0.9400912317563687, -0.9400942779292868, -0.9400912317563689, -0.9400912317563689, -0.9400897086710694, -0.9400912317563687, -0.9400912317563687, -0.9400942779292868, -0.9401125552266156, -0.9400912317563687, -0.9353311115043792, -0.9258352404765369, -0.9305496669284348, -0.9494271599889427, -0.9637852155258819, -0.9638248169754983, -0.9495642563191393, -0.9400988472292608, -0.9305953607285267, -0.9353006477104653, -0.9448604915200445, -0.944903140149449, -0.9496861081539844, -0.9448757219762991, -0.9496145188972359, -0.9448696292778467, -0.9448437365354666, -0.9448452596207656, -0.9448391672702897, -0.9448391672702895, -0.9448452596207656, -0.9448513520083583, -0.9448452596207656, -0.944842213443208, -0.9448437365354666, -0.9448528750936578, -0.9448483058076024, -0.9448452596207656, -0.9448528750936578, -0.9448483058076024, -0.9448452596207656, -0.9448483058076024, -0.9448452596346846, -0.9448513520083583, -0.9448483058076024, -0.9448437365354666, -0.9448483058076024, -0.9448437365354666, -0.944842213443208, -0.9448483058076024, -0.9448528750936578, -0.9448513520083583, -0.944842213443208, -0.9448513520083583, -0.9448513520083583, -0.9448483058076024, -0.9448452596346846, -0.9448483058076024, -0.9448513520083583, -0.9448543982276729, -0.9448483058076024, -0.9448513520083583, -0.9448483058076024, -0.9448513520083583, -0.9448528750936578, -0.9448574444005906], "lon": [-0.0, -0.0, -0.0, -0.0, -0.0, -0.0, -0.0, -0.0, -0.0, -0.0, -0.0, -0.0, -0.0, -0.0], "covariance": [[0.0, 0.0, 0.0, 0.0, 0.0, 0.0, 0.0, 0.0, 0.0], [0.0, 0.0, 0.0, 0.0, 0.0, 0.0, 0.0, 0.0, 0.0], [0.0, 0.0, 0.0, 0.0, 0.0, 0.0, 0.0, 0.0, 0.0], [0.0, 0.0, 0.0, 0.0, 0.0, 0.0, 0.0, 0.0, 0.0], [0.0, 0.0, 0.0, 0.0, 0.0, 0.0, 0.0, 0.0, 0.0], [0.0, 0.0, 0.0, 0.0, 0.0, 0.0, 0.0, 0.0, 0.0], [0.0, 0.0, 0.0, 0.0, 0.0, 0.0, 0.0, 0.0, 0.0], [0.0, 0.0, 0.0, 0.0, 0.0, 0.0, 0.0, 0.0, 0.0], [0.0, 0.0, 0.0, 0.0, 0.0, 0.0, 0.0, 0.0, 0.0], [0.0, 0.0, 0.0, 0.0, 0.0, 0.0, 0.0, 0.0, 0.0], [0.0, 0.0, 0.0, 0.0, 0.0, 0.0, 0.0, 0.0, 0.0], [0.0, 0.0, 0.0, 0.0, 0.0, 0.0, 0.0, 0.0, 0.0], [0.0, 0.0, 0.0, 0.0, 0.0, 0.0, 0.0, 0.0, 0.0], [0.0, 0.0, 0.0, 0.0, 0.0, 0.0, 0.0, 0.0, 0.0]], "y_mid": [], "lat_start": [-0.0], "lat": [-0.0, -0.0, -0.0, -0.0, -0.0, -0.0, -0.0, -0.0, -0.0, -0.0, -0.0, -0.0, -0.0, -0.0], "x_mid": [], "radius": [], "y_gps": [0.0, 0.0, 0.0, 0.0, 0.0, 0.0, 0.0, 0.0, 0.0, 0.0, 0.0, 0.0, 0.0, 0.0], "angle_north": [0, 0, 0, 0, 0, 0, 0, 0, 0, 0, 0, 0, 0, 0], "y": [-0.07753412407531023, -0.07753412407531023, -0.07753412407531023, -0.07753412407531023, -0.07753412407531023, -0.07753412407531023, -0.07753412407531023, -0.07753412407531023, -0.07753412407531023, -0.07753412407531023, -0.07753412407531023, -0.07753412407531023, -0.07753412407531023, -0.07753412407531023, -0.07753412407531023, -0.07753412407531023, -0.07753412407531023, -0.07753412407531023, -0.07753412407531023, -0.07753412407531023, -0.07753412407531023, -0.07753412407531023, -0.07753412407531023, -0.07753412407531023, -0.07753412407531023, -0.07753412407531023, -0.07753412407531023, -0.07753412407531023, -0.07753412407531023, -0.07753412407531023, -0.07753412407531023, -0.07753412407531023, -0.07753412407531023, -0.07753412407531023, -0.07753412407531023, -0.07753412407531023, -0.07753412407531023, -0.07753412407531023, -0.07753412407531023, -0.07753412407531023, -0.07753412407531023, -0.07688807696861229, -0.07688807696861229, -0.07688807696861229, -0.07688807696861229, -0.07688807696861229, -0.07688807696861229, -0.07688807696861229, -0.07753835971108904, -0.07753835971108904, -0.07753835971108904, -0.07753835971108904, -0.07753835971108904, -0.07753835971108904, -0.07753835971108904, -0.07753835971108904, -0.07753835971108904, -0.07753835971108904, -0.07753835971108904, -0.07753835971108904, -0.07753835971108904, -0.07753835971108904, -0.07753835971108904, -0.07623779422613554, -0.07623779422613554, -0.07233609777127503, -0.06382754942388892, -0.061175944167171876, -0.057882394461152134, -0.05146442538938652, -0.04203002710086114, -0.03196666892643407, -0.023623309133138773, -0.01581991622341776, -0.007915396928970381, 0.0032111662945345266, 0.013547920001701541, 0.026468862135660312, 0.037379409557661857, 0.03931755087775567, 0.03867575397057911, 0.03932180107727705, 0.03932180107727705, 0.03932180107727705, 0.03932180107727705, 0.03932180107727705, 0.03932180107727705, 0.03932180107727705, 0.03932180107727705, 0.03932180107727705, 0.03932180107727705, 0.03932180107727705, 0.03932180107727705, 0.03932180107727705, 0.03932180107727705, 0.03932180107727705, 0.03932180107727705, 0.03932180107727705, 0.03932180107727705, 0.03932180107727705, 0.03932180107727705, 0.03932180107727705, 0.03932180107727705, 0.03932180107727705, 0.03932180107727705, 0.03932180107727705, 0.03932180107727705, 0.03932180107727705, 0.03932180107727705, 0.03932180107727705, 0.03932180107727705, 0.03932180107727705, 0.03932180107727705, 0.03932180107727705, 0.03932180107727705, 0.03932180107727705, 0.03932180107727705, 0.03932180107727705, 0.03932180107727705, 0.03932180107727705, 0.03932180107727705, 0.03932180107727705],