{"x_mid": [1.3049653349307766], "x_goal": [0.4384632931091128], "y_gps": [0.0, 0.0, 0.0, 0.0, 0.0, 0.0, 0.0], "x_gps": [0.0, 0.0, 0.0, 0.0, 0.0, 0.0, 0.0], "y": [1.2874993590127413, 1.2874993590127413, 1.2874993590127413, 1.2891097086317933, 1.2931082499741497, 1.2977295610387363, 1.3033907205504582, 1.3084954832109645, 1.3126512015023364, 1.3146669994203168, 1.3166366367478395, 1.3181339023927463, 1.31955939350608, 1.321801754467417, 1.323627351215112, 1.3256735253241523, 1.3278406537323455, 1.3320784326114112, 1.3373281981220146, 1.3420514039707645, 1.3451870896209561, 1.3476018082958012, 1.3494229939089006, 1.350457873340977, 1.3516784688850243, 1.3531451191991035, 1.3545958820218014, 1.355957152064603, 1.3574767623730963, 1.359873721187153, 1.3636727469583863, 1.3694729888673907, 1.3725286833135917, 1.3754537115019216, 1.3770498120756514, 1.377642753460465, 1.3778776883884183, 1.3782997078587045, 1.3787463263952702, 1.3794272929370586, 1.3805551448358802, 1.3816750325680915, 1.3833503681423287, 1.3856413826607836, 1.3880207978262535, 1.3901416066427679, 1.3910997012413484, 1.3913656218892256, 1.391588402554966, 1.3920674498542562, 1.392603392098135, 1.3936294381908103, 1.3943400345344767, 1.3955914905241347, 1.3970874934520003, 1.3989156360697066, 1.4003295086140495, 1.4014344090891526, 1.4014419098681197, 1.4009709734681368, 1.4007649024302358, 1.4007988160609484, 1.4010211690802534, 1.4012530947270359, 1.401526836040916, 1.401526836040916, 1.401463626958377], "x": [2.1714673767524406, 2.1714673767524406, 2.1714673767524406, 2.168577660682917, 2.1607142373747132, 2.150702245441684, 2.136339780127841, 2.1206065821175506, 2.1034596569866446, 2.093742161297103, 2.0840152042950173, 2.077570599185256, 2.0722445218584156, 2.064858447018137, 2.0596559167567654, 2.054536122217805, 2.0494663412493526, 2.0392860795339125, 2.024768190603624, 2.0077688270134044, 1.9926527226074506, 1.9774048286338597, 1.9642982562104019, 1.9577634445074343, 1.9512607615265387, 1.9448091201626385, 1.9394898709827302, 1.9352943515133194, 1.9311535515594511, 1.9249867592104344, 1.914634759325764, 1.894502184897663, 1.8816273377459427, 1.8642281640282163, 1.8466571794536206, 1.8290238174237547, 1.8168963045430726, 1.8080847406320955, 1.8025893192207318, 1.797117993131506, 1.7905985844523005, 1.7851999757358883, 1.7776650215262846, 1.7668785600629993, 1.7538617501158948, 1.7374576563763768, 1.7220495029617497, 1.7110256295666249, 1.7033098889669092, 1.6956058122595956, 1.6890113065659593, 1.6813608481716646, 1.677007631822343, 1.6705108174231067, 1.662938218168759, 1.65206373459518, 1.641127672102168, 1.624623996257338, 1.6047752532586517, 1.590447786586502, 1.581628529604314, 1.5750123683836492, 1.5683998576224496, 1.5639951271832515, 1.5595927976362152, 1.5595927976362152, 1.5606936925431485], "y_goal": [2.2858464159401155], "radius": [1], "y_mid": [1.7866728874764284]}