{"x_mid": [1.6115275771522737], "x_goal": [2.5604607826281094], "y_gps": [0.0, 0.0, 0.0, 0.0, 0.0, 0.0, 0.0, 0.0, 0.0, 0.0, 0.0, 0.0, 0.0, 0.0, 0.0, 0.0, 0.0, 0.0], "x_gps": [0.0, 0.0, 0.0, 0.0, 0.0, 0.0, 0.0, 0.0, 0.0, 0.0, 0.0, 0.0, 0.0, 0.0, 0.0, 0.0, 0.0, 0.0], "y": [0.9115529934734903, 0.9115529934734903, 0.9122487133798988, 0.9147184832405574, 0.9189523744302578, 0.924438579211787, 0.929239008395625, 0.9341578895002739, 0.9398803294368318, 0.9450286391384022, 0.9512469668260939, 0.955258583187629, 0.959705969168453, 0.9642384450184261, 0.9701122361650323, 0.9735382498674221, 0.976339907667464, 0.9792808682307232, 0.9815382538276748, 0.9831912334269847, 0.9847412378698082, 0.9858461412722465, 0.9864331148443057, 0.9863590687366077, 0.985990168409603, 0.9852537906032434, 0.9838907833376798, 0.9817973943590355, 0.9786180603182585, 0.975756621164617, 0.9725458897559387, 0.9690405906114158, 0.9642049791457489, 0.9605127711038217, 0.9554887951452483, 0.9506010032891828, 0.9449611021713824, 0.9386220728374289, 0.9316839385219664, 0.9243494989595461, 0.9161321103034965, 0.9074031254069983, 0.8981674634530359, 0.8884303291603334, 0.8785906785109275, 0.8693992463716718, 0.8581917337822141, 0.8482571753582635, 0.837837193380688, 0.8264181312073268, 0.810633304927454, 0.7982324799321866, 0.7861826264866228, 0.7723001530070719, 0.7579351975761307, 0.7424391554064256, 0.7279093174736284, 0.7121683767350121, 0.6977400724332322, 0.68128373418576, 0.6644158610560553, 0.6454235691497991, 0.62965270111077, 0.612708385418508, 0.5926901885357392, 0.5722897732805775, 0.5495069700540542, 0.5312226067192827, 0.5017600191277033, 0.48486689588630605, 0.4648146611515207, 0.4465396095579512, 0.42394284499086715, 0.40425200127254846, 0.38439679810931904, 0.3654696667609197, 0.3453468718943326, 0.3218638325831781, 0.30361127579749436, 0.2852624333005328, 0.2624900483776944, 0.23633822952213338, 0.21556425633494466, 0.1892361846934074, 0.16945539857695383, 0.1474337270194729, 0.12539330166391705, 0.10444324788934409, 0.08569860307445287, 0.06365515977765429, 0.04053320059772528, 0.019646525374914417, 0.000981323213324465, -0.019827771259180643, -0.04383232030331846, -0.06341435177307654, -0.08726835850692533, -0.10993158479470838, -0.13247553190325428, -0.15702196798837184, -0.17509596776668016, -0.19829299738151365, -0.22445428441135942, -0.2410888362388593, -0.2617386865911651, -0.28223774961784526, -0.30159981121245566, -0.32076640786987515, -0.3398105336585516, -0.3576919472625824, -0.37840831380977197, -0.39794747911440015, -0.41627381402161173, -0.4335434750583667, -0.45352678221394577, -0.4704617811724062, -0.4890566043818218, -0.5092595060168507, -0.5292037170664133, -0.5444615781232164, -0.5648926009001134, -0.5798340575708324, -0.5971561377350341, -0.6176278117685716, -0.6311688030281262, -0.6461580275499734, -0.6634274694782514, -0.6772281921846954, -0.6908468132530238, -0.7119846318247814, -0.7266477263715025, -0.7426170691494959, -0.7611489438168965, -0.7756616990098267, -0.7920776678071677, -0.8066429293036386, -0.8228952202640714, -0.8355247931303421, -0.849778280369663, -0.8616822016600328, -0.8750840843730892, -0.8857330839165599, -0.8944075337432049, -0.9006210476228013, -0.904416624886144, -0.9065121970288997, -0.9085336841996988, -0.9133061868780361, -0.9192019318529516, -0.9247858457984856, -0.9323012279809993, -0.9381582987084406, -0.9430057622226529, -0.9488792159410161, -0.9546021644963814, -0.9603969655779271, -0.9649980955090501, -0.9697021266114291, -0.974102931947246, -0.9779628299059135, -0.9808239216976716, -0.9837753900440437, -0.9860856346467133, -0.9878871082231565, -0.989033608653212, -0.9894330328840306], "x": [0.6625943716764383, 0.6625943716764383, 0.6646871769107435, 0.6720003513967319, 0.6845372219441405, 0.7013059008741358, 0.7159784949378817, 0.7317707946478489, 0.7507767499267102, 0.7688019763513172, 0.7922510584897381, 0.8082978355997675, 0.827641915128842, 0.8492253035644018, 0.881780903134529, 0.9024503440901287, 0.920985839605844, 0.9450664916595422, 0.9670048189421205, 0.9856778352728022, 1.0065718737894034, 1.0308062758005363, 1.049543120317886, 1.0881378300959392, 1.1057773014176904, 1.1267158091733136, 1.149832529728751, 1.1751082730262337, 1.2036018541348743, 1.2254695965803315, 1.246173571153522, 1.2668297139980464, 1.2917267487293003, 1.3089794191236848, 1.330453721423376, 1.3496912406413357, 1.3698693197047012, 1.3909928303218813, 1.411927210797822, 1.4327260566791695, 1.4543758853556183, 1.4758245538625645, 1.497059974892445, 1.5180701813124218, 1.5378076398314027, 1.5553999742449773, 1.5756640365129755, 1.5928476683703767, 1.6097413544831405, 1.6273074689763032, 1.649908738287034, 1.6667960974276084, 1.6825686586283146, 1.6997052546666302, 1.716439472579575, 1.733647413627791, 1.748742020908295, 1.7641889875475485, 1.7778197134953777, 1.792502183491112, 1.8067099577633556, 1.8218036617658024, 1.8338557311393628, 1.846178617368934, 1.859882589272314, 1.8730108073457195, 1.8864770506249842, 1.896706684868106, 1.911750767366315, 1.9198770375804168, 1.9290582072135254, 1.9368038604553095, 1.94563071059937, 1.9527885058581587, 1.959476873869331, 1.9654548629802298, 1.9712889426902822, 1.9773777781353157, 1.9816507222289153, 1.9854891932087892, 1.9896914596175552, 1.9937507947183744, 1.996472080687168, 1.9991606629442136, 2.000801746581541, 2.001998398371028, 2.002776629594391, 2.003018716662387, 2.0027903064935924, 2.0021028464499007, 2.0008317989583193, 1.999185543375851, 1.9974465469098928, 1.9950083208046379, 1.9914999483110867, 1.9882570023653467, 1.9838396032315326, 1.9790836877284042, 1.9737911451625627, 1.9674100831682404, 1.9624357075837726, 1.9553346605191164, 1.9466418372674925, 1.940761469807855, 1.933017460890103, 1.924882695452855, 1.9168780761544435, 1.9084161064146141, 1.8996819990045202, 1.8910664489691964, 1.880718854315044, 1.8704910973327304, 1.8603368465885983, 1.8505526009577296, 1.8388518320441094, 1.8284991287659058, 1.816640859773282, 1.8032106766810352, 1.7893992503254255, 1.7785083570465006, 1.7634810889998442, 1.7521600133884607, 1.7385096825325503, 1.7217374914658052, 1.710426939239198, 1.6974155671699949, 1.6819880938340919, 1.6693013317088892, 1.6564192883679079, 1.6354519065683357, 1.6204867130306662, 1.6037170782915577, 1.5833075771596412, 1.5667013755951376, 1.547368464663235, 1.5293658616407946, 1.5084790507436696, 1.491762075882124, 1.4721313562344787, 1.45489012608061, 1.4346684398969256, 1.417918172328533, 1.4038346343619523, 1.3934171486595601, 1.3866958483787273, 1.3828146092541511, 1.3788942738901895, 1.3689534632286802, 1.3558867775921026, 1.342683823855031, 1.3231266668541593, 1.3064838979001692, 1.2918267755909676, 1.2728669444654583, 1.2527122621524416, 1.23029216316806, 1.2109840752708467, 1.1894374262256078, 1.1667025747758972, 1.1438696655045661, 1.125343251005242, 1.1034874776652017, 1.0826637861293134, 1.0640045103289235, 1.0508217756167104, 1.045322722526449], "y_goal": [1.5425071012986344], "radius": [1], "y_mid": [1.2270300473860623]}