{"x_mid": [], "x_goal": [-0.9999999875523511], "y_gps": [0.0, 0.0, 0.0], "x_gps": [0.0, 0.0, 0.0], "y": [5.235566913546264e-06, 5.235566913546264e-06, 5.235566913546264e-06, 5.235566913546264e-06, 5.235566913546264e-06, 5.235566913546264e-06, 5.235566913546264e-06, 5.235566913546264e-06, 5.235566913546264e-06, 5.235566913546264e-06, 5.235566913546264e-06, 5.235566913546264e-06, 5.235566913546264e-06, 5.235566913546264e-06, 5.235566913546264e-06, 5.235566913546264e-06, 5.235566913546264e-06, 5.235566913546264e-06, 5.235566913546264e-06, 5.235566913546264e-06, 5.235566913546264e-06, 5.235566913546264e-06, 5.235566913546264e-06, 5.235566913546264e-06, 5.235566913546264e-06, 5.235566913546264e-06, 5.235566913546264e-06, 5.235566913546264e-06, 5.235566913546264e-06, 5.235566913546264e-06, 5.235566913546264e-06, 5.235566913546264e-06], "x": [1.242909039122879e-08, 1.242909039122879e-08, 1.242909039122879e-08, 1.242909039122879e-08, 1.242909039122879e-08, 1.242909039122879e-08, 1.242909039122879e-08, 1.242909039122879e-08, 1.242909039122879e-08, 1.242909039122879e-08, 1.242909039122879e-08, 1.242909039122879e-08, 1.242909039122879e-08, 1.242909039122879e-08, 1.242909039122879e-08, 1.242909039122879e-08, 1.242909039122879e-08, 1.242909039122879e-08, 1.242909039122879e-08, 1.242909039122879e-08, 1.242909039122879e-08, 1.242909039122879e-08, 1.242909039122879e-08, 1.242909039122879e-08, 1.242909039122879e-08, 1.242909039122879e-08, 1.242909039122879e-08, 1.242909039122879e-08, 1.242909039122879e-08, 1.242909039122879e-08, 1.242909039122879e-08, 1.242909039122879e-08], "y_goal": [-8.567974812033502e-07], "radius": [], "y_mid": []}