{"lat_start": [57.68409666666667], "x_gps": [6397447.487940618, 6397447.492310827, 6397447.690859762, 6397447.885038497, 6397448.079217241, 6397448.273395997, 6397448.467574759, 6397448.6617535325, 6397448.674864266, 6397448.864672811, 6397449.854704428], "y_goal": [-677678.8653586712], "x_ordometry": [6397447.29376191, 6397447.29376191, 6397447.294864605, 6397447.297069798, 6397447.304788406, 6397447.314712666, 6397447.330150405, 6397447.344485609, 6397447.3632314345, 6397447.381976625, 6397447.404030786, 6397447.42057122, 6397447.4415217275, 6397447.461369577, 6397447.482318904, 6397447.502165635, 6397447.523113309, 6397447.539652252, 6397447.561704175, 6397447.585963478, 6397447.60801739, 6397447.628968842, 6397447.653228419, 6397447.6774879955, 6397447.7028499935, 6397447.730417695, 6397447.74916352, 6397447.770114972, 6397447.791066188, 6397447.815325491, 6397447.839584795, 6397447.861638706, 6397447.883692618, 6397447.907949734, 6397447.936617234, 6397447.957567742, 6397447.981826224, 6397448.007188223, 6397448.028139676, 6397448.049090892, 6397448.070042345, 6397448.090993561, 6397448.110842082, 6397448.133997906, 6397448.160461705, 6397448.191336138, 6397448.211183988, 6397448.233237154, 6397448.255290319, 6397448.2773434855, 6397448.296089311, 6397448.319245135, 6397448.33909388, 6397448.364455879, 6397448.38650979, 6397448.410769094, 6397448.429514284, 6397448.451567451, 6397448.4714153, 6397448.490161126, 6397448.511112578, 6397448.534269186, 6397448.555219693, 6397448.580579405, 6397448.600426136, 6397448.624683252, 6397448.6445299825, 6397448.668787098, 6397448.691939791, 6397448.712889117, 6397448.739351425, 6397448.759198156, 6397448.781250079, 6397448.804405904, 6397448.827560423, 6397448.848510931, 6397448.869462147, 6397448.8904136, 6397448.910262344, 6397448.933418952, 6397448.954370405, 6397448.977527012, 6397448.9995809235, 6397449.019429444, 6397449.043688747, 6397449.063537268, 6397449.087796571, 6397449.115363029, 6397449.136312356, 6397449.156159087, 6397449.1749042785, 6397449.195855495, 6397449.214600686, 6397449.2377572935, 6397449.259811205, 6397449.280761713, 6397449.305020195, 6397449.329278679, 6397449.350229895, 6397449.368975931, 6397449.389927147, 6397449.415289432, 6397449.432932761, 6397449.454986921, 6397449.481451913, 6397449.507916906, 6397449.526662731, 6397449.548716643, 6397449.567461834, 6397449.590618442, 6397449.615980726, 6397449.645753507, 6397449.689861331, 6397449.728456112, 6397449.765948185, 6397449.8001317475, 6397449.839828789, 6397449.883936613, 6397449.9280444365, 6397449.967741478, 6397450.011849302, 6397450.053751734, 6397450.096755409, 6397450.137555146, 6397450.180558819, 6397450.221358556, 6397450.264364169, 6397450.30847249, 6397450.352580811, 6397450.3878674675, 6397450.433077987, 6397450.4893160965, 6397450.529011795, 6397450.569811532, 6397450.618330139, 6397450.6569231795, 6397450.698824195], "x_goal": [6397467.293760746], "lon": [11.980321666666667, 11.980325, 11.980326666666667, 11.980331666666666, 11.980335, 11.980338333333334, 11.980341666666666, 11.980345, 11.980348333333334, 11.980353333333333, 11.980355, 11.980356666666667], "k2": 0.003968253968253968, "k1": -1.1983695652173914, "m1": 6988827.238474858, "y_gps": [-677679.0626713163, -677679.1619951371, -677679.4518073734, -677679.6422957705, -677679.8327841489, -677680.0232725083, -677680.2137608493, -677680.4042491715, -677680.7022205504, -677680.7933850507, 