{"lon_start": [11.979246666666667], "x_goal": [6397800.658326085], "x_gps": [6397781.602515309, 6397781.598146904, 6397781.593778501, 6397781.969023787, 6397781.977760599, 6397782.171935861, 6397782.361742714, 6397782.551549572, 6397782.374847972, 6397782.569023263, 6397782.573391691, 6397782.767566996, 6397782.95737387, 6397783.147180749, 6397783.151549189, 6397783.531162954, 6397783.539899853], "angle": [0.2515446247461558, 0.24211881686677544, 0.23268234910497393, 0.23320336568113859, 0.22846765107169828, 0.22840365285437855, 0.2282101606949421, 0.2232672188814121, 0.2233083365935667, 0.228124825945346, 0.22324435981684881, 0.2376252572236176, 0.23766486422695549, 0.23753386238575896, 0.24229093504482085, 0.23745770045350686, 0.23740591428904162, 0.23741962216112453, 0.24687436959359432, 0.2468972159890718, 0.24690635454726279, 0.24691549318896655, 0.2516344898734212, 0.2516162124647394, 0.251632966764924, 0.25635805574418036, 0.251632966764924, 0.2563976563447258, 0.2515872732780295, 0.25638851775173715, 0.26589048114397407, 0.2658112788664961, 0.26566504584477413, 0.2658508798567373, 0.270556167650721, 0.26592399071640443, 0.26111817606576243, 0.2659118046142192, 0.26113645326565815, 0.2563793791587486, 0.2611303609012634, 0.26111817613535737, 0.25638851775173715, 0.2611410225308349, 0.25639156392465534, 0.2563885177517371, 0.26115016108902595, 0.25639156392465534, 0.26113645326565815, 0.25166342870288766, 0.26113645326565815, 0.26113188400048126, 0.2563748099283694, 0.25638851775173715, 0.2564007024898057, 0.2516101202302592, 0.2564342109950518, 0.2563656712866656, 0.2610998985596489, 0.26111817606576243, 0.2611151297954113, 0.25638851775173715, 0.2563900408370363, 0.25635805574418036, 0.2563778560247328, 0.26113340709273997, 0.25637633301366847, 0.26105115808559565, 0.2563793792144242, 0.26113645326565826, 0.2564022255751049, 0.261145591802971, 0.26113493018035894, 0.25638851775173715, 0.2516588593681168, 0.26116082303873484, 0.26115777673590507, 0.26119737802311216, 0.2611867167137118, 0.2564067948820379, 0.2564067948820379, 0.26115168422304114, 0.26591485078713606, 0.2611486380037268, 0.2563793792144242, 0.25638851775173715, 0.2563793791587486, 0.25168932193243176, 0.2516542900611839, 0.2516405822378161, 0.2468789389005274, 0.2468926467238951, 0.24689264672389502, 0.2515948889945015, 0.2563778560247328, 0.2516360129726394, 0.2563885177517372, 0.2611410225308349, 0.26112731472834516, 0.2515872732780295, 0.2610938061952588, 0.25638851775173715, 0.25639308701691393, 0.25642050299770286, 0.25639156392465534, 0.2658691578221963, 0.2660306126144261, 0.25640222579781113, 0.25164058223781605, 0.24217517370470748, 0.24687436959359432, 0.24688198499689065, 0.24686218471633822, 0.24688655435950022, 0.2516405822378161, 0.24688960055097686, 0.251649720775129, 0.2516314437005032, 0.251632966764924, 0.2515872732780295, 0.24689112363859583, 0.2516405822378161, 0.2517136921508992, 0.2516497208308048, 0.25638547157881897, 0.25161773577274454, 0.25636719428149024, 0.2564037487091202, 0.2563885177517372, 0.26116843851162386, 0.2564067949516329, 0.25171978635270487, 0.24692920142990438, 0.24210815669883415, 0.24205332054741496, 0.24208074027960777, 0.24216451216330923, 0.24691244767723028, 0.2421995436030434, 0.24225133115938696, 0.24213557261698548, 0.2421340494829696, 0.24210815669883415, 0.24211120228713193, 0.25164058223781605, 0.25171369326448495, 0.25638851775173715, 0.25642202667457914, 0.2564296419734684, 0.25169541784652577, 0.2517319729003751, 0.24686827578153028, 0.2467342365641737, 0.24668548866607257], "lon": [11.979246666666667, 11.979246666666667, 11.979245, 11.979243333333333, 11.979245, 11.979248333333333, 11.979251666666666, 11.979253333333334, 11.979255, 11.979258333333334, 11.979261666666666, 11.979263333333334, 11.979266666666666, 11.979268333333334, 11.97927, 11.979271666666667, 11.979275, 11.979278333333333], "covariance": [[144.0, 144.0, 144.0, 144.0, 144.0, 144.0, 144.0, 144.0, 144.0], [144.0, 144.0, 144.0, 144.0, 144.0, 144.0, 144.0, 144.0, 144.0], [144.0, 144.0, 144.0, 144.0, 144.0, 144.0, 144.0, 144.0, 144.0], [144.0, 144.0, 144.0, 144.0, 144.0, 144.0, 144.0, 144.0, 144.0], [144.0, 144.0, 144.0, 144.0, 144.0, 144.0, 144.0, 144.0, 144.0], [182.25, 182.25, 182.25, 182.25, 182.25, 182.25, 182.25, 182.25, 182.25], [144.0, 144.0, 144.0, 144.0, 144.0, 144.0, 144.0, 144.0, 144.0], [144.0, 144.0, 144.0, 144.0, 144.0, 144.0, 144.0, 144.0, 144.0], [144.0, 144.0, 144.0, 144.0, 144.0, 144.0, 144.0, 144.0, 144.0], [144.0, 144.0, 144.0, 144.0, 144.0, 144.0, 144.0, 144.0, 144.0], [144.0, 144.0, 144.0, 144.0, 144.0, 144.0, 144.0, 144.0, 144.0], [144.0, 144.0, 144.0, 144.0, 144.0, 144.0, 144.0, 144.0, 144.0], [144.0, 144.0, 144.0, 144.0, 144.0, 144.0, 144.0, 144.0, 144.0], [144.0, 144.0, 144.0, 144.0, 144.0, 144.0, 144.0, 144.0, 144.0], [144.0, 144.0, 144.0, 144.0, 144.0, 144.0, 144.0, 144.0, 144.0], [144.0, 144.0, 144.0, 144.0, 144.0, 144.0, 144.0, 144.0, 144.0], [144.0, 144.0, 144.0, 144.0, 144.0, 144.0, 144.0, 144.0, 144.0]], "y_mid": [], "lat_start": [57.687126666666664], "lat": [57.687126666666664, 57.687126666666664, 57.687126666666664, 57.687126666666664, 57.68713, 57.68713, 57.687131666666666, 57.687133333333335, 57.687135, 57.687133333333335, 57.687135, 57.687135, 57.68713666666667, 57.68713833333333, 57.68714, 57.68714, 57.68714333333333, 57.68714333333333], "x_mid": [], "radius": [], "y_gps": [-677599.9799800185, -677599.880664452, -677599.7813488839, -677599.8643514, -677600.0629825146, -677600.253457086, -677600.344616091, -677600.4357750851, -677600.642562736, -677600.8330372608, -677600.9323528038, -677601.1228273051, -677601.2139862527, -677601.3051451923, -677601.4044607213, -677601.5867785619, -677601.7854096027], "angle_north": [0, 0, 0, 0, 0, 0, 0, 0, 0, 0, 0, 0, 0, 0, 0, 0, 0],