{"lon_start": [11.97958], "x_goal": [677619.1095093824], "x_gps": [-6411305.50053, -6411305.50053, -6411305.50053, -6411305.50053, -6411305.50053, -6411305.50053, -6411305.50053, -6411305.50053, -6411305.50053, -6411305.50053, -6411305.50053, -6411305.50053, -6411305.50053, -6411305.50053], "angle": [-1.6492002455926347, -1.6492002455926351, -1.6491895838656307, -1.6492002455926351, -1.649209384185624, -1.6492215690628818, -1.6492002455926351, -1.6492002455926347, -1.6492002455926347, -1.6492002455926351, -1.6491911069996463, -1.6492002455926347, -1.6492002455926351, -1.6492002455926351, -1.6492002455926351, -1.6492276617056605, -1.6492002455926351, -1.6492002455926351, -1.6492124304698943, -1.6492002455926351, -1.6492002455926351, -1.6492002455926347, -1.6492002455926347, -1.6491911069996463, -1.6491911069996463, -1.6492002455926351, -1.6492002455926351, -1.6491911069996463, -1.6492002455926351, -1.6492002455926347, -1.6492002455926351, -1.6492002455926351, -1.6492002455926351, -1.6492002455926351, -1.649207861065527, -1.6492002455926351, -1.6492002455926351, -1.6492002455926351, -1.6492002455926351, -1.6492002455926351, -1.6492002455926351, -1.6492002455926351, -1.6492002455926351, -1.6492002455926351, -1.6492002455926351, -1.6491911069996463, -1.6491895838656307, -1.6491789221223883, -1.6491789221223883, -1.6492002455926347, -1.6492002455926351, -1.6492002455926351, -1.6491895838656307, -1.649209384185624, -1.649209384185624, -1.6492002455926351, -1.6491895838656307, -1.6492002455926347, -1.6492002455926351, -1.6492002455926351, -1.6492002455926351, -1.6492002455926347, -1.6492002455926351, -1.6492002455926351, -1.6492002455926347, -1.6491895838656307, -1.6492002455926351, -1.6492002455926351, -1.6492002455926351, -1.6492002455926347, -1.6492002455926351, -1.6492002455926351, -1.6492002455926351, -1.6492002455926347, -1.649218522792531, -1.6492215690628818, -1.6492322308386007, -1.6492215690628818, -1.6491728294796097, -1.6492124304698943, -1.6492109073196393, -1.6492002455926351, -1.6491591213709038, -1.6491850143568667, -1.6492124303307036, -1.64923984752946, -1.6491880607153753, -1.6492002455926351, -1.649250509040689, -1.649224615365711, -1.6492124304698943, -1.6492002455926351, -1.6491880607153753, -1.6491819683927391, -1.6491850143568667, -1.649227661427275, -1.6492322308386007, -1.6492002455926351, -1.649207861065527, -1.6491636908866258, -1.6491773991275631, -1.6492002455926351, -1.6491865375465609, -1.649209384185624, -1.6491819683927391, -1.6491850143568667, -1.6491850146352518, -1.6492230920577065, -1.6491834911439722, -1.6491971994197165, -1.6491850143568667, -1.6491926301197433, -1.6492002455926351, -1.6492002455926351, -1.6492002455926351, -1.6492002455926351, -1.6492002455926351, -1.6491911069996463, -1.6492002455926351, -1.6492002455926351, -1.6492002455926347, -1.6492002455926351, -1.6492002455926351, -1.6492002455926351], "lon": [11.97958, -0.0, -0.0, -0.0, -0.0, -0.0, -0.0, -0.0, -0.0, -0.0, -0.0, -0.0, -0.0, -0.0, -0.0], "covariance": [[0.0, 0.0, 0.0, 0.0, 0.0, 0.0, 0.0, 0.0, 0.0], [0.0, 0.0, 0.0, 0.0, 0.0, 0.0, 0.0, 0.0, 0.0], [0.0, 0.0, 0.0, 0.0, 0.0, 0.0, 0.0, 0.0, 0.0], [0.0, 0.0, 0.0, 0.0, 0.0, 0.0, 0.0, 0.0, 0.0], [0.0, 0.0, 0.0, 0.0, 0.0, 0.0, 0.0, 0.0, 0.0], [0.0, 0.0, 0.0, 0.0, 0.0, 0.0, 0.0, 0.0, 0.0], [0.0, 0.0, 0.0, 0.0, 0.0, 0.0, 0.0, 0.0, 0.0], [0.0, 0.0, 0.0, 0.0, 0.0, 0.0, 0.0, 0.0, 0.0], [0.0, 0.0, 0.0, 0.0, 0.0, 0.0, 0.0, 0.0, 0.0], [0.0, 0.0, 0.0, 0.0, 0.0, 0.0, 0.0, 0.0, 0.0], [0.0, 0.0, 0.0, 0.0, 0.0, 0.0, 0.0, 0.0, 0.0], [0.0, 0.0, 0.0, 0.0, 0.0, 0.0, 0.0, 0.0, 0.0], [0.0, 0.0, 0.0, 0.0, 0.0, 0.0, 0.0, 0.0, 0.0], [0.0, 0.0, 0.0, 0.0, 0.0, 0.0, 0.0, 0.0, 0.0]], "y_mid": [], "lat_start": [57.68727], "lat": [57.68727, -0.0, -0.0, -0.0, -0.0, -0.0, -0.0, -0.0, -0.0, -0.0, -0.0, -0.0, -0.0, -0.0, -0.0], "x_mid": [], "radius": [], "y_gps": [-1331398.54162, -1331398.54162, -1331398.54162, -1331398.54162, -1331398.54162, -1331398.54162, -1331398.54162, -1331398.54162, -1331398.54162, -1331398.54162, -1331398.54162, -1331398.54162, -1331398.54162, -1331398.54162], "angle_north": [0, 0, 0, 0, 0, 0, 0, 0, 0, 0, 0, 0, 0, 0], "y": [6397790.280886504, 6397790.280886504, 6397790.280886504, 6397790.280886504, 6397790.280886504, 6397790.280886504, 6397790.280886504, 6397790.280886504, 6397790.280886504, 6397790.280886504, 6397790.280886504, 6397790.280886504, 6397790.280886504, 6397790.280886504, 6397790.280886504, 6397790.280886504, 6397790.280886504, 6397790.280886504, 6397790.280886504, 6397790.280886504, 6397790.280886504, 6397790.280886504, 6397790.280886504, 6397790.280886504, 6397790.280886504, 6397790.280886504, 6397790.280886504, 6397790.280886504, 6397790.280886504, 6397790.280886504, 6397790.280886504, 6397790.280886504, 6397790.280886504, 6397790.280886504, 6397790.280886504, 6397790.280886504, 6397790.280886504, 6397790.280886504, 6397790.280886504, 6397790.280886504, 6397790.280886504, 6397790.280886504, 6397790.280886504, 6397790.280886504, 6397790.280886504, 6397790.280886504, 6397790.280886504, 6397790.280886504, 6397790.280886504, 6397790.280886504, 6397790.280886504, 6397790.280886504, 6397790.280886504, 6397790.280886504, 6397790.280886504, 6397790.280886504, 6397790.280886504, 6397790.280886504, 6397790.280886504, 6397790.280886504, 6397790.280886504, 6397790.280886504, 6397790.280886504, 6397790.280886504, 6397790.280886504, 6397790.280886504, 6397790.280886504, 6397790.280886504, 6397790.280886504, 6397790.280886504, 6397790.280886504, 6397790.280886504, 6397790.280886504, 6397790.280886504, 6397790.280886504, 6397790.280886504, 6397790.280886504, 6397790.280886504, 6397790.280886504, 6397790.280886504, 6397790.280886504, 6397790.280886504, 6397790.280886504, 6397790.280886504, 6397790.280886504, 6397790.280886504, 6397790.280886504, 6397790.280886504, 6397790.280886504, 6397790.280886504, 6397790.280886504, 6397790.280886504, 6397790.280886504, 6397790.280886504, 6397790.280886504, 6397790.280886504, 6397790.280886504, 6397790.280886504, 6397790.280886504, 6397790.280886504, 6397790.280886504, 6397790.280886504, 6397790.280886504, 6397790.280886504, 6397790.280886504, 6397790.280886504, 6397790.280886504, 6397790.280886504, 6397790.280886504, 6397790.280886504, 6397790.280886504, 6397790.280886504, 6397790.280886504, 6397790.280886504, 6397790.280886504, 6397790.280886504, 6397790.280886504, 6397790.280886504, 6397790.280886504, 6397790.280886504, 6397790.280886504, 6397790.280886504, 6397790.280886504, 6397790.280886504],