{"lat_start": [57.681185], "x_gps": [6397130.425138229, 6397130.23532581, 6397130.04988777, 6397129.86444973, 6397129.86444973, 6397129.679011694, 6397129.303761235, 6397129.113948825, 6397128.924136411, 6397128.548885965, 6397132.343413669, 6397132.327316415, 6397132.343413669, 6397132.343413669, 6397132.343413669, 6397132.35951092, 6397132.35951092, 6397132.35951092], "y_goal": [-677858.5657626158], "x_ordometry": [6397152.289851107, 6397152.289851107, 6397152.289851107, 6397152.289851107, 6397152.289851107, 6397152.289851107, 6397152.289851107, 6397152.289851107, 6397152.289851107, 6397152.289851107, 6397152.289851107, 6397152.289851107, 6397152.289851107, 6397152.289851107, 6397152.289851107, 6397152.289851107, 6397152.289851107, 6397152.289851107, 6397152.289851107, 6397152.289851107, 6397152.289851107, 6397152.289851107, 6397152.289851107, 6397152.289851107, 6397152.289851107, 6397152.289851107, 6397152.289851107, 6397152.289851107, 6397152.289851107, 6397152.289851107, 6397152.289851107, 6397152.289851107, 6397152.289851107, 6397152.289851107, 6397152.289851107, 6397152.289851107, 6397152.289851107, 6397152.289851107, 6397152.289851107, 6397152.289851107, 6397152.289851107, 6397152.289851107, 6397152.289851107, 6397152.289851107, 6397152.289851107, 6397152.289851107, 6397152.289851107, 6397152.289851107, 6397152.289851107, 6397152.289851107, 6397152.289851107, 6397152.289851107, 6397152.289851107, 6397152.289851107, 6397152.289851107, 6397152.289851107, 6397152.289851107, 6397152.289851107, 6397152.289851107, 6397152.289851107, 6397152.289851107, 6397152.289851107, 6397152.289851107, 6397152.289851107, 6397152.289851107, 6397152.289851107, 6397152.289851107, 6397152.289851107, 6397152.289851107, 6397152.289851107, 6397152.289851107, 6397152.289851107, 6397152.289851107, 6397152.289851107, 6397152.289851107, 6397152.289851107, 6397152.289851107, 6397152.289851107, 6397152.289851107, 6397152.289851107, 6397152.289851107, 6397152.289851107, 6397152.289851107, 6397152.289851107, 6397152.289851107, 6397152.289851107, 6397152.289851107, 6397152.289851107, 6397152.289851107, 6397152.289851107, 6397152.289851107, 6397152.289851107, 6397152.289851107, 6397152.289851107, 6397152.289851107, 6397152.289851107, 6397152.289851107, 6397152.289851107, 6397152.289851107, 6397152.289851107, 6397152.289851107, 6397152.289851107, 6397152.289851107, 6397152.289851107, 6397152.289851107, 6397152.289851107, 6397152.289851107, 6397152.289851107, 6397152.289851107, 6397152.289851107, 6397152.289851107, 6397152.289851107, 6397152.289851107, 6397152.289851107, 6397152.289851107, 6397152.289851107, 6397152.289851107, 6397152.289851107, 6397152.289851107, 6397152.289851107, 6397152.289851107, 6397152.289851107, 6397152.289851107, 6397152.289851107, 6397152.289851107, 6397152.289851107, 6397152.289851107, 6397152.289851107, 6397152.289851107, 6397152.289851107, 6397152.289851107, 6397152.289851107, 6397152.289851107, 6397152.289851107, 6397152.289851107, 6397152.289851107, 6397152.289851107, 6397152.289851107, 6397152.289851107, 6397152.289851107, 6397152.289851107, 6397152.289851107, 6397152.289851107, 6397152.289851107, 6397152.289851107, 6397152.289851107, 6397152.289851107, 6397152.289851107, 6397152.289851107, 6397152.289851107, 6397152.289851107, 6397152.289851107, 6397152.289851107, 6397152.289851107, 6397152.289851107, 6397152.289851107, 6397152.289851107, 6397152.289851107, 6397152.289851107, 6397152.289851107, 6397152.289851107, 6397152.289851107, 6397152.289851107], "x_goal": [6397171.706369862], "lon": [11.983025, 11.983025, 11.983023333333334, 11.983023333333334, 11.983023333333334, 11.983023333333334, 11.983023333333334, 11.983021666666666, 11.98302, 11.983018333333334, 11.983016666666666, 11.983015, 11.983013333333334, 11.983015, 11.983015, 11.983015, 11.983016666666666, 11.983016666666666, 11.983016666666666], "k2": 0.0, "k1": -0.20961538461538462, "m1": 663082.6923537792, "y_gps": [-677854.2421716303, -677854.1510062685, -677854.1591726036, -677854.1673389387, -677854.1673389387, -677854.1755052735, -677854.0925062167, -677854.0013408173, -677853.9101754086, -677853.8271763047, -677855.1614328948, -677855.259549203, -677855.1614328948, -677855.1614328948, -677855.1614328948, -677855.0633165879, -677855.0633165879, -677855.0633165879], "m2": -677853.7700562641, "y_ordometry": [-677853.7700562641, -677853.7700562641, -677853.7700562641, -677853.7700562641, -677853.7700562641, -677853.7700562641, -677853.7700562641, -677853.7700562641, -677853.7700562641, -677853.7700562641, -677853.7700562641, -677853.7700562641, -677853.7700562641, -677853.7700562641, -677853.7700562641, -677853.7700562641, -677853.7700562641, -677853.7700562641, -677853.7700562641, -677853.7700562641, -677853.7700562641, -677853.7700562641, -677853.7700562641, -677853.7700562641, -677853.7700562641, -677853.7700562641, -677853.7700562641, -677853.7700562641, -677853.7700562641, -677853.7700562641, -677853.7700562641, -677853.7700562641, -677853.7700562641, -677853.7700562641, -677853.7700562641, -677853.7700562641, -677853.7700562641, -677853.7700562641, -677853.7700562641, -677853.7700562641, -677853.7700562641, -677853.7700562641, -677853.7700562641, -677853.7700562641, -677853.7700562641, -677853.7700562641, -677853.7700562641, -677853.7700562641, -677853.7700562641, -677853.7700562641, -677853.7700562641, -677853.7700562641, -677853.7700562641, -677853.7700562641, -677853.7700562641, -677853.7700562641, -677853.7700562641, -677853.7700562641, -677853.7700562641, -677853.7700562641, -677853.7700562641, -677853.7700562641, -677853.7700562641, -677853.7700562641, -677853.7700562641, -677853.7700562641, -677853.7700562641, -677853.7700562641, -677853.7700562641, -677853.7700562641, -677853.7700562641, -677853.7700562641, -677853.7700562641, -677853.7700562641, -677853.7700562641, -677853.7700562641, -677853.7700562641, -677853.7700562641, -677853.7700562641, -677853.7700562641, -677853.7700562641, -677853.7700562641, -677853.7700562641, -677853.7700562641, -677853.7700562641, -677853.7700562641, -677853.7700562641, -677853.7700562641, -677853.7700562641, -677853.7700562641, -677853.7700562641, -677853.7700562641, -677853.7700562641, -677853.7700562641, -677853.7700562641, -677853.7700562641, -677853.7700562641, -677853.7700562641, -677853.7700562641, -677853.7700562641, -677853.7700562641, -677853.7700562641, -677853.7700562641, -677853.7700562641, -677853.7700562641, -677853.7700562641, -677853.7700562641, -677853.7700562641, -677853.7700562641, -677853.7700562641, -677853.7700562641, -677853.7700562641, -677853.7700562641, -677853.7700562641, -677853.7700562641, -677853.7700562641, -677853.7700562641, -677853.7700562641, -677853.7700562641, -677853.7700562641, -677853.7700562641, -677853.7700562641, -677853.7700562641, -677853.7700562641, -677853.7700562641, -677853.7700562641, -677853.7700562641, -677853.7700562641, -677853.7700562641, -677853.7700562641, -677853.7700562641, -677853.7700562641, -677853.7700562641, -677853.7700562641, -677853.7700562641, -677853.7700562641, -677853.7700562641, -677853.7700562641, -677853.7700562641, -677853.7700562641, -677853.7700562641, -677853.7700562641, -677853.7700562641, -677853.7700562641, -677853.7700562641, -677853.7700562641, -677853.7700562641, -677853.7700562641, -677853.7700562641, -677853.7700562641, -677853.7700562641, -677853.7700562641, -677853.7700562641, -677853.7700562641, -677853.7700562641, -677853.7700562641, -677853.7700562641, -677853.7700562641, -677853.7700562641, -677853.7700562641, -677853.7700562641, -677853.7700562641, -677853.7700562641],