{
  "x_mid": [],
  "x_goal": [-0.9999999988122211, 0.0, 0.0, 0.0],
  "y_gps": [
    0.0, 0.0, 0.0, 0.0, 0.0, 0.0, 0.0, 0.0, 0.0, 0.0, 0.0, 0.0, 0.0, 0.0, 0.0,
    0.0, 0.0
  ],
  "x_gps": [
    0.0, 0.0, 0.0, 0.0, 0.0, 0.0, 0.0, 0.0, 0.0, 0.0, 0.0, 0.0, 0.0, 0.0, 0.0,
    0.0, 0.0
  ],
  "y": [
    0.0, 0.0, 0.0, 0.0, 2.617547413168545e-5, 2.617547413168545e-5,
    2.617547413168545e-5, 2.617547413168545e-5, 2.617547413168545e-5,
    -0.0008012358056728181, -0.0003064630057128684, -0.0008790813221767608,
    -0.0008790813221767608, -0.0008790813221767608, -0.001653543136009223,
    -0.0008115139496663704, -0.0017202352339033859, -0.0017202352339033859,
    -0.0017202352339033859, -0.0006677924794091404, -0.0006677924794091404,
    -0.0006677924794091404, -0.0006677924794091404, -0.0006677924794091404,
    -0.001761343159703894, -0.001761343159703894, -0.001761343159703894,
    -0.0007496283192787402, -0.0017226836272385675, -0.0008061008226213167,
    -0.0008061008226213167, 3.591637265030513e-6, -0.0007431092259115255,
    -6.426199717729335e-5, -6.426199717729335e-5, -0.0005991961917607772,
    -0.00013423416389745697, -0.00013423416389745697, -0.00013423416389745697,
    0.0001386869288307988, -5.751618408025223e-5, -5.751618408025223e-5,
    5.0558466422225156e-5, -3.143627697343312e-5, -0.0004225166764288108,
    -0.0006466364939068781, -0.00029853786557094503, 0.0006164791865616588,
    0.0019132739293311778, 0.0035167188093741817, 0.0059215764187920995,
    0.007795058974339667, 0.010043238040996747, 0.012141538503210023,
    0.01394723374483815, 0.01601088544955601, 0.01749243002435525,
    0.0187560250011098, 0.019815463014733928, 0.02040409391334695,
    0.020978456650101236, 0.02121422745034063, 0.02110812686738038,
    0.02085373346698405, 0.020353429111901286, 0.01964359529936814,
    0.018315709606865658, 0.01715057939512132, 0.015833731686528785,
    0.014365196166587494, 0.012745005940272358, 0.011217584898044015,
    0.00929419824799934, 0.007967724696244391, 0.006641251144489442,
    0.0057127196582609785, 0.0046515408168570195, 0.0038556566858040505,
    0.003192419909926576, 0.0028853289250589786, 0.0025767397102192512,
    0.0016017177365974828, 0.000672266073090682, -0.0005396254294725776,
    -0.001494562399393572, -0.002250393984521198, -0.0027010671214811825,
    -0.003752574444725062, -0.004354768685869618, -0.005695898678444563,
    -0.004956936506755591, -0.005773700717079358, -0.005773700717079358,
    -0.005773700717079358, -0.005773700717079358, -0.005773700717079358,
    -0.005773700717079358, -0.006858356982711223, -0.005759307838496353,
    -0.006862015534427916, -0.006862015534427916, -0.006862015534427916,
    -0.006862015534427916, -0.006862015534427916, -0.006862015534427916,
    -0.007815523293104556, -0.007815523293104556, -0.006960124544425776,
    -0.007734586358258238, -0.007033990201678755, -0.007663647622102678,
    -0.007663647622102678, -0.006749661464890386, -0.007143881051448061,
    -0.007143881051448061, -0.006874388014080489, -0.006661082134184811,
    -0.006494187195218928, -0.006494187195218928, -0.00660395243203183,
    -0.006855018942085666, -0.0073731842875808485, -0.007655896403189338,
    -0.007436005071336916, -0.006666515524930589, -0.005253337309943747,
    -0.003986901280581764, -0.0014021634379137024, 0.00042894274255852495,
    0.0027044981079101097, 0.004881119449104266, 0.006513585454999883,
    0.008460170105882596, 0.010244693601801753, 0.011657871816788595,
    0.01287223585225885, 0.013960976021990801, 0.014840435603534348,
    0.015704226249879955, 0.016311517785181442, 0.016583764196046343,
    0.016746066770366268, 0.016337697154068888, 0.01575134670619157,
    0.01493990700810931, 0.014154675238873983, 0.013275215657330417,
    0.012285871954807978, 0.010987758675512167, 0.010092745806020488,
    0.009203030453888435, 0.008365651298940619, 0.007528272143992804,
    0.006900237777781942, 0.006267019763100943
  ],
  "x": [
    0.0, 0.0, 0.0, 0.0, -0.001102397309857521, -0.001102397309857521,
    -0.001102397309857521, -0.001102397309857521, -0.001102397309857521,
    0.0009419242184155511, -4.355275272426712e-5, 0.0008988236306158376,
    0.0008988236306158376, 0.0008988236306158376, 0.0016837910714326216,
    0.0009717855703485974, 0.0015964379631253672, 0.0015964379631253672,
    0.0015964379631253672, 0.0012673038981310494, 0.0012673038981310494,
    0.0012673038981310494, 0.0012673038981310494, 0.0012673038981310494,
    0.0011254874891580386, 0.0011254874891580386, 0.0011254874891580386,
    0.0015641195284468072, 0.0010453437080018637, 0.0016584023891304236,
    0.0016584023891304236, 0.0024069764366569956, 0.001595556197102605,
    0.0024645391798283726, 0.0024645391798283726, 0.0015002724160682417,
    0.002500160058192269, 0.002500160058192269, 0.002500160058192269,
    0.0035685602928286772, 0.0024834477075587743, 0.0024834477075587743,
    0.003580846839208643, 0.0024811915085333454, -0.0052278512561872255,
    -0.02286975609295459, -0.04492116922308749, -0.06805995272262491,
    -0.09449315446418367, -0.11980470204967929, -0.15279841577946168,
    -0.1803023823707737, -0.2133071422803481, -0.24411158486261755,
    -0.2749345635040211, -0.3101608248084824, -0.33768868598247903,
    -0.3696422441485069, -0.4049129931474133, -0.4335773585337729,
    -0.46996219019849217, -0.5074535216485261, -0.5405345921945454,
    -0.5725121129823244, -0.6011781560453252, -0.6331488095840565,
    -0.6750306691035621, -0.7069879691041048, -0.7389393769580223,
    -0.7708841723895425, -0.8028216352719564, -0.8303469890408312,
    -0.8622676271223206, -0.8842818602819685, -0.9062960934416164,
    -0.92170605665337, -0.9393174431810883, -0.9525259830768771,
    -0.9635330996567011, -0.9679332286178393, -0.9712269282936641,
    -0.9788840567618357, -0.9843186905315465, -0.9896973933111852,
    -0.9928646918827636, -0.994936545775255, -0.9959429545927093,
    -0.9978815603509987, -0.9988053173970662, -1.000556097303258,
    -0.9997376231784135, -1.0004784748565254, -1.0004784748565254,
    -1.0004784748565254, -1.0004784748565254, -1.0004784748565254,
    -1.0004784748565254, -1.00067718512212, -1.000587430106507,
    -1.000588279553634, -1.000588279553634, -1.000588279553634,
    -1.000588279553634, -1.000588279553634, -1.000588279553634,
    -1.000034395144781, -1.000034395144781, -1.000730281604619,
    -0.9999453141638023, -1.00079685982295, -0.9998915993537301,
    -0.9998915993537301, -1.0018987090271991, -1.0008688760787063,
    -1.0008688760787063, -1.0019381461507824, -1.0030200267291407,
    -1.0041100318041631, -1.0041100318041631, -1.0030128004807795,
    -0.9997142173810875, -0.987595501782221, -0.9677487708486573,
    -0.9445929464010947, -0.9214488662966246, -0.8883978237542616,
    -0.864171326026578, -0.8223482155790199, -0.7948413952375522,
    -0.7629439282610943, -0.7277244668315717, -0.7013098707594297,
    -0.667181390599317, -0.6330440528921265, -0.5999930103497635,
    -0.5680375433413726, -0.5393878142993669, -0.5085245173517222,
    -0.472145406126424, -0.44017264039172166, -0.41150352440902516,
    -0.3773199609944742, -0.3343162870204295, -0.3034460304489927,
    -0.26927171384340953, -0.24171519871158395, -0.2108519017639393,
    -0.1810952273439063, -0.14693593502459182, -0.12600360808109523,
    -0.1072786972125806, -0.08965525168927271, -0.07203180616596483,
    -0.05881422202348391, -0.046700973159642105
  ],
  "y_goal": [-4.8739694596357484e-5, 0.0, 0.0, 0.0],
  "radius": [],