{"x_mid": [], "x_goal": [2.9548332197422353, 2.9500761635772084], "y_gps": [0.0, 0.0, 0.0, 0.0, 0.0, 0.0, 0.0], "x_gps": [0.0, 0.0, 0.0, 0.0, 0.0, 0.0, 0.0], "y": [0.02971038193774698, 0.02971038193774698, 0.029731324205401165, 0.029888389442438615, 0.030097809758488546, 0.030427640560031777, 0.030553294165956885, 0.030856953624229286, 0.031008785064722127, 0.031123967536820143, 0.03127056341039944, 0.0314590438192871, 0.03159516855903931, 0.03187788598570671, 0.032029717426199554, 0.03218678443360594, 0.032343851441012324, 0.0325113895822458, 0.0328359910721232, 0.033212947641013076, 0.03346425202027299, 0.033820266557557876, 0.033993040265704905, 0.034139636139284196, 0.0344223535659516, 0.03457418500644444, 0.03457418500644444, 0.03471554531311019, 0.0349773207081726, 0.035129152148665445, 0.03543281160693784, 0.03553228737829522, 0.03563699871656614, 0.03563699871656614, 0.03563699871656614, 0.03563699871656614, 0.03558987861434423, 0.03555846521286295, 0.03555846521286295, 0.03557417144150786, 0.03585680708450523, 0.036327436483772874, 0.0367814946212688, 0.037675772649072174, 0.038265370337160945, 0.039053809510276295, 0.04001518179204049, 0.04056526914997115, 0.04056526914997115, 0.04056526914997115, 0.04056526914997115, 0.04138667609364233, 0.04227102116067567, 0.04227102116067567, 0.04227102116067567, 0.04227102116067567, 0.04331366191645479, 0.04224811979639008, 0.04224811979639008, 0.04224811979639008, 0.04334254067344135, 0.04334254067344135, 0.042242567899753725, 0.04885005865731184, 0.06318288323687819, 0.08302775192034503, 0.10395938319947512, 0.12156827033293932, 0.13366236229663292, 0.141349393423598], "x": [1.954844534597927, 1.954844534597927, 1.9592553169739981, 1.9757951915793999, 1.9978483577199355, 2.0210028771424264, 2.047467571398853, 2.0794446623026297, 2.111422834529145, 2.135682137597536, 2.1665576142300336, 2.2062546556146736, 2.2349247410591357, 2.264696515348859, 2.2966746875753743, 2.3297555553959075, 2.3628364232164407, 2.3981226822250097, 2.43230508974284, 2.4720007887958046, 2.4984645881644476, 2.5359549706033584, 2.572343925205945, 2.6032194018384422, 2.6329911761281655, 2.664969348354681, 2.699153297071034, 2.728926078109514, 2.7564925357851835, 2.788470708011699, 2.8204477989154757, 2.8413990152018136, 2.863452927082169, 2.8799935474287914, 2.897636875798522, 2.91086937207582, 2.92079363242198, 2.9274098059860867, 2.9285125140091948, 2.9296151101721706, 2.936225318680643, 2.941718735884372, 2.944995550811373, 2.9493147760378022, 2.9514399194454595, 2.953499585342445, 2.955484433768085, 2.956440137112681, 2.956440137112681, 2.956440137112681, 2.956440137112681, 2.9571758378786965, 2.9578345478199006, 2.9578345478199006, 2.9578345478199006, 2.9578345478199006, 2.9581935258674403, 2.957909650939708, 2.957909650939708, 2.957909650939708, 2.95804458769564, 2.95804458769564, 2.9579669675863056, 2.9583072693949406, 2.9585684626294655, 2.958176235876753, 2.957265098510308, 2.956163222889804, 2.9552333289898334, 2.954532018302478], "y_goal": [0.034467438102774084, 1.0344561232470824], "radius": [], "y_mid": []}