{"x_mid": [], "x_goal": [0.996590394578519], "y_gps": [0.0, 0.0, 0.0, 0.0, 0.0, 0.0, 0.0, 0.0, 0.0], "x_gps": [0.0, 0.0, 0.0, 0.0, 0.0, 0.0, 0.0, 0.0, 0.0], "y": [-2.61774804966042e-05, -2.61774804966042e-05, -2.61774804966042e-05, -2.61774804966042e-05, -3.6648496299100814e-05, -2.0942267654185054e-05, -2.0942267654185054e-05, -2.0942267654185054e-05, -2.0942267654185054e-05, -2.0942267654185054e-05, -2.0942267654185054e-05, -2.0942267654185054e-05, -2.0942267654185054e-05, -2.0942267654185054e-05, -2.0942267654185054e-05, -2.0942267654185054e-05, -2.0942267654185054e-05, -2.0942267654185054e-05, -2.0942267654185054e-05, -2.0942267654185054e-05, -2.0942267654185054e-05, -2.0942267654185054e-05, -2.0942267654185054e-05, -3.141328345668167e-05, -3.141328345668167e-05, -1.570705481176591e-05, -1.570705481176591e-05, -1.570705481176591e-05, -1.570705481176591e-05, -1.570705481176591e-05, -1.570705481176591e-05, -1.570705481176591e-05, -1.570705481176591e-05, -1.570705481176591e-05, -1.570705481176591e-05, -1.570705481176591e-05, -1.570705481176591e-05, -1.570705481176591e-05, -1.570705481176591e-05, -1.570705481176591e-05, 1.570540247806561e-05, 0.00010994277434756017, 0.0005497056102555406, 0.001177938232981227, 0.0016020064063939526, 0.0020731932657414255, 0.002209318005493628, 0.002376856146727109, 0.002512980886479312, 0.002512980886479312, 0.002685754594626339, 0.002863763869686912, 0.002863763869686912, 0.0031778943437618104, 0.0035548509126516886, 0.004010331543354246, 0.004868916127746018, 0.0054133844007749465, 0.006041617023500633, 0.00662796747137794, 0.007256200094103627, 0.007962937895659133, 0.008434124755006605, 0.008999534115459723, 0.0097586228652786, 0.010240267876034959, 0.010947005677590466, 0.011575217056750915, 0.012014979892658895, 0.012433801641142685, 0.012810741214778097, 0.01310391643871675, 0.013496548550692032, 0.013810654240272257, 0.014072408981589112], "x": [-0.003308012208911904, -0.003308012208911904, -0.003308012208911904, -0.003308012208911904, -0.004410670515938691, -0.00330807435296293, -0.00330807435296293, -0.00330807435296293, -0.00330807435296293, -0.00330807435296293, -0.00330807435296293, -0.00330807435296293, -0.00330807435296293, -0.00330807435296293, -0.00330807435296293, -0.00330807435296293, -0.00330807435296293, -0.00330807435296293, -0.00330807435296293, -0.00330807435296293, -0.00330807435296293, -0.00330807435296293, -0.00330807435296293, -0.004410732659989718, -0.004410732659989718, -0.0033081364970139566, -0.0033081364970139566, -0.0033081364970139566, -0.0033081364970139566, -0.0033081364970139566, -0.0033081364970139566, -0.0033081364970139566, -0.0033081364970139566, -0.0033081364970139566, -0.0033081364970139566, -0.0033081364970139566, -0.0033081364970139566, -0.0033081364970139566, -0.0033081364970139566, -0.0033081364970139566, -0.0011029441710624344, 0.005512632806792133, 0.028665325235369698, 0.06174060013333765, 0.09151069653368321, 0.12458858142295604, 0.15325866686741815, 0.18854492587598692, 0.21721501132044904, 0.24919354399058583, 0.28558249859317236, 0.3230741487897767, 0.3484364333212645, 0.38151618253206815, 0.42121188158503253, 0.4531871703113296, 0.49839004600521913, 0.5270552842501247, 0.5601305591480926, 0.5910008157195293, 0.6240760906174972, 0.6538408179836503, 0.6869187028729232, 0.7166864502810943, 0.7486559722669625, 0.7740136830220712, 0.8037784103882243, 0.8302359458248048, 0.8533886382533823, 0.8754388215186942, 0.895283986457475, 0.9107191147431933, 0.9272550743910561, 0.9404838421093464, 0.9515078152079216], "y_goal": [0.014227808065926497], "radius": [], "y_mid": []}