{"x_mid": [], "x_goal": [-0.07205727130110429, 0.7473544017248017, -2.5853908879325127, 1.3205598710888733, -2.2425199081502836], "y_gps": [0.0, 0.0, 0.0, 0.0, 0.0, 0.0, 0.0, 0.0, 0.0, 0.0, 0.0, 0.0, 0.0, 0.0, 0.0, 0.0, 0.0, 0.0, 0.0, 0.0], "x_gps": [0.0, 0.0, 0.0, 0.0, 0.0, 0.0, 0.0, 0.0, 0.0, 0.0, 0.0, 0.0, 0.0, 0.0, 0.0, 0.0, 0.0, 0.0, 0.0, 0.0], "y": [-1.8513584353041315, -1.8513584353041315, -1.856779820049925, -1.8703781457655357, -1.8848830265288539, -1.9021640116897123, -1.9239926245244807, -1.9486294635255899, -1.9741787780452587, -1.9997280925649275, -2.022466230934478, -2.0479329459083746, -2.0742230422918886, -2.1015973078486767, -2.1297925994269193, -2.158897416539944, -2.183374402828043, -2.2087579441638496, -2.2403826885143117, -2.2666727848978256, -2.2936893698572427, -2.323506985959107, -2.3514241237505047, -2.380241814373883, -2.4072583993333, -2.432473878628756, -2.458501994549184, -2.4872226741855186, -2.5131622871510437, -2.539996369529173, -2.559674696606468, -2.5783940424828318, -2.5953889613223136, -2.6114894107491913, -2.626747271805994, -2.6375175266696194, -2.644697696578703, -2.6491392232693327, -2.6543163455510936, -2.6601454884207008, -2.6658032719591427, -2.6696432392659437, -2.6724981903611336, -2.6744545355824525, -2.6767855274576733, -2.677300183075345, -2.678159246759273, -2.6785154199746692, -2.6785154199746692, -2.678841666757295, -2.678841666757295, -2.678841666757295, -2.678841666757295, -2.678841666757295, -2.6785634072393005, -2.6785634072393005, -2.6785634072393005, -2.679061586044157, -2.678521837350603, -2.678521837350603, -2.679128642707666, -2.679757132973423, -2.6752083860337192, -2.667010183737746, -2.656217143695775, -2.640532133201936, -2.6229152513818637, -2.602805562729521, -2.5840644907058294, -2.563761662680164, -2.5434588346544986, -2.5222755565250017, -2.502069070430112, -2.4805172142515266, -2.456772721363603, -2.4327487691672913, -2.4147308050200578, -2.394773259638539, -2.3736775511309274, -2.3553934315847043, -2.335135564068899, -2.3136687485654157, -2.288763837065604, -2.26824456103554, -2.246434894369422, -2.227548443870602, -2.206563498871913, -2.185578553873224, -2.1659926052077814, -2.1436086638758467, -2.1234408189008223, -2.1006255423576956, -2.079884381863944, -2.061107422749266, -2.0391142861973193, -2.0198702917143656, -1.9978771551624188, -1.980007731713962, -1.9607637372310085, -1.9428943137825516, -1.9225223298472316, -1.9046529063987747, -1.8862069512328343, -1.8547805090982694, -1.8370177374569936, -1.8137894976184021, -1.795813825190484, -1.7731334031212889, -1.7503181265781622, -1.7315411674634844, -1.7106778795582867, -1.6884237057927425, -1.6689513037478914, -1.6514638495823173, -1.623483922917399, -1.6038979742519561, -1.5815140329200215, -1.5619280842545786, -1.539544142922644, -1.520767183807966, -1.4999038959027682, -1.4784713633925584, -1.4591129469317237, -1.4391816669315218, -1.4191318784542286, -1.4005751694885236, -1.3799566039710733, -1.36071260948812, -1.3406628210108267, -1.3163223184547628, -1.287976065779969, -1.2691991066652912, -1.2511175904807865, -1.2302543025755888, -1.209391014670391, -1.1899186126255399, -1.1718370964410352, -1.1509738085358374, -1.1287196347702932, -1.1078563468650955, -1.0850410703219688, -1.0642999098282173, -1.0449414933673826, -1.025583076906548, -1.0062246604457132, -0.9860568154706888, -0.9673897710263124, -0.9438831224667273, -0.9217592179400591, -0.9002004871046881, -0.8821189709201834, -0.8584739112942927, -0.840392395109788, -0.8195291072045904, -0.8000567051597393, -0.7811702546609194, -0.7621747385323648, -0.7410686095006376, -0.7247947009250697, -0.7078132311070858, -0.693662006258766, -0.6787190593588789, -0.6636922885064406, -0.651460176458874, -0.6413866724197015, -0.6334282244670636, -0.6261932717828473, -0.6212685083421109, -0.6171941115550469, -0.6132698501163228, -0.6096028295782132, -0.6074074085288342, -0.6059691881893544, -0.6047758493011193, -0.6044622869082772, -0.603997438896975, -0.603873468547949, -0.603817322471381, -0.603817322471381, -0.603817322471381], "x": [0.5011481980629674, 0.5011481980629674, 0.4973556623847893, 0.48793878077869146, 0.4778941070655205, 0.4660479722032043, 0.4510844334297523, 0.43436723756636075, 0.4170308863006214, 0.39969453503488206, 0.3841075154792029, 0.3666500535768422, 0.34844408247171976, 0.32986942040128464, 0.31054151615224235, 0.29059013112097287, 0.2736397442299967, 0.2560615652319474, 0.23393844044257509, 0.21573246933745258, 0.1966413032406685, 0.175782357010689, 0.15605481871067878, 0.13569090820744242, 0.11659974211065834, 0.09878132042032653, 0.08020273776804228, 0.05970223277241827, 0.041000280175596565, 0.021653432661643074, 0.007465744484743847, -0.006166080338265283, -0.018419083763769162, -0.030027192272141255, -0.04091808555106651, -0.04860577492442551, -0.05373090117333151, -0.05699769857477869, -0.06111742481712431, -0.0661774028440368, -0.0714282855945145, -0.075384770864091, -0.07874701624355235, -0.08141467406138927, -0.085159259035093, -0.0861344998153243, -0.08816572346718149, -0.08920932570216439, -0.08920932570216439, -0.09139047745610884, -0.09139047745610884, -0.09139047745610884, -0.09139047745610884, -0.09139047745610884, -0.09245749977306036, -0.09245749977306036, -0.09245749977306036, -0.09147374021777313, -0.09243532034029733, -0.09243532034029733, -0.09151458571899397, -0.09060851454625096, -0.09684479432715129, -0.10723173020078597, -0.119765780148968, -0.13680165417563067, -0.1550469536139449, -0.1754820399030549, -0.19416807881764667, -0.21441128764178777, -0.23465449646592887, -0.2555759495987765, -0.2759153264091551, -0.2980249180582928, -0.3226164086055859, -0.3484620632639207, -0.36784630425767184, -0.3899400783998638, -0.41397333939992137, -0.43460508890308697, -0.457906062087616, -0.4830763683619507, -0.5125603044774826, -0.5370875518350042, -0.5634101806884275, -0.5864262720389847, -0.6119997068729371, -0.6375731417068896, -0.6614416808852452, -0.6887200113747945, -0.7135370333717705, -0.7418857374706176, -0.7676572866513875, -0.7907627898899514, -0.8183571749792407, -0.8425022619323687, -0.8700966470216579, -0.8925170849067053, -0.9166621718598333, -0.9390826097448808, -0.9651469677140206, -0.9875674055990681, -1.0109380113147461, -1.050754598830346, -1.0732596265565546, -1.1026892781985198, -1.1250246208218537, -1.1534813304451832, -1.1818300345440302, -1.204935537782594, -1.2306083191587762, -1.2579926192933704, -1.2819538819111402, -1.3032650776061006, -1.337362990718037, -1.3612315298963926, -1.3885098603859418, -1.4123783995642973, -1.4396567300538465, -1.4627622332924104, -1.4884350146685925, -1.5150656154887214, -1.5391190613907735, -1.5641264728779418, -1.5890389704193528, -1.6123217328384407, -1.6381914688596495, -1.6623365558127776, -1.6872490533541886, -1.717200631626401, -1.75242174884012, -1.7755272520786838, -1.7977769959380416, -1.8234497773142238, -1.8491225586904059, -1.8730838213081757, -1.8953335651675336, -1.9210063465437157, -1.9483906466783099, -1.974063428054492, -2.002412132153339, -2.028183681334109, -2.052237127236161, -2.076290573138213, -2.100344019040265, -2.125161041037241, -2.148355435299934, -2.17756319103814, -2.205052843497628, -2.231581384253016, -2.2538311281123735, -2.2829269470053797, -2.3051766908647373, -2.3308494722409194, -2.3548107348586895, -2.3778268262092466, -2.4007529868235187, -2.426226498617154, -2.4456791430731193, -2.4659775546793443, -2.4828928976845317, -2.5005832593538506, -2.518202473745885, -2.5324077303538246, -2.544106176972128, -2.5532601307231926, -2.5615819068605243, -2.5675257262790394, -2.5727385978728674, -2.578065408512708, -2.5835724676013014, -2.5873981134505115, -2.590377242033361, -2.593462631337139, -2.59451981798576, -2.5966756881727835, -2.597771405443246, -2.598872683156774, -2.598872683156774, -2.598872683156774], "y_goal": [-2.6707701083300375, -3.2439755776941093, -0.6042848123469886, -2.424563904668203, -1.543667317625416], "radius": [], "y_mid": []}