{"lon_start": [11.979231666666667], "x_goal": [6397752.034715367], "x_gps": [6397747.071650245, 6397747.071650245, 6397747.248351871, 6397747.425053508, 6397747.800298777, 6397748.1624388555, 6397748.533315725, 6397748.714385769, 6397749.085262643, 6397749.451771124, 6397749.637209562, 6397749.999349663, 6397750.542559836, 6397750.542559836, 6397750.719261529, 6397751.275576843, 6397751.45664691, 6397751.637716983, 6397751.637716983, 6397751.823155419], "angle": [-0.00021934577485083445, -0.00019497065636749208, -0.00020715805782243503, -0.00021935824982253422, -0.0002925109384950325, -0.0005486013563420558, -0.0007711186487391461, 0.018661147953958342, 0.023454831119371456, 0.04233533963100857, 0.061320996215755035, 0.07070411970159923, 0.08505150399949528, 0.0947454541390205, 0.10412555596367815, 0.11360314454375924, 0.12317823483104486, 0.12323916530412495, 0.12798862649271026, 0.1231614769117136, 0.12796577734830372, 0.12799928821950096, 0.12792007018429413, 0.12781800638242352, 0.12314166779121759, 0.12298932550869819, 0.1182505285868305, 0.11839983357500768, 0.12330923667224143, 0.12331837672682536, 0.11836326493423067, 0.1279383478707312, 0.11818347484080975, 0.12289178645717125, 0.12280646399617491, 0.1228719732559996, 0.12318732134280345, 0.11818037395606419, 0.1135360450043914, 0.10880643682590334, 0.10435404514558369, 0.10911415896409608, 0.10424128227513058, 0.10406456395158953, 0.10430832683865561, 0.10415746321432126, 0.1044545813062632, 0.10459478053956839, 0.09511111561690655, 0.0948185110451159, 0.08522514531944242, 0.08546283925057899, 0.09033877131471843, 0.08542018438367842, 0.08546283925057899, 0.08560452099944235, 0.09069836777635826, 0.08551159064085516, 0.07596696822273687, 0.07131043875692514, 0.07121903270881583, 0.07109106784840065, 0.07092655296440202, 0.08037214829368457, 0.09023971603003182, 0.08071490373665793, 0.07588928503541857, 0.08079107012477868, 0.0711992317554806, 0.06631116219586633, 0.06647109719489476, 0.06154038021720764, 0.0710819460191098, 0.07608273372554479, 0.07118552072328653, 0.07137897550408408, 0.06647109719489476, 0.06172316168097372, 0.056786316833133774, 0.056975226167052674, 0.04732395455834189, 0.04723256752148701, 0.047314830895555215, 0.05711536933200405, 0.05715802419835827, 0.0523065047225272, 0.0426400135771802, 0.047639329128560975, 0.04783582541559727, 0.04339263248482289, 0.0384862537467987, 0.028798416373605494, 0.02843123934957668, 0.028399255227438157, 0.02350808288383481, 0.023410580032803514, 0.028585115938273335, 0.0239834360048886, 0.01418590809053961, 0.023381549595947914, 0.023524801656679212, 0.02384632676060174, 0.019223336741454686, 0.014422076673707231, 0.009258177096705518, 0.00955224476179176, 0.00493078034362227, -0.00012189639860692935, -0.004683937287483756, -0.004898762923203142, 0.0, 5.332455492718632e-05, 0.00020110356942822, -0.004333528184207147, -0.009057099611790114, -0.008749290337052809, -0.01792514302515543, -0.027390581320796765, -0.027814244802130652, -0.037724534173137314, -0.03773215309143351, -0.03751734772177965, -0.04217081282457579, -0.04221348031224071, -0.047177741146563396, -0.061412418284947326, -0.06151600362315128, -0.05651822831380341, -0.056682764244243976, -0.06608265996427157, -0.07545512127327532, -0.08021219537900924, -0.08485500480076992, -0.08960750957903002, -0.09942179934210832, -0.09945988073098115, -0.09941418386953346, -0.09944769585411105, -0.09435544509295109, -0.09431887820871418, -0.10843468403830345, -0.1278652335332834, -0.13272284861493872, -0.1327319785755305, -0.13727426343927904, -0.1467305179620056, -0.1515988135316781, -0.1513261019956647, -0.17056008773398415, -0.18044744387219852, -0.18073838528912134, -0.19028606362308761, -0.19970119270748596, -0.20409725032143328, -0.20890916261252637, -0.2182831740098013, -0.218304497479689, -0.22702487450868905, -0.24562489351298553, -0.27430759780342967, -0.3031640426092135, -0.32728918684441355, -0.3371034214883948, -0.35127410920724933, -0.36554837970502063, -0.3801699640274801, -0.38960490083310084, -0.4040086623459668, -0.41364927363918047, -0.4229501287047608, -0.4276127505259135, -0.43229518558739044, -0.4370172253385592, -0.4465618385935439, -0.4513280585461458, -0.4608239257454157, -0.47029694689811924, -0.47502660521267986, -0.4845864536077345, -0.4845666494878234], "lon": [11.979231666666667, 11.979231666666667, 11.979231666666667, 11.979228333333333, 11.979225, 11.979226666666667, 11.979223333333334, 11.979223333333334, 11.979221666666668, 11.979221666666668, 11.97922, 11.97922, 11.979216666666666, 11.979211666666666, 11.979211666666666, 11.979208333333334, 11.979208333333334, 11.979206666666666, 11.979205, 11.979205, 11.979205], "covariance": [[225.0, 225.0, 225.0, 225.0, 225.0, 225.0, 225.0, 225.0, 225.0], [182.25, 182.25, 182.25, 182.25, 182.25, 182.25, 182.25, 182.25, 182.25], [225.0, 225.0, 225.0, 225.0, 225.0, 225.0, 225.0, 225.0, 225.0], [182.25, 182.25, 182.25, 182.25, 182.25, 182.25, 182.25, 182.25, 182.25], [144.0, 144.0, 144.0, 144.0, 144.0, 144.0, 144.0, 144.0, 144.0], [272.25, 272.25, 272.25, 272.25, 272.25, 272.25, 272.25, 272.25, 272.25], [144.0, 144.0, 144.0, 144.0, 144.0, 144.0, 144.0, 144.0, 144.0], [144.0, 144.0, 144.0, 144.0, 144.0, 144.0, 144.0, 144.0, 144.0], [182.25, 182.25, 182.25, 182.25, 182.25, 182.25, 182.25, 182.25, 182.25], [144.0, 144.0, 144.0, 144.0, 144.0, 144.0, 144.0, 144.0, 144.0], [144.0, 144.0, 144.0, 144.0, 144.0, 144.0, 144.0, 144.0, 144.0], [182.25, 182.25, 182.25, 182.25, 182.25, 182.25, 182.25, 182.25, 182.25], [182.25, 182.25, 182.25, 182.25, 182.25, 182.25, 182.25, 182.25, 182.25], [182.25, 182.25, 182.25, 182.25, 182.25, 182.25, 182.25, 182.25, 182.25], [324.0, 324.0, 324.0, 324.0, 324.0, 324.0, 324.0, 324.0, 324.0], [144.0, 144.0, 144.0, 144.0, 144.0, 144.0, 144.0, 144.0, 144.0], [225.0, 225.0, 225.0, 225.0, 225.0, 225.0, 225.0, 225.0, 225.0], [144.0, 144.0, 144.0, 144.0, 144.0, 144.0, 144.0, 144.0, 144.0], [144.0, 144.0, 144.0, 144.0, 144.0, 144.0, 144.0, 144.0, 144.0], [144.0, 144.0, 144.0, 144.0, 144.0, 144.0, 144.0, 144.0, 144.0]], "y_mid": [], "lat_start": [57.686816666666665], "lat": [57.686816666666665, 57.686816666666665, 57.686816666666665, 57.686818333333335, 57.68682, 57.68682333333334, 57.68682666666667, 57.68683, 57.68683166666667, 57.686835, 57.686838333333334, 57.68684, 57.686843333333336, 57.68684833333333, 57.68684833333333, 57.68685, 57.686855, 57.686856666666664, 57.68685833333333, 57.68685833333333, 57.68686], "x_mid": [], "radius": [], "y_gps": [-677600.6032442902, -677600.6032442902, -677600.3964550055, -677600.1896657373, -677600.272669249, -677600.057723573, -677600.0414106944, -677599.9339378794, -677599.917625009, -677599.8019957792, -677599.793839348, -677599.5788937978, -677599.2564755364, -677599.2564755364, -677599.0496864755, -677599.0252172743, -677598.9177445646, -677598.8102718651, -677598.8102718651, -677598.8021154732], "angle_north": [0, 0.12184243701991714, 0.12184243701991714, 0.12184243701991714, 0.12184243701991714, 0.12184243701991714, 0.12184243701991714, 0.12184243701991714, 0.12184243701991714, 0.12184243701991714, 0.12184243701991714, 0.12184243701991714, 0.12184243701991714, 0.12184243701991714, 0.12184243701991714, 0.12184243701991714, 0.12184243701991714, 0.12184243701991714, 0.12184243701991714, 0.12184243701991714],