{"lat_start": [57.68693833333333], "x_gps": [6397760.652340186, 6397760.458164909, 6397760.268358058, 6397760.082919621, 6397759.893112769, 6397759.7033059215, 6397759.513499075, 6397759.332429048, 6397759.332429048, 6397758.965920587, NaN, NaN, NaN, NaN], "y_goal": [-677601.045681482], "x_ordometry": [6397760.651237491, 6397760.651237491, 6397760.651237491, 6397760.651237491, 6397760.651237491, 6397760.651237491, 6397760.651237491, 6397760.651237491, 6397760.651237491, 6397760.651237491, 6397760.651237491, 6397760.651237491, 6397760.651237491, 6397760.651237491, 6397760.651237491, 6397760.651237491, 6397760.651237491, 6397760.651237491, 6397760.651237491, 6397760.651237491, 6397760.651237491, 6397760.651237491, 6397760.651237491, 6397760.651237491, 6397760.651237491, 6397760.651237491, 6397760.651237491, 6397760.651237491, 6397760.651237491, 6397760.651237491, 6397760.651237491, 6397760.651237491, 6397760.651237491, 6397760.651237491, 6397760.651237491, 6397760.651237491, 6397760.651237491, 6397760.651237491, 6397760.651237491, 6397760.651237491, 6397760.651237491, 6397760.651237491, 6397760.651237491, 6397760.651237491, 6397760.651237491, 6397760.651237491, 6397760.651237491, 6397760.651237491, 6397760.651237491, 6397760.651237491, 6397760.651237491, 6397760.651237491, 6397760.651237491, 6397760.651237491, 6397760.651237491, 6397760.651237491, 6397760.651237491, 6397760.651237491, 6397760.651237491, 6397760.651237491, 6397760.651237491, 6397760.651237491, 6397760.651237491, 6397760.651237491, 6397760.651237491, 6397760.651237491, 6397760.651237491, 6397760.651237491, 6397760.651237491, 6397760.651237491, 6397760.651237491, 6397760.651237491, 6397760.651237491, 6397760.651237491, 6397760.651237491, 6397760.651237491, 6397760.651237491, 6397760.651237491, 6397760.651237491, 6397760.651237491, 6397760.651237491, 6397760.651237491, 6397760.651237491, 6397760.651237491, 6397760.651237491, 6397760.651237491, 6397760.651237491, 6397760.651237491, 6397760.651237491, 6397760.651237491, 6397760.651237491, 6397760.651237491, 6397760.651237491, 6397760.651237491, 6397760.651237491, 6397760.651237491, 6397760.651237491, 6397760.651237491, 6397760.651237491, 6397760.651237491, 6397760.651237491, 6397760.651237491, 6397760.651237491, 6397760.651237491, 6397760.651237491, 6397760.651237491, 6397760.651237491, 6397760.651237491, 6397760.651237491, 6397760.651237491, 6397760.651237491, 6397760.651237491, 6397760.651237491, 6397760.651237491, 6397760.651237491, 6397760.651237491, 6397760.651237491, 6397760.651237491, 6397760.651237491], "x_goal": [6397767.651094745], "lon": [11.979248333333333, 11.979248333333333, 11.979245, 11.979243333333333, 11.979243333333333, 11.979241666666667, 11.97924, 11.979238333333333, 11.97924, 11.97924, 11.979241666666667, 11.979241666666667, 11.979241666666667, 11.97924, 11.97924], "k2": NaN, "k1": -0.2152777777777778, "m1": 699694.8474567877, "y_gps": [-677601.0009830622, -677600.8105074058, -677600.7193478212, -677600.7275043249, -677600.6363447276, -677600.5451851195, -677600.4540255035, -677600.5614981076, -677600.5614981076, -677600.6771272202, NaN, NaN, NaN, NaN], "m2": NaN, "y_ordometry": [-677601.0009778267, -677601.0009778267, -677601.0009778267, -677601.0009778267, -677601.0009778267, -677601.0009778267, -677601.0009778267, -677601.0009778267, -677601.0009778267, -677601.0009778267, -677601.0009778267, -677601.0009778267, -677601.0009778267, -677601.0009778267, -677601.0009778267, -677601.0009778267, -677601.0009778267, -677601.0009778267, -677601.0009778267, -677601.0009778267, -677601.0009778267, -677601.0009778267, -677601.0009778267, -677601.0009778267, -677601.0009778267, -677601.0009778267, -677601.0009778267, -677601.0009778267, -677601.0009778267, -677601.0009778267, -677601.0009778267, -677601.0009778267, -677601.0009778267, -677601.0009778267, -677601.0009778267, -677601.0009778267, -677601.0009778267, -677601.0009778267, -677601.0009778267, -677601.0009778267, -677601.0009778267, -677601.0009778267, -677601.0009778267, -677601.0009778267, -677601.0009778267, -677601.0009778267, -677601.0009778267, -677601.0009778267, -677601.0009778267, -677601.0009778267, -677601.0009778267, -677601.0009778267, -677601.0009778267, -677601.0009778267, -677601.0009778267, -677601.0009778267, -677601.0009778267, -677601.0009778267, -677601.0009778267, -677601.0009778267, -677601.0009778267, -677601.0009778267, -677601.0009778267, -677601.0009778267, -677601.0009778267, -677601.0009778267, -677601.0009778267, -677601.0009778267, -677601.0009778267, -677601.0009778267, -677601.0009778267, -677601.0009778267, -677601.0009778267, -677601.0009778267, -677601.0009778267, -677601.0009778267, -677601.0009778267, -677601.0009778267, -677601.0009778267, -677601.0009778267, -677601.0009778267, -677601.0009778267, -677601.0009778267, -677601.0009778267, -677601.0009778267, -677601.0009778267, -677601.0009778267, -677601.0009778267, -677601.0009778267, -677601.0009778267, -677601.0009778267, -677601.0009778267, -677601.0009778267, -677601.0009778267, -677601.0009778267, -677601.0009778267, -677601.0009778267, -677601.0009778267, -677601.0009778267, -677601.0009778267, -677601.0009778267, -677601.0009778267, -677601.0009778267, -677601.0009778267, -677601.0009778267, -677601.0009778267, -677601.0009778267, -677601.0009778267, -677601.0009778267, -677601.0009778267, -677601.0009778267, -677601.0009778267, -677601.0009778267, -677601.0009778267, -677601.0009778267, -677601.0009778267, -677601.0009778267, -677601.0009778267, -677601.0009778267], "covariance": [144.0, 144.0, 144.0, 144.0, 144.0, 144.0, 144.0, 144.0, 144.0, 144.0, 144.0, 144.0, 144.0, 144.0], "y_mid": [], "x": [NaN, NaN, NaN, NaN, NaN, NaN, NaN, NaN, NaN, NaN, NaN, NaN, NaN, NaN, NaN, NaN, NaN, NaN, NaN, NaN, NaN, NaN, NaN, NaN, NaN, NaN, NaN, NaN, NaN, NaN, NaN, NaN, NaN], "lat": [57.68693833333333, 57.68693833333333, 57.68693666666667, 57.686935, 57.686933333333336, 57.686931666666666, 57.68693, 57.686928333333334, 57.686926666666665, 57.686926666666665, 57.68692333333333, 57.68692166666666, 57.68692166666666, 57.68692, 57.68691833333333],