{"x_mid": [1.8918168078012514], "x_goal": [1.552484629756505], "y_gps": [0.0, 0.0, 0.0, 0.0, 0.0, 0.0, 0.0, 0.0, 0.0], "x_gps": [0.0, 0.0, 0.0, 0.0, 0.0, 0.0, 0.0, 0.0, 0.0], "y": [-0.6902878493328883, -0.6902878493328883, -0.6902878493328883, -0.6902878493328883, -0.691323341663891, -0.6923570223639917, -0.6944169975106649, -0.6964694006540197, -0.6974897498318466, -0.6974897498318466, -0.6985040396047345, -0.6985040396047345, -0.7015020989106674, -0.7103519127206237, -0.7180611279470752, -0.7265199886476356, -0.73840691558972, -0.7500210294598358, -0.7630923444704474, -0.7774022655167693, -0.7897714774802491, -0.8011193500174011, -0.8121644830037279, -0.8191654457168815, -0.8253885236841293, -0.8269442931759412, -0.8277332312463931, -0.8285258182988818, -0.8301254809652722, -0.8309289074338303, -0.8325500320819949, -0.8382487522656619, -0.8456702794437497, -0.853985567595019, -0.8647506180816407, -0.8771198300451204, -0.8909595790625974, -0.9038716349409853, -0.9181382018857819, -0.9314251780689098, -0.9460633109381549, -0.9618444717784917, -0.9744229989099632, -0.9938710123886856, -1.0071762242804085, -1.0202495668539562, -1.034265434452443, -1.0478397871686853, -1.0604260927754892, -1.0726662094501203, -1.084044901837285, -1.0950027919170016, -1.1057052211577278, -1.1155184859557443, -1.1271098541463012, -1.1382944194970768, -1.1504198812300797, -1.159742368077224, -1.168327385906983, -1.177311996610495, -1.1859917027290574, -1.1927698784304552, -1.2011105199912022, -1.2087615095743167, -1.2163405549995354, -1.2236899683352245, -1.2300839424273318, -1.235383093475302, -1.2408663574894532, -1.2468215714901447, -1.2519377797376523, -1.256401008448298, -1.2599328870265099, -1.2638821811304262, -1.2672509538756154, -1.270787483910749, -1.2748467214656884, -1.2777984956047848, -1.280422830071161, -1.2824848941715645, -1.2847759652738426, -1.286462757587052, -1.287633534095159, -1.2885799830341325, -1.2891413761691508], "x": [2.231148985845998, 2.231148985845998, 2.231148985845998, 2.231148985845998, 2.2307698808253744, 2.2303858636454637, 2.22959823281062, 2.2287910765221257, 2.228372922794969, 2.228372922794969, 2.227940278321016, 2.227940278321016, 2.2265419488690794, 2.222050405787743, 2.2177620774907507, 2.21257162092404, 2.2045591899441233, 2.196156188019432, 2.186020466765152, 2.1739109647072774, 2.1629294021202132, 2.1524625532252943, 2.1416767211191066, 2.1346425413651176, 2.1283899371393495, 2.1268267860829075, 2.1260563695038943, 2.1252897074215826, 2.1237715047702, 2.123016209533986, 2.1215209454061403, 2.1163145193291277, 2.109725581776889, 2.102483173242149, 2.0930168238742635, 2.0820352612871993, 2.0693910836715976, 2.057367529747922, 2.0435676122663127, 2.030343764704025, 2.0153541541217477, 1.998407310150802, 1.9845078664337148, 1.9619642809772484, 1.9457798842995113, 1.9294076189321085, 1.9109740622078664, 1.8922129986351581, 1.8741030316317926, 1.855757309038167, 1.8381650175767266, 1.8203075820299623, 1.802295881175983, 1.7850426933866614, 1.7637314936119686, 1.7422040100089053, 1.7174461568527162, 1.6974592303087057, 1.678347432168062, 1.6570045802370175, 1.6355359226231947, 1.618058216406342, 1.5952775063489038, 1.5734210904386217, 1.550375806261411, 1.526101713069752, 1.5038450813984137, 1.4847167868309312, 1.4633551434147059, 1.4387019305842832, 1.4161173125620032, 1.3945194982474178, 1.3761091828196363, 1.3544115085255646, 1.3348507308037854, 1.3130819699524772, 1.2847003752155688, 1.2617324064878837, 1.2387247245826427, 1.2189833835305406, 1.1948322335461148, 1.1750552927669728, 1.1585561593406632, 1.1431472862048875, 1.1332388049150857], "y_goal": [-2.571621071219334], "radius": [1], "y_mid": [-1.630954460276111]}