{"lat_start": [57.68105333333333], "x_gps": [6397115.346854842, 6397115.161416794, 6397115.152668498, 6397114.958482166, 6397114.949733891, 6397114.7555475775, 6397114.565735398, 6397114.561361271, 6397114.552613024, 6397114.362800855], "y_goal": [-677845.148505022], "x_ordometry": [6397115.346854842, 6397115.346854842, 6397115.350162929, 6397115.354573712, 6397115.3633952765, 6397115.376627623, 6397115.390962828, 6397115.40640074, 6397115.4262494845, 6397115.448303645, 6397115.472563221, 6397115.493514437, 6397115.5155683495, 6397115.53541687, 6397115.559676173, 6397115.582833041, 6397115.604887202, 6397115.626941362, 6397115.651200939, 6397115.668844268, 6397115.689795484, 6397115.7107469365, 6397115.731698153, 6397115.7515466735, 6397115.773600585, 6397115.793449106, 6397115.814399614, 6397115.838658096, 6397115.858505946, 6397115.878353795, 6397115.900406961, 6397115.923563569, 6397115.945617481, 6397115.964363517, 6397115.985314733, 6397116.008471603, 6397116.030525763, 6397116.052579923, 6397116.074634084, 6397116.0955853, 6397116.116536752, 6397116.13969336, 6397116.1606448125, 6397116.1860068105, 6397116.205855331, 6397116.225703852, 6397116.249963155, 6397116.272017067, 6397116.294070979, 6397116.316124891, 6397116.335973412, 6397116.358027323, 6397116.380081235, 6397116.401031743, 6397116.423084909, 6397116.447343392, 6397116.467191242, 6397116.487039091, 6397116.511297574, 6397116.53335074, 6397116.55319859, 6397116.577457072, 6397116.606126188, 6397116.623768721, 6397116.654643154, 6397116.672285686, 6397116.695442294, 6397116.718599163, 6397116.739550379, 6397116.760501832, 6397116.782555992, 6397116.801301817, 6397116.824458686, 6397116.84320451, 6397116.864155963, 6397116.892826372, 6397116.912675116, 6397116.932523861, 6397116.954578021, 6397116.978837597, 6397117.000891758, 6397117.021842974, 6397117.0449998425, 6397117.065951059, 6397117.084697096, 6397117.107853703, 6397117.128805155, 6397117.150859316, 6397117.169605141, 6397117.191659053, 6397117.215918356, 6397117.237972268, 6397117.258922775, 6397117.279873991, 6397117.301927904, 6397117.321776425, 6397117.342726932, 6397117.363678148, 6397117.383526669, 6397117.405580581, 6397117.428737449, 6397117.45851023, 6397117.478358751, 6397117.497104787, 6397117.519158948, 6397117.542315556, 6397117.5665748585, 6397117.585320895, 6397117.609580471, 6397117.633840048, 6397117.660305041, 6397117.677948369, 6397117.701104976, 6397117.729775062, 6397117.7507265145, 6397117.7727806745, 6397117.794834835, 6397117.81468358, 6397117.834532324, 6397117.864305105, 6397117.884153626, 6397117.905105079, 6397117.929364655, 6397117.952521262, 6397117.971267299, 6397117.992218515, 6397118.012067036, 6397118.035223904, 6397118.055072648, 6397118.076023865, 6397118.10469395, 6397118.124542471, 6397118.1421856005, 6397118.154315389, 6397118.160931637, 6397118.162034333, 6397118.16313704, 6397118.164239736, 6397118.165342444, 6397118.165342444, 6397118.165342444], "x_goal": [6397135.346854388], "lon": [11.982861666666667, 11.982861666666667, 11.982861666666667, 11.982858333333333, 11.982855, 11.982851666666667, 11.982848333333333, 11.982846666666667, 11.982845, 11.982841666666667, 11.98284], "k2": 0.005681818181818182, "k1": -1.25, "m1": 7318549.007625845, "y_gps": [-677845.1527699791, -677845.1609358594, -677844.9622717204, -677844.7717734447, -677844.5731092962, -677844.3826109908, -677844.2914447513, -677844.1921126668, -677843.9934484991, -677843.9022822365], "m2": -714192.4014964026, "y_ordometry": [-677845.1527699791, -677845.1527699791, -677845.1527856858, -677845.152806628, -677845.1528485126, -677845.1529113394, -677845.1529113394, -677845.1529113394, -677845.1529113394, -677845.1529113394, -677845.1529113394, -677845.1528118636, -677845.1527071523, -677845.1526129121, -677845.1524977296, -677845.1524977296, -677845.1524977296, -677845.1524977296, -677845.1524977296, -677845.1524977296, -677845.1525972054, -677845.1525972054, -677845.1524977296, -677845.1524034895, -677845.1522987781, -677845.1522045379, -677845.1520055885, -677845.1517752262, -677845.151586748, -677845.1513982697, -677845.1511888494, -677845.1510789024, -677845.1509741911, -677845.1509741911, -677845.1508747153, -677845.1508747153, -677845.1508747153, -677845.1508747153, -677845.1508747153, -677845.1509741911, -677845.1509741911, -677845.151084138, -677845.151084138, -677845.1509637199, -677845.1508694798, -677845.1507752396, -677845.1506600571, -677845.1505553457, -677845.1504506344, -677845.150345923, -677845.1502516828, -677845.1501469715, -677845.1500422602, -677845.1498433108, -677845.1496338906, -677845.1494035282, -677845.1492150499, -677845.1490265717, -677845.1487962093, -677845.148586789, -677845.1483983106, -677845.1481679484, -677845.1478957019, -677845.1477281657, -677845.1474349772, -677845.147267441, -677845.1471574941, -677845.1471574941, -677845.1472569698, -677845.1472569698, -677845.1472569698, -677845.1473459745, -677845.1473459745, -677845.1474349791, -677845.1474349791, -677845.1474349791, -677845.1474349791, -677845.1474349791, -677845.1474349791, -677845.1474349791, -677845.1474349791, -677845.1475344549, -677845.1475344549, -677845.1476339307, -677845.1476339307, -677845.1477438776, -677845.1477438776, -677845.1477438776, -677845.147654873, -677845.1475501616, -677845.1474349791, -677845.1473302678, -677845.1471313185, -677845.1470318427, -677845.1469271313, -677845.1468328912, -677845.1466339419, -677845.1465344661, -677845.1464402259, -677845.1463355146, -677845.1463355146, -677845.1461941543, -677845.1460999141, -677845.1460999141, -677845.1460999141, -677845.1459899672, -677845.1458747847, -677845.1458747847, -677845.1458747847, -677845.1458747847, -677845.1458747847, -677845.1458747847, -677845.1459847316, -677845.1458486068, -677845.1458486068, -677845.1458486068, -677845.1458486068, -677845.1458486068, -677845.1458486068, -677845.1457072465, -677845.1456130063, -677845.1456130063, -677845.1456130063, -677845.1455030594, -677845.1455030594, -677845.1454035837, -677845.1453093435, -677845.1453093435, -677845.1453093435, -677845.1452098676, -677845.145073743, -677845.1449795028, -677845.1448957337, -677845.1448957337, -677845.1448957337, -677845.1448904981, -677845.1448904981, -677845.1448852625, -677845.1448852625, -677845.1448852625, -677845.1448852625],