{"lon_start": [11.982615], "x_goal": [6398246.945186833], "x_gps": [6398244.945186833, 6398244.945186833, 6398244.945186833, 6398244.945186833, 6398244.945186833, 6398244.945186833, 6398244.945186833, 6398244.945186833, 6398244.945186833, 6398244.945186833, 6398244.945186833, 6398244.945186833, 6398244.945186833, 6398244.945186833], "angle": [-6.092364394787302e-06, 0.0, 0.004714426591078989, 0.004747935513921055, 0.014408354183475162, 0.004842389893365716, 0.00467786414480967, 0.00477382985711955, 0.004747935513921054, 5.204170427930421e-18, 2.132424975450834e-05, 5.204170427930422e-18, -0.004789059735652248, -0.009520240800918732, -0.014219436991392833, -0.018991742055684217, -0.023745769934000058, -0.02849065925644452, -0.033223363720187936, -0.03323402551214819, -0.03798348411136843, -0.03798348411136843, -0.052219675180239525, -0.04747935513921056, -0.05695237970198112, -0.061727730946150514, -0.06645891245682613, -0.07120837098181146, -0.08069053396358135, -0.08549482449654477, -0.09496327954359789, -0.09970664579234215, -0.1139367442880313, -0.11396263721136476, -0.11395045233410535, -0.11868315689064338, -0.1281851202828799, -0.12340367482996457, -0.13300159737041412, -0.13770536113947895, -0.13768708373079241, -0.14245025015570026, -0.14721646293910953, -0.14714792333511473, -0.1519491674028567, -0.15193089027255555, -0.1519339364454738, -0.1519339364454737, -0.1519522135757745, -0.15666359482909403, -0.1567062415097652, -0.1566773026942181, -0.1566910104967077, -0.15668187195939484, -0.15669557978276255, -0.15671842666540417, -0.15668187195939481, -0.15668187195939484, -0.1566879643237896, -0.15669405669746345, -0.15668187195939484, -0.15668644122457154, -0.15668187195939481, -0.15668187195939481, -0.15668187195939481, -0.15668187195939481, -0.15668187195939481, -0.1566879643237896, -0.15668644122457154, -0.15668644122457154, -0.15668491813231297, -0.15669405669746345, -0.15667121023239042, -0.15666359482909403, -0.1567001491592905, -0.15668644122457154, -0.16143894601062878, -0.15668644122457154, -0.1614404692003202, -0.16617774298723695, -0.1661746968143187, -0.16617012751434485, -0.16610463196056813, -0.17092567850115792, -0.17567361401507905, -0.18041241099168714, -0.18042154952900008, -0.1756766601879972, -0.18043068806631302, -0.1804428729992469, -0.17567361401507897, -0.175673614015079, -0.1804276418933948, -0.18042459570191824, -0.18045962712543806, -0.18042307261429927, -0.18042459570191824, -0.18042154952900002, -0.18042764187947605, -0.18042459570191824, -0.18042459570191824, -0.17567361401507897, -0.18044439599407164, -0.1756644754777661, -0.18043525735236782, -0.1803971797559234, -0.18515577721955342, -0.18516948504292116, -0.18516948504292116, -0.18993874402708907, -0.1851694850429211, -0.1804276418933948, -0.18994179032991884, -0.1851694850429211, -0.1899402670219137, -0.18990523567958267, -0.1899174205568422, -0.18514511526984448, -0.18516948504292116, -0.18516948504292113, -0.18042154952900002, -0.18043068806631302, -0.18042459570191824, -0.1804215495290001], "lon": [11.982615, 11.982615, 11.982615, 11.982615, 11.982615, 11.982615, 11.982615, 11.982615, 11.982615, 11.982615, 11.982615, 11.982615, 11.982615, 11.982615, 11.982615], "covariance": [[380.25, 380.25, 380.25, 380.25, 380.25, 380.25, 380.25, 380.25, 380.25], [380.25, 380.25, 380.25, 380.25, 380.25, 380.25, 380.25, 380.25, 380.25], [380.25, 380.25, 380.25, 380.25, 380.25, 380.25, 380.25, 380.25, 380.25], [380.25, 380.25, 380.25, 380.25, 380.25, 380.25, 380.25, 380.25, 380.25], [380.25, 380.25, 380.25, 380.25, 380.25, 380.25, 380.25, 380.25, 380.25], [380.25, 380.25, 380.25, 380.25, 380.25, 380.25, 380.25, 380.25, 380.25], [380.25, 380.25, 380.25, 380.25, 380.25, 380.25, 380.25, 380.25, 380.25], [380.25, 380.25, 380.25, 380.25, 380.25, 380.25, 380.25, 380.25, 380.25], [380.25, 380.25, 380.25, 380.25, 380.25, 380.25, 380.25, 380.25, 380.25], [380.25, 380.25, 380.25, 380.25, 380.25, 380.25, 380.25, 380.25, 380.25], [380.25, 380.25, 380.25, 380.25, 380.25, 380.25, 380.25, 380.25, 380.25], [380.25, 380.25, 380.25, 380.25, 380.25, 380.25, 380.25, 380.25, 380.25], [380.25, 380.25, 380.25, 380.25, 380.25, 380.25, 380.25, 380.25, 380.25], [380.25, 380.25, 380.25, 380.25, 380.25, 380.25, 380.25, 380.25, 380.25]], "y_mid": [], "lat_start": [57.69121166666667], "lat": [57.69121166666667, 57.69121166666667, 57.69121166666667, 57.69121166666667, 57.69121166666667, 57.69121166666667, 57.69121166666667, 57.69121166666667, 57.69121166666667, 57.69121166666667, 57.69121166666667, 57.69121166666667, 57.69121166666667, 57.69121166666667, 57.69121166666667], "x_mid": [], "radius": [], "y_gps": [-677780.6818801753, -677780.6818801753, -677780.6818801753, -677780.6818801753, -677780.6818801753, -677780.6818801753, -677780.6818801753, -677780.6818801753, -677780.6818801753, -677780.6818801753, -677780.6818801753, -677780.6818801753, -677780.6818801753, -677780.6818801753], "angle_north": [0, 0.004747935513921054, 0.0044684534429426355, 1.5764339983319295, 0.020280164365840007, 0.02304856638469102, 1.5879962168709638, 1.5879962168709638, 1.5879962168709638, 0.02339627306113715, 1.5881888905882409, 0.02338277442038335, 1.589382696679485, 1.589396134750251], "y": [-677780.6818801753, -677780.6818801753, -677780.6818697412, -677780.6817859361, -677780.6811846225, -677780.6811944712, -677780.680912335, -677780.6806101995, -677780.680361893, -677780.6810372565, -677780.4833941779, -677780.6808845223, -677780.4205412164, -677780.6809865864, -677780.3587965987, -677780.6812812006, -677780.312493972, -677780.6818013482, -677780.2684048102, -677780.6822787366, -677780.2342389273, -677780.6829753338, -677780.1934720548, -677780.6838306888, -677780.152714002, -677780.6849815743, -677780.1130750516, -677780.6861955647, -677780.0767605063, -677780.687350734, -677780.0448776608, -677780.6888916915, -677780.011931895, -677780.6913927157, -677779.9680121212, -677780.6932890658, -677779.9361926767, -677780.694532381, -677779.9219255461, -677780.6947323839, -677779.9208284282, -677780.6948640692, -677779.9186384379, -677780.6948827418, -677779.9175457485, -677780.6949014047, -677779.9175457485, -677780.6949014047, -677779.9175457485, -677780.695048325, -677779.9164508082, -677780.6950483246, -677779.9164508083, -677780.6950483246, -677779.9164508083, -677780.6950483246, -677779.9164508083, -677780.6950483246, -677779.9164508083, -677780.6950483246, -677779.9164508083, -677780.6950483246, -677779.9164508083, -677780.6950483246, -677779.9164508083, -677780.6950483246, -677779.9164508083, -677780.6950483246, -677779.9164508083, -677780.6950483246, -677779.9164508083, -677780.6950483246, -677779.9164508083, -677780.6950483246, -677779.9164508083, -677780.6950483246, -677779.9153595498, -677780.6949204202, -677779.915363276, -677780.6950959753, -677779.9142695618, -677780.6950959752, -677779.9142695618, -677780.6952580676, -677779.9120875648, -677780.6951048461, -677779.9131792518, -677780.6952719057, -677779.913174936, -677780.6952529139, -677779.9120860121, -677780.6952719177, -677779.9131740985, -677780.695252926, -677779.9131740985, -677780.695252926, -677779.9131740985, -677780.695252926, -677779.9131740985, -677780.695252926, -677779.9131740985, -677780.6954202099, -677779.9131698137, -677780.6955685092, -677779.9131655593, -677780.6958948798, -677779.9120695004, -677780.696231614, -677779.9120623665, -677780.6963749445, -677779.9098846436, -677780.6962221195, -677779.9109764152, -677780.6964006266, -677779.9109719855, -677780.6963801197, -677779.9109719855, -677780.6962013819, -677779.9098880993, -677780.696241975, -677779.910976401, -677780.6962216645, -677779.910976401, -677780.6962216645],