{"x_mid": [], "x_goal": [-5.01248596094479, -4.954230640304657, 0.8669915043724238], "y_gps": [0.0, 0.0, 0.0, 0.0, 0.0, 0.0, 0.0, 0.0, 0.0, 0.0, 0.0, 0.0], "x_gps": [0.0, 0.0, 0.0, 0.0, 0.0, 0.0, 0.0, 0.0, 0.0, 0.0, 0.0, 0.0], "y": [-0.053061860415682296, -0.053061860415682296, -0.053061860415682296, -0.05344713111114996, -0.05434982175310244, -0.05546975378522467, -0.05698756586233515, -0.05928542127489017, -0.0611227727366555, -0.06347121616778584, -0.06600030909361851, -0.0687100515141535, -0.07062728782208254, -0.07360598928280201, -0.07581873893933648, -0.07790927873263141, -0.07999981852592634, -0.08209035831922128, -0.08462887092536513, -0.08701805926055933, -0.08972613118641694, -0.09153151247032201, -0.09390734842570607, -0.0955768547727327, -0.09728740167530302, -0.09905693295382403, -0.10091907464858452, -0.10286555905495764, -0.10412722703497508, -0.10547111802616409, -0.10687836308079893, -0.1080429796777381, -0.1087789887196351, -0.10981806030819556, -0.1105107747005692, -0.11108171417341142, -0.11153846575168519, -0.11192811759739536, -0.1121212905729516, -0.11218075072510483, -0.11205697689797668, -0.11164561800619079, -0.11110814043306153, -0.11050326226422862, -0.10936997220130132, -0.1090115347038547, -0.10856060803534556, -0.10856060803534556, -0.10796697855576462, -0.10727560653930623, -0.10727560653930623, -0.10727560653930623, -0.10727560653930623, -0.10727560653930623, -0.10826316735021622, -0.10826316735021622, -0.10826316735021622, -0.10718242510890792, -0.10718242510890792, -0.10718242510890792, -0.10828306839175712, -0.10719144666944211, -0.10719144666944211, -0.10824223064950694, -0.10824223064950694, -0.10824223064950694, -0.10824223064950694, -0.10737394207879675, -0.10817746368222521, -0.1089174800283393, -0.1089174800283393, -0.10833173257985512, -0.10833173257985512, -0.10880272208178118, -0.10880272208178118, -0.10880272208178118, -0.10916224058294399, -0.10882756859416344, -0.10851793172076676, -0.10620207200534237, -0.10290052169797295, -0.09869677510738648, -0.09349942567021675, -0.08802517688866832, -0.0810970375838818, -0.0757618008180934, -0.0698337599672174, -0.06435951118566885, -0.05916216174849904, -0.05255812902755584, -0.045859205141090424, -0.03969180993391067, -0.03245202413901151, -0.02600832172107022, -0.017964095432571162, -0.011626220174965845, -0.004906791580638522, 0.002458205258878226, 0.009970868864138928, 0.01877881929789286, 0.02551431080605763, 0.03528761968619432, 0.04309510542740068, 0.05104973989267776, 0.05885722563388412, 0.065318593143848, 0.07162744116803327, 0.07532544993349045], "x": [-4.014184244219273, -4.014184244219273, -4.014184244219273, -4.020789265485202, -4.035096020251372, -4.051598682875765, -4.072495084618758, -4.1021793958623185, -4.12747504007752, -4.156049104240469, -4.1868211733390295, -4.219791247373201, -4.246186702206455, -4.284666364929589, -4.313251257238203, -4.344056227470403, -4.374861197702602, -4.405666167934801, -4.443072203216758, -4.4782778834821295, -4.521198147780638, -4.549811657312977, -4.590542621786214, -4.619164380605245, -4.651097131520709, -4.684131011778086, -4.716055281230082, -4.752392549513197, -4.781035184225209, -4.808570108814641, -4.8405176629165005, -4.86695701803528, -4.885688600219706, -4.912133186833012, -4.929762911241883, -4.946293674974072, -4.959518285959823, -4.969435005939813, -4.977151544569836, -4.982664764055399, -4.988176914692437, -4.993675087886128, -4.998053050609361, -5.00130540471968, -5.005568161266905, -5.006610987975736, -5.007617283222597, -5.007617283222597, -5.008546567369239, -5.009405619008597, -5.009405619008597, -5.009405619008597, -5.009405619008597, -5.009405619008597, -5.008915018734462, -5.008915018734462, -5.008915018734462, -5.009134019172998, -5.009134019172998, -5.009134019172998, -5.0092014680287775, -5.0090454968788904, -5.0090454968788904, -5.009379888881585, -5.009379888881585, -5.009379888881585, -5.009379888881585, -5.0087001536815245, -5.00945534770762, -5.010272868833776, -5.010272868833776, -5.009338596437297, -5.009338596437297, -5.010335659059855, -5.010335659059855, -5.010335659059855, -5.011378113582388, -5.010327418743649, -5.009269075703392, -5.000756816733587, -4.986806983476438, -4.9674084997859085, -4.940335160982394, -4.911069633927866, -4.871981381148651, -4.842690192675758, -4.810144427705877, -4.7808789006513495, -4.753805561847835, -4.720265599091997, -4.6878697211973055, -4.658742385070223, -4.625333885380979, -4.596266426382115, -4.560777325361623, -4.532816215466689, -4.503811254634664, -4.4726923958302525, -4.4416088561783855, -4.405166085552058, -4.377298084484867, -4.337685731652192, -4.3066749316280735, -4.2757015504394005, -4.244690750415282, -4.219026640050495, -4.194461544624995, -4.179473086796415], "y_goal": [-0.11131718105581534, -1.1096188977813328, 1.343282884626618], "radius": [], "y_mid": []}