{"lon_start": [11.979416666666667], "x_goal": [6397769.8023317335], "x_gps": [6397764.8023318015, 6397764.987770226, 6397764.979032896, 6397765.345541087, 6397765.513504894, 6397765.880013099, 6397766.233415384, 6397766.418853811, 6397766.785362029, 6397767.156238883, 6397767.540221648, 6397767.716922799, 6397768.083431019, 6397768.4630451435, 6397768.838290633, 6397769.22227342, 6397769.4033432, 6397769.968395774], "angle": [-0.0001645081621225291, -0.00013708975239321318, -0.00015536743927690538, -2.8941265531755034e-05, 0.009623817662964176, 0.009884308258465303, 0.010016856513398113, 0.01961329699872471, 0.014559133863780658, 0.01424380654176317, 0.018781526241425234, 0.01872515665345942, 0.01853928833250496, 0.0182848340147228, 0.009111969434164655, 0.004907909503271484, 0.004647399353241548, -0.009600978214861597, -0.014298642150472867, -0.028585097224104884, -0.028706956018331384, -0.03332693926000643, -0.028473905037452302, -0.03323554859744738, -0.028487613083526323, -0.023761001039852143, -0.009538518098241478, 0.004687010338879447, 0.01886226955107385, 0.033262966380927565, 0.03815408083725584, 0.03326905752028946, 0.03818607543792856, 0.04288678706456639, 0.04287764346013632, 0.03808096825194699, 0.028487613083526323, 0.02376709368263057, 0.023785372761712668, 0.009427328152698634, 0.004546874832043238, 0.009203409105033412, 0.013707580075105709, 0.009258226890232308, -0.00012185963056718066, -0.000362538746770162, -0.0049825222699439, -0.004802771122630762, -0.009602490977255062, -0.004907870512949526, -0.009687802917924626, -0.009465406236166679, -0.009701503411000262, -0.004923114870170914, -0.004955093571743492, -0.004976417041485737, -0.0007251857233548429, -0.0052354037258830295, -0.0005149130072165966, -0.00035647027638673214, 0.004379292447675654, 0.0045453441873609226, 0.00452401423678584, -0.00019193189008251122, 0.004651970226400966, 0.004808865143658303, 0.009111996726906038, -0.0003564702763867252, -0.00022392127713520896, -0.00032902534258506995, 0.009111996726906029, 0.00916682989602001, 0.004394498709852215, -0.0003503653803474301, 0.004278744499764665, 0.004044105232187088, 0.008941334123065924, 0.004048659044252994, -0.0052414960756261035, -0.004869787348628426, -0.00010966612231334323, 0.00940448036528306, 0.009629919480189464, 0.009399905740322016, 0.0, -0.018831799260415952, -0.019136449264707204, -0.02876180177510067, -0.019013066305438715, -0.00955375360297354, -0.009623817662964164, 0.004345770048702387, -7.921406939559085e-05, 0.00020107369899231733, 0.005186664036479278, -0.009112003062055032, -0.019046574448753576, -0.023856960139168496, -0.014312347189680963, 0.0, 0.009495871027842112, 0.014207252030623318, 0.018991742055684224, 0.0284556278375606, 0.03319747100100941, 0.03319442437571621, 0.037709299387722675, 0.028227136405465075, 0.033121310008299175, 0.028295690938785107, 0.01882114532979683, 0.00925061843551762, 0.004793638503194771, 0.009305454042946908, -0.00040215841950383527, -0.00024371554727607188, -0.005083063788227526, -0.005104381896690072, -0.004976417041485734, -0.009605537150155448, -0.0047844902199303966, -0.004757074106909683, -0.004769258984167945, -0.00012794536835466846, -0.0047844900250609106, -0.004747935513921059, -0.009581166207904671, -0.004907870512949529, -0.009709118883725372, -0.014572847673585269, -0.014323020611158772, -0.009788350772255917, -0.009989459788014033, -0.014729789174862206, -0.019348188438453234, -0.019259830586586753, -0.023878285931637176, -0.023890470669578508, -0.024038231842623957, -0.023910274295492667, -0.023779279506430395, -0.01879372754666396, -0.018882070504268492, -0.01890035139312517, -0.009340503588565207, -0.004429571897781957, -0.004766213200999397, 0.004514881693346577, 0.004720517730440884, -0.0047296583140253225, -0.004747935513921054, -7.310991308313232e-05, -0.004738796920932433, -0.004750981686839247, -0.0047342276905533165, -0.00014622695311473775, 0.009230795307709464], "lon": [11.979416666666667, 11.979416666666667, 11.979416666666667, 11.979413333333333, 11.979411666666667, 11.979405, 11.979403333333334, 11.979396666666666, 11.979396666666666, 11.979395, 11.979395, 11.9794, 11.979396666666666, 11.979395, 11.979398333333334, 11.9794, 11.979405, 11.979403333333334, 11.979406666666666], "covariance": [[225.0, 225.0, 225.0, 225.0, 225.0, 225.0, 225.0, 225.0, 225.0], [225.0, 225.0, 225.0, 225.0, 225.0, 225.0, 225.0, 225.0, 225.0], [225.0, 225.0, 225.0, 225.0, 225.0, 225.0, 225.0, 225.0, 225.0], [225.0, 225.0, 225.0, 225.0, 225.0, 225.0, 225.0, 225.0, 225.0], [225.0, 225.0, 225.0, 225.0, 225.0, 225.0, 225.0, 225.0, 225.0], [225.0, 225.0, 225.0, 225.0, 225.0, 225.0, 225.0, 225.0, 225.0], [225.0, 225.0, 225.0, 225.0, 225.0, 225.0, 225.0, 225.0, 225.0], [380.25, 380.25, 380.25, 380.25, 380.25, 380.25, 380.25, 380.25, 380.25], [380.25, 380.25, 380.25, 380.25, 380.25, 380.25, 380.25, 380.25, 380.25], [380.25, 380.25, 380.25, 380.25, 380.25, 380.25, 380.25, 380.25, 380.25], [729.0, 729.0, 729.0, 729.0, 729.0, 729.0, 729.0, 729.0, 729.0], [380.25, 380.25, 380.25, 380.25, 380.25, 380.25, 380.25, 380.25, 380.25], [729.0, 729.0, 729.0, 729.0, 729.0, 729.0, 729.0, 729.0, 729.0], [729.0, 729.0, 729.0, 729.0, 729.0, 729.0, 729.0, 729.0, 729.0], [729.0, 729.0, 729.0, 729.0, 729.0, 729.0, 729.0, 729.0, 729.0], [729.0, 729.0, 729.0, 729.0, 729.0, 729.0, 729.0, 729.0, 729.0], [729.0, 729.0, 729.0, 729.0, 729.0, 729.0, 729.0, 729.0, 729.0], [729.0, 729.0, 729.0, 729.0, 729.0, 729.0, 729.0, 729.0, 729.0]], "y_mid": [], "lat_start": [57.686971666666665], "lat": [57.686971666666665, 57.686971666666665, 57.686973333333334, 57.686973333333334, 57.686976666666666, 57.686978333333336, 57.68698166666667, 57.686985, 57.68698666666667, 57.68699, 57.686993333333334, 57.686996666666666, 57.686998333333335, 57.68700166666667, 57.687005, 57.68700833333333, 57.68701166666666, 57.68701333333333, 57.687018333333334], "x_mid": [], "radius": [], "y_gps": [-677610.8687675027, -677610.8606105206, -677610.6619785591, -677610.5463486405, -677610.1409278038, -677610.0252979433, -677609.6117202543, -677609.6035633258, -677609.4879335319, -677609.4716196831, -677609.7532535868, -677609.5464648223, -677609.4308350582, -677609.6131529966, -677609.696155013, -677609.9777887613, -677609.8703159352, -677610.0444768025], "angle_north": [0, 0, 0, 0, 0, 0, 0, 0, 0, 0, 0, 0, 0, 0, 0, 0, 0, 0],