{"lat_start": [57.681175], "x_gps": [6397129.255643251, 6397129.255643251, 6397129.441081295, 6397129.807583027, 6397129.807583027, 6397130.182833456, 6397130.368271498, 6397130.54933519, 6397130.734773231, 6397130.9158369275, 6397130.895988129, 6397130.858099219, 6397131.029711498, 6397131.201323773, 6397131.372936047, 6397131.3350471435, 6397131.506659418, 6397131.468770519, 6397131.640382798], "y_goal": [-677857.2545502915], "x_ordometry": [6397151.217948933, 6397151.217948933, 6397151.220092494, 6397151.220092494, 6397151.220092494, 6397151.225457495, 6397151.235103523, 6397151.250108455, 6397151.264025443, 6397151.284292038, 6397151.300271885, 6397151.318359194, 6397151.333254626, 6397151.354533814, 6397151.375813003, 6397151.399220109, 6397151.41842004, 6397151.440847589, 6397151.462207158, 6397151.48466183, 6397151.505002043, 6397151.524271719, 6397151.548922679, 6397151.573601682, 6397151.590769683, 6397151.611179389, 6397151.638063536, 6397151.658473242, 6397151.678905194, 6397151.69716651, 6397151.717598462, 6397151.736955047, 6397151.756311632, 6397151.779969681, 6397151.802576441, 6397151.827309856, 6397151.854222666, 6397151.872503885, 6397151.890765202, 6397151.911197153, 6397151.93375525, 6397151.959535931, 6397151.9799229335, 6397152.005674935, 6397152.026038772, 6397152.04747439, 6397152.065673528, 6397152.086037366, 6397152.106377579, 6397152.125647254, 6397152.146011092, 6397152.166351305, 6397152.185620981, 6397152.207031732, 6397152.230583558, 6397152.251994309, 6397152.26912291, 6397152.291630309, 6397152.311970523, 6397152.333381274, 6397152.35265095, 6397152.37510562, 6397152.40186906, 6397152.423279811, 6397152.442549487, 6397152.462913323, 6397152.483253537, 6397152.505760936, 6397152.527196554, 6397152.545437555, 6397152.566897557, 6397152.589455653, 6397152.610939555, 6397152.630275066, 6397152.65285775, 6397152.671119066, 6397152.692602967, 6397152.710843968, 6397152.731253675, 6397152.7494946765, 6397152.772002075, 6397152.794535077, 6397152.818141079, 6397152.83960108, 6397152.858915081, 6397152.880375084, 6397152.901835085, 6397152.9200553605, 6397152.940442362, 6397152.966194363, 6397152.989800366, 6397153.013406367, 6397153.039158369, 6397153.060618371, 6397153.076695085, 6397153.087387785, 6397153.09059172, 6397153.092722367, 6397153.095905847, 6397153.096965571, 6397153.099079135, 6397153.101186622, 6397153.103287843, 6397153.105382608, 6397153.107470728, 6397153.1095520165, 6397153.11058736, 6397153.11162089, 6397153.114704739, 6397153.114704739, 6397153.114704739, 6397153.115714701, 6397153.115714701, 6397153.115714701, 6397153.116700178, 6397153.115726723, 6397153.116692701, 6397153.116692701, 6397153.116692701, 6397153.117629597, 6397153.116701079, 6397153.116701079, 6397153.117609319, 6397153.116710078, 6397153.116710078, 6397153.116710078, 6397153.115845381, 6397153.116693591, 6397153.115855504, 6397153.115855504, 6397153.115855504, 6397153.115048795, 6397153.1158447135, 6397153.115059746, 6397153.115833604, 6397153.1150710145, 6397153.1150710145, 6397153.1150710145, 6397153.1150710145, 6397153.1150710145, 6397153.1150710145, 6397153.1150710145, 6397153.1150710145, 6397153.1150710145, 6397153.1150710145, 6397153.115691345, 6397153.115691345, 6397153.11509283, 6397153.11509283, 6397153.115660239, 6397153.115660239, 6397153.115115434, 6397153.115115434, 6397153.115115434, 6397153.115115434, 6397153.115115434, 6397153.114640231, 6397153.114640231, 6397153.114198357, 6397153.114625797, 6397153.114212878, 6397153.114611192, 6397153.114611192, 6397153.114247267, 6397153.114596328, 6397153.114930456, 6397153.114930456, 6397153.114621367, 6397153.114915348, 6397153.114636535], "x_goal": [6397170.657018456], "lon": [11.983003333333333, 11.983003333333333, 11.983003333333333, 11.983003333333333, 11.983001666666667, 11.983001666666667, 11.983003333333333, 11.983003333333333, 11.983001666666667, 11.983001666666667, 11.983, 11.983, 11.982998333333333, 11.982998333333333, 11.982998333333333, 11.982998333333333, 11.982996666666667, 11.982996666666667, 11.982995, 11.982995], "k2": -0.23214285714285715, "k1": 0.11940298507462686, "m1": -1441689.3276742783, "y_gps": [-677852.9998572357, -677852.9998572357, -677852.9916909559, -677852.8760266828, -677852.8760266828, -677852.9590258354, -677852.9508595548, -677852.8433615792, -677852.835195303, -677852.7276973422, -677852.1086738228, -677852.0167480486, -677851.9460148728, -677851.8752816982, -677851.8045485235, -677851.71262276, -677851.6418895896, -677851.5499638306, -677851.4792306636], "m2": 807200.4008010797, "y_ordometry": [-677852.5510860268, -677852.5510860268, -677852.5516046815, -677852.5516046815, -677852.5516046815, -677852.5528758602, -677852.5552098068, -677852.5588403902, -677852.5622777618, -677852.567590815, -677852.57186125, -677852.5767870088, -677852.580843516, -677852.5866385264, -677852.5924335368, -677852.5988080482, -677852.6038414671, -677852.60960737, -677852.6150987061, -677852.6207580599, -677852.6257819106, -677852.6305413481, -677852.6365058781, -677852.6423533, -677852.6464210718, -677852.6511547007, -677852.6572555846, -677852.6619892133, -677852.6666258852, -677852.6708612372, -677852.6754979091, -677852.6798905456, -677852.684283182, -677852.6896519599, -677852.694669424, -677852.7002822373, -677852.7062554087, -677852.7104040098, -677852.7146393618, -677852.7192760337, -677852.7245079392, -677852.7304872598, -677852.7353177388, -677852.7414193965, -677852.7463466169, -677852.7515331646, -677852.756028189, -677852.7609554094, -677852.7659792601, -677852.7707386975, -677852.7756659179, -677852.7806897686, -677852.7854492061, -677852.7907374699, -677852.7965545602, -677852.8018428241, -677852.8060734352, -677852.8115193103, -677852.816543161, -677852.821831425, -677852.8265908624, -677852.8322502162, -677852.838860546, -677852.8441488099, -677852.8489082473, -677852.8538354677, -677852.8588593184, -677852.8643051937, -677852.8694917414, -677852.8738137489, -677852.8788984637, -677852.8841303692, -677852.8891131363, -677852.8935976268, -677852.8987223693, -677852.9029577214, -677852.9079404885, -677852.9122624961, -677852.9169961249, -677852.9213181324, -677852.9267640075, -677852.9321029581, -677852.9376961443, -677852.9427808591, -677852.9473571024, -677852.9524418171, -677852.957526532, -677852.9619350976, -677852.9667655766, -677852.9728672344, -677852.9784604206, -677852.9840536069, -677852.9901552645, -677852.9952399794, -677852.9991298901, -677853.0018248205, -677853.002648521, -677853.0032179123, -677853.0041174338, -677853.0044223093, -677853.0050521584, -677853.0057020489, -677853.0063719223, -677853.007061718, -677853.0077713741, -677853.0085008263, -677853.0088803377, -677853.0092647605, -677853.0104620747, -677853.0104620747, -677853.0104620747, -677853.0109047274, -677853.0109047274, -677853.0109047274, -677853.0113995002, -677853.0108814741, -677853.0114133129, -677853.0114133129, -677853.0114133129, -677853.0119948538, -677853.0114000273, -677853.0114000273, -677853.0120253796, -677853.0113871543, -677853.0113871543, -677853.0113871543, -677853.010702856, -677853.0114074873, -677853.0106908461, -677853.0106908461, -677853.0106908461, -677853.0099390573, -677853.0107022601, -677853.0099277982, -677853.010713362, -677853.0099168556, -677853.0099168556, -677853.0099168556, -677853.0099168556, -677853.0099168556, -677853.0099168556, -677853.0099168556, -677853.0099168556, -677853.0099168556, -677853.0099168556, -677853.0108285325, -677853.0108285325, -677853.0099023874, -677853.0099023874, -677853.0108479094, -677853.0108479094, -677853.009889185, -677853.009889185, -677853.009889185, -677853.009889185, -677853.009889185, -677853.0088941234, -677853.0088941234, -677853.0078838206, -677853.0089003147, -677853.0078778355, -677853.0089060923, -677853.0089060923, -677853.0078651677, -677853.0089111702, -677853.0099620384, -677853.0099620384, -677853.008903535, -677853.0099663334, -677853.0088994555],