{"x_mid": [], "x_goal": [-1.6728845454575283, -2.1086049488223226, -4.955658863756452], "y_gps": [0.0, 0.0, 0.0, 0.0, 0.0, 0.0, 0.0, 0.0, 0.0, 0.0, 0.0, 0.0, 0.0, 0.0, 0.0, 0.0], "x_gps": [0.0, 0.0, 0.0, 0.0, 0.0, 0.0, 0.0, 0.0, 0.0, 0.0, 0.0, 0.0, 0.0, 0.0, 0.0, 0.0], "y": [-0.22322031606265416, -0.22322031606265416, -0.22322031606265416, -0.22182156539679093, -0.21766806151442247, -0.21081695795553054, -0.20097879846192238, -0.19203501710409676, -0.17478148309410613, -0.16504872031923962, -0.15148962791169018, -0.14030990121440828, -0.1286829854492351, -0.11589425880597026, -0.10219205168818651, -0.08788553831558416, -0.07343178143499755, -0.05883110687528982, -0.04752735882906448, -0.033731532059946535, -0.01787714066306706, 7.315814469054105e-05, 0.013657168053263861, 0.027862510148516442, 0.04319277001412972, 0.05866792329717604, 0.07327989870190188, 0.08839573532748032, 0.10149612706964832, 0.11726001736696953, 0.13382900406900178, 0.14460520649123942, 0.15589456140977412, 0.16513130634312068, 0.17334174628387317, 0.1811084588004508, 0.18675313625971812, 0.19188466122268844, 0.19710863622593505, 0.20092575101496218, 0.20502598315435144, 0.2087508032268072, 0.2121299891187152, 0.21509005450317156, 0.2174789972801714, 0.21834079212291688, 0.22016383318317226, 0.22016383318317226, 0.22215371696746766, 0.22215371696746766, 0.22215371696746766, 0.2210737949081859, 0.22217055216249315, 0.22217055216249315, 0.22106937770995846, 0.22216083713562243, 0.2210956617371061, 0.22213783900308642, 0.22213783900308642, 0.22213783900308642, 0.22213783900308642, 0.22213783900308642, 0.22213783900308642, 0.22213783900308642, 0.22278342276392152, 0.22278342276392152, 0.22278342276392152, 0.22278342276392152, 0.22310700977686143, 0.22310700977686143, 0.22293117472864635, 0.22293117472864635, 0.22293117472864635, 0.22291404756980723, 0.22291404756980723, 0.22269006116338277, 0.22146709023731553, 0.21925348897753658, 0.21502598168947232, 0.2112398037815919, 0.20464481678689359, 0.1998084929907815, 0.19244581080613743, 0.18646363153111412, 0.18002128461955055, 0.1734974186739328, 0.16719851362299157, 0.16112121101638757, 0.15601071990992466, 0.1486341254627028, 0.14381083816163048, 0.13878015453886056, 0.13388645279947733, 0.12960916651114482, 0.1253295374089056, 0.1206308890590626, 0.11640709695517093, 0.11171571557448415, 0.10794636911749748, 0.10426934046777, 0.10049999401078334, 0.09665922928110598, 0.09293485136141885, 0.09017965647980015, 0.08700058546254781, 0.08382151444529547, 0.08043050536022629, 0.07746337241079077, 0.07468389303336542, 0.07084312830368794, 0.06665320314403977, 0.06342900706622638, 0.060355905082882445, 0.05690935065487502, 0.05357397540196461, 0.049865059215170204, 0.04633858157951552, 0.043689355731805234, 0.04101418806167627, 0.0383390203915473, 0.03481254275589249, 0.03195137884036527, 0.028772307823112808, 0.025805174873677172, 0.022883236261277466, 0.02002207234575025, 0.01635315956754867, 0.012795425964444107, 0.009682409061727614, 0.005902317108429015, 0.003011658555906557, -0.0017602006536929014, -0.004762038381312377, -0.008542130334610976, -0.012615668684269051, -0.01579473970152163, -0.01918574878659105, -0.022152881736026794, -0.025120014685462537, -0.028243466305614067, -0.030863135406386317, -0.03388583052266199, -0.03646545649028645, -0.04039496014144483, -0.04297458610906929, -0.0456950117137174, -0.04811316780673794, -0.05012829788425505, -0.0515614234218242], "x": [-2.5729666139888487, -2.5729666139888487, -2.5729666139888487, -2.5699687511779796, -2.560955340656898, -2.5459002916208955, -2.5237251327681554, -2.5035658974474826, -2.4641730261993042, -2.4419514065208445, -2.4117765908811766, -2.3865775467303356, -2.360370540813461, -2.3322677826129232, -2.302157684540918, -2.2711114927460807, -2.240133577033768, -2.209224635734465, -2.185295132793069, -2.156445493012103, -2.1236914987326583, -2.0870521368916117, -2.059325052255144, -2.030674837462025, -2.0001211882152488, -1.9696406701634097, -1.9411956929880507, -1.9117698545307829, -1.8862674612011507, -1.855935265228286, -1.8247805412924774, -1.804283858160831, -1.7828111424991062, -1.765242556957695, -1.7496260364764407, -1.7350222596315303, -1.724285901800668, -1.714525576499884, -1.7048144188146146, -1.6981053265574968, -1.6915654197821484, -1.6860972889442836, -1.68174065867381, -1.6784705741691868, -1.6761822041671406, -1.675494254580874, -1.6742531336240243, -1.6742531336240243, -1.673302227497266, -1.673302227497266, -1.673302227497266, -1.6735252372058076, -1.6734108321825283, -1.6734108321825283, -1.6733526960551028, -1.6735097989078982, -1.6732245510251318, -1.6735848724517788, -1.6735848724517788, -1.6735848724517788, -1.6735848724517788, -1.6735848724517788, -1.6735848724517788, -1.6735848724517788, -1.674478844818227, -1.674478844818227, -1.674478844818227, -1.674478844818227, -1.6755330062998246, -1.6755330062998246, -1.6744444076501623, -1.6744444076501623, -1.6744444076501623, -1.6755469826565257, -1.6755469826565257, -1.6788475151814042, -1.6909154936867494, -1.7073073236917795, -1.7323147957508565, -1.752921304823377, -1.7853385013761969, -1.8091111121815981, -1.8436210970395561, -1.871660459736647, -1.9018566964873604, -1.933162697906555, -1.9633891820354326, -1.994784929275509, -2.0218747981528717, -2.063123304690505, -2.0925031340486355, -2.124083488290198, -2.1568007645993648, -2.1873788837312165, -2.219069755074275, -2.2551544966073362, -2.2901874485827505, -2.3307170304230294, -2.3646925271394785, -2.3964589561494267, -2.430434452865876, -2.466620560616152, -2.501710119646723, -2.530247835576731, -2.563175969342125, -2.596104103107519, -2.6312274457906057, -2.661960370638307, -2.6893875945140917, -2.725573702264368, -2.76504945617376, -2.7968650358696703, -2.8286955651762176, -2.862705322782191, -2.8956179914331326, -2.934034147492759, -2.972467480176296, -2.9999075916474576, -3.0306673059759546, -3.0614270203044516, -3.0998603529879887, -3.129495673376843, -3.162423807142237, -3.193156731989938, -3.2250014933562974, -3.254636813745152, -3.2908407492611875, -3.325947595822192, -3.3566660865630706, -3.393967111034138, -3.4224914238649538, -3.4674499213728724, -3.49707132315872, -3.534372347629787, -3.572751552819474, -3.605679686584868, -3.6408030292679547, -3.671535954115656, -3.702268878963357, -3.7363098307687754, -3.764860306476546, -3.797803163062435, -3.8274643161649147, -3.8702900297265703, -3.89995118282905, -3.92959975375635, -3.955954039025061, -3.977915943415654, -3.99439436180592], "y_goal": [0.2125000873021404, 1.1125821558334608, -0.14056726666690111], "radius": [], "y_mid": []}