{"lon_start": [11.979243333333333], "x_goal": [6397796.023341796], "x_gps": [6397781.779216942, 6397782.171935861, 6397782.520970706, 6397782.525339108, 6397782.344269073, 6397781.801058979, 6397781.275322616, 6397780.89570888, 6397780.5204635775, 6397780.516095154, 6397780.326288292, 6397780.13211302, 6397779.946674579, 6397779.769972974, 6397779.756867727, 6397779.748130907, 6397779.558324063], "angle": [0.27057139953604636, 0.27055921438041713, 0.2751365375774912, 0.279907299504323, 0.2847618811081412, 0.28455776721912446, 0.28943213952682767, 0.2893773012878235, 0.2894686989099076, 0.28471619583623503, 0.2800276677362916, 0.2753665517613474, 0.2752279436221664, 0.26582346402212526, 0.2706962971726593, 0.2658539262848458, 0.27049524038791284, 0.2705546411061821, 0.2752660212182731, 0.28004899120645366, 0.28009621007537666, 0.280085548250943, 0.2847695108858505, 0.28470858213835054, 0.2848075901873457, 0.284717720675542, 0.28000634348663506, 0.2753162869282623, 0.27525231443906667, 0.2753071498943382, 0.2800322378296822, 0.2753071487807525, 0.2801221029569476, 0.27538025980742137, 0.2753558900343447, 0.27534218221098333, 0.2753574133423497, 0.2706079545204236, 0.27052570434408735, 0.2752980108002662, 0.27049371593146837, 0.2752340359725745, 0.27525231443906667, 0.2752020476087576, 0.2752736398580084, 0.2752203248083929, 0.2753391355856902, 0.27533152011280576, 0.2753193350499674, 0.27527059368510803, 0.27528887158091786, 0.2705257023952471, 0.2657747216828591, 0.26582955673449576, 0.2658173707297653, 0.26571988625554255, 0.2705470291134378, 0.26582346402212526, 0.26580061602593874, 0.2658234636045376, 0.26109532904392707, 0.2658386955362647, 0.2610816212205747, 0.2658112788664961, 0.270534843716548, 0.27060795474313, 0.2753802598074214, 0.2706140471631996, 0.27061709333611733, 0.27057139953604636, 0.2706323242935003, 0.2706140471631996, 0.2705637836455826, 0.2706308012082011, 0.2754122450533871, 0.27528277566684284, 0.26581584590443574, 0.2659574998062481, 0.2706323242935003, 0.27533456461531397, 0.2705729213128757, 0.27049524038791284, 0.2658310798197928, 0.2752157516452988, 0.27037490092328653, 0.27518528915105384, 0.2705043789251456, 0.27538025980742137, 0.2753345665641068, 0.27535284369439605, 0.2752568848874262, 0.2753193350499674, 0.2753391355856902, 0.2753376127370219, 0.2800946863985003, 0.270556167650721, 0.270534843716548, 0.2706323242935003, 0.27061709333611733, 0.2753863521718161, 0.275377213634503, 0.2801601805673082, 0.28009621007537666, 0.27538025980742137, 0.2754716487995255, 0.2753802598074213, 0.2802256758982948, 0.27063384737879953, 0.2706490787421634, 0.2658980968256533, 0.2706475555292687, 0.2706170930577319, 0.2659392219521562, 0.2659026659794751, 0.2610831443058716, 0.26592094418157136, 0.2610861898176047, 0.2658630645298248, 0.26579299978747506, 0.26105115594190076, 0.2657990914558217, 0.2706201395554317, 0.2705317967084495, 0.27051046883943547, 0.2706110008232534, 0.27052570434408735, 0.2706247088206082, 0.2706140471631996, 0.27061404709360454, 0.27535284369439605, 0.2706094778284287, 0.2706247088206082, 0.2658615423145077, 0.2706460321168681, 0.2658813426066611, 0.27062166256649595, 0.2659026659794751, 0.2706536477637472, 0.27542138402915256, 0.2706475555292687, 0.2754168145134307, 0.2659529294274971, 0.26113645326565815, 0.25638851775173715, 0.25638851775173715, 0.2516451515029928, 0.2517091228857339, 0.2469352937942945, 0.24221934420835217, 0.24695357189893663, 0.24697185083878387, 0.25171369521335785, 0.2518995321760472], "lon": [11.979243333333333, 11.979243333333333, 11.979251666666666, 11.979243333333333, 11.979245, 11.979246666666667, 11.979251666666666, 11.979263333333334, 11.97926, 11.979258333333334, 11.979256666666666, 11.979255, 11.979251666666666, 11.979251666666666, 11.979255, 11.97925, 11.979246666666667, 11.979245], "covariance": [[272.25, 272.25, 272.25, 272.25, 272.25, 272.25, 272.25, 272.25, 272.25], [272.25, 272.25, 272.25, 272.25, 272.25, 272.25, 272.25, 272.25, 272.25], [272.25, 272.25, 272.25, 272.25, 272.25, 272.25, 272.25, 272.25, 272.25], [272.25, 272.25, 272.25, 272.25, 272.25, 272.25, 272.25, 272.25, 272.25], [272.25, 272.25, 272.25, 272.25, 272.25, 272.25, 272.25, 272.25, 272.25], [272.25, 272.25, 272.25, 272.25, 272.25, 272.25, 272.25, 272.25, 272.25], [272.25, 272.25, 272.25, 272.25, 272.25, 272.25, 272.25, 272.25, 272.25], [324.0, 324.0, 324.0, 324.0, 324.0, 324.0, 324.0, 324.0, 324.0], [324.0, 324.0, 324.0, 324.0, 324.0, 324.0, 324.0, 324.0, 324.0], [324.0, 324.0, 324.0, 324.0, 324.0, 324.0, 324.0, 324.0, 324.0], [324.0, 324.0, 324.0, 324.0, 324.0, 324.0, 324.0, 324.0, 324.0], [324.0, 324.0, 324.0, 324.0, 324.0, 324.0, 324.0, 324.0, 324.0], [324.0, 324.0, 324.0, 324.0, 324.0, 324.0, 324.0, 324.0, 324.0], [324.0, 324.0, 324.0, 324.0, 324.0, 324.0, 324.0, 324.0, 324.0], [324.0, 324.0, 324.0, 324.0, 324.0, 324.0, 324.0, 324.0, 324.0], [324.0, 324.0, 324.0, 324.0, 324.0, 324.0, 324.0, 324.0, 324.0], [324.0, 324.0, 324.0, 324.0, 324.0, 324.0, 324.0, 324.0, 324.0]], "y_mid": [], "lat_start": [57.687128333333334], "lat": [57.687128333333334, 57.687128333333334, 57.687131666666666, 57.687135, 57.687135, 57.687133333333335, 57.687128333333334, 57.68712333333333, 57.68712, 57.68711666666667, 57.68711666666667, 57.687115, 57.687113333333336, 57.68711166666667, 57.68711, 57.68711, 57.68711, 57.687108333333335], "x_mid": [], "radius": [], "y_gps": [-677599.7731923625, -677600.253457086, -677599.7405662759, -677599.8398818211, -677599.9473538958, -677600.2697701748, -677600.9894488374, -677600.8071308187, -677600.7241283576, -677600.6248127626, -677600.5336537213, -677600.3431790664, -677600.3513356092, -677600.558123377, -677600.2601765399, -677600.0615453143, -677599.9703862263], "angle_north": [0, 0, 0, 0, 0, 0, 0, 0, 0, 0, 0, 0, 0, 0, 0, 0, 0],