{"lat_start": [57.68594], "x_gps": [6397648.653025408, 6397648.6573933875, 6397648.66176137, 6397648.66176137, 6397648.66176137, 6397648.66176137, 6397648.66176137, 6397648.66176137, 6397648.666129353, 6397648.66176137, 6397648.585885016, 6397648.518744627, 6397648.585885016, 6397648.722776582, 6397648.722776582], "y_goal": [-677584.9304379909], "x_ordometry": [6397648.653025408, 6397648.653025408, 6397648.653025408, 6397648.653025408, 6397648.653025408, 6397648.653025408, 6397648.653025408, 6397648.653025408, 6397648.653025408, 6397648.653025408, 6397648.653025408, 6397648.653025408, 6397648.653025408, 6397648.653025408, 6397648.653025408, 6397648.653025408, 6397648.653025408, 6397648.653025408, 6397648.653025408, 6397648.653025408, 6397648.653025408, 6397648.653025408, 6397648.653025408, 6397648.653025408, 6397648.653025408, 6397648.653025408, 6397648.653025408, 6397648.653025408, 6397648.653025408, 6397648.653025408, 6397648.653025408, 6397648.653025408, 6397648.653025408, 6397648.653025408, 6397648.653025408, 6397648.653025408, 6397648.653025408, 6397648.653025408, 6397648.653025408, 6397648.653025408, 6397648.653025408, 6397648.653025408, 6397648.653025408, 6397648.653025408, 6397648.653025408, 6397648.653025408, 6397648.653025408, 6397648.653025408, 6397648.653025408, 6397648.653025408, 6397648.653025408, 6397648.653025408, 6397648.653025408, 6397648.653025408, 6397648.653025408, 6397648.653025408, 6397648.653025408, 6397648.653025408, 6397648.653025408, 6397648.653025408, 6397648.653025408, 6397648.653025408, 6397648.653025408, 6397648.653025408, 6397648.653025408, 6397648.653025408, 6397648.653025408, 6397648.653025408, 6397648.653025408, 6397648.653025408, 6397648.653025408, 6397648.653025408, 6397648.653025408, 6397648.653025408, 6397648.653025408, 6397648.653025408, 6397648.653025408, 6397648.653025408, 6397648.653025408, 6397648.653025408, 6397648.653025408, 6397648.653025408, 6397648.653025408, 6397648.653025408, 6397648.653025408, 6397648.653025408, 6397648.653025408, 6397648.653025408, 6397648.653025408, 6397648.653025408, 6397648.653025408, 6397648.653025408, 6397648.653025408, 6397648.653025408, 6397648.653025408, 6397648.653025408, 6397648.653025408, 6397648.653025408, 6397648.653025408, 6397648.653025408, 6397648.653025408, 6397648.653025408, 6397648.653025408, 6397648.653025408, 6397648.653025408, 6397648.653025408, 6397648.653025408, 6397648.653025408, 6397648.653025408, 6397648.653025408, 6397648.653025408, 6397648.653025408, 6397648.653025408, 6397648.653025408, 6397648.653025408, 6397648.653025408, 6397648.653025408, 6397648.653025408, 6397648.653025408, 6397648.653025408, 6397648.653025408, 6397648.653025408, 6397648.653025408, 6397648.653025408, 6397648.653025408, 6397648.653025408, 6397648.653025408, 6397648.653025408, 6397648.653025408, 6397648.653025408, 6397648.653025408, 6397648.653025408, 6397648.653025408, 6397648.653025408, 6397648.653025408, 6397648.653025408], "x_goal": [6397657.653025408], "lon": [11.978896666666667, 11.978896666666667, 11.978898333333333, 11.9789, 11.9789, 11.9789, 11.9789, 11.9789, 11.9789, 11.978901666666667, 11.9789, 11.978898333333333, 11.9789, 11.978898333333333, 11.978898333333333, 11.978898333333333], "k2": -Infinity, "k1": -0.25, "m1": 921827.0560100556, "y_gps": [-677584.9304379909, -677585.0297568233, -677585.1290756541, -677585.1290756541, -677585.1290756541, -677585.1290756541, -677585.1290756541, -677585.1290756541, -677585.2283944864, -677585.1290756541, -677585.0037556386, -677585.077073287, -677585.0037556386, -677585.1291136309, -677585.1291136309], "m2": Infinity, "y_ordometry": [-677584.9304379909, -677584.9304379909, -677584.9304379909, -677584.9304379909, -677584.9304379909, -677584.9304379909, -677584.9304379909, -677584.9304379909, -677584.9304379909, -677584.9304379909, -677584.9304379909, -677584.9304379909, -677584.9304379909, -677584.9304379909, -677584.9304379909, -677584.9304379909, -677584.9304379909, -677584.9304379909, -677584.9304379909, -677584.9304379909, -677584.9304379909, -677584.9304379909, -677584.9304379909, -677584.9304379909, -677584.9304379909, -677584.9304379909, -677584.9304379909, -677584.9304379909, -677584.9304379909, -677584.9304379909, -677584.9304379909, -677584.9304379909, -677584.9304379909, -677584.9304379909, -677584.9304379909, -677584.9304379909, -677584.9304379909, -677584.9304379909, -677584.9304379909, -677584.9304379909, -677584.9304379909, -677584.9304379909, -677584.9304379909, -677584.9304379909, -677584.9304379909, -677584.9304379909, -677584.9304379909, -677584.9304379909, -677584.9304379909, -677584.9304379909, -677584.9304379909, -677584.9304379909, -677584.9304379909, -677584.9304379909, -677584.9304379909, -677584.9304379909, -677584.9304379909, -677584.9304379909, -677584.9304379909, -677584.9304379909, -677584.9304379909, -677584.9304379909, -677584.9304379909, -677584.9304379909, -677584.9304379909, -677584.9304379909, -677584.9304379909, -677584.9304379909, -677584.9304379909, -677584.9304379909, -677584.9304379909, -677584.9304379909, -677584.9304379909, -677584.9304379909, -677584.9304379909, -677584.9304379909, -677584.9304379909, -677584.9304379909, -677584.9304379909, -677584.9304379909, -677584.9304379909, -677584.9304379909, -677584.9304379909, -677584.9304379909, -677584.9304379909, -677584.9304379909, -677584.9304379909, -677584.9304379909, -677584.9304379909, -677584.9304379909, -677584.9304379909, -677584.9304379909, -677584.9304379909, -677584.9304379909, -677584.9304379909, -677584.9304379909, -677584.9304379909, -677584.9304379909, -677584.9304379909, -677584.9304379909, -677584.9304379909, -677584.9304379909, -677584.9304379909, -677584.9304379909, -677584.9304379909, -677584.9304379909, -677584.9304379909, -677584.9304379909, -677584.9304379909, -677584.9304379909, -677584.9304379909, -677584.9304379909, -677584.9304379909, -677584.9304379909, -677584.9304379909, -677584.9304379909, -677584.9304379909, -677584.9304379909, -677584.9304379909, -677584.9304379909, -677584.9304379909, -677584.9304379909, -677584.9304379909, -677584.9304379909, -677584.9304379909, -677584.9304379909, -677584.9304379909, -677584.9304379909, -677584.9304379909, -677584.9304379909, -677584.9304379909, -677584.9304379909, -677584.9304379909, -677584.9304379909, -677584.9304379909, -677584.9304379909], "covariance": [144.0, 182.25, 144.0, 144.0, 144.0, 144.0, 144.0, 144.0, 144.0, 144.0, 110.25, 144.0, 144.0, 182.25, 144.0], "y_mid": [],