{"lon_start": [11.982615], "x_goal": [6398247.597839583], "x_gps": [6398244.945186833, 6398244.945186833, 6398244.945186833, 6398244.945186833, 6398244.945186833, 6398244.945186833, 6398244.945186833, 6398244.945186833, 6398244.945186833, 6398244.945186833, 6398244.945186833, 6398244.945186833, 6398244.945186833, 6398244.945186833, 6398244.945186833, 6398244.945186833, 6398244.945186833, 6398244.945186833, 6398244.945186833, 6398244.945186833, 6398244.945186833, 6398244.945186833, 6398244.945186833, 6398244.945186833], "angle": [-0.2136570981264474, -0.2136570981264474, -0.2136570981264474, -0.21364795958913455, -0.2136570981264474, -0.21365709812644745, -0.21360378916666092, -0.22313012268921795, -0.23739677569605272, -0.25164058223781594, -0.26587981951440226, -0.2753833059803394, -0.28962406634918436, -0.2943780942275001, -0.3086127622319502, -0.3370394447112227, -0.37023844250079135, -0.4035471025702642, -0.441558002794658, -0.4653113884103374, -0.48912418190673584, -0.5127770355034739, -0.5365395606517364, -0.546055232632904, -0.5508701867115625, -0.5507422424845416, -0.5554901779288675, -0.5507559503496656, -0.5555297785990103, -0.5507605196148423, -0.5507239642128502, -0.5460125841009212, -0.5460186764653162, -0.5317687775591581, -0.5365410828461558, -0.527020842045237, -0.5270299805825499, -0.5222272132880013, -0.5127313403113665, -0.5080138690321696, -0.5080565161025782, -0.5080047302164763, -0.5080290999895528, -0.508010822859252, -0.5080321461624712, -0.5080412847276214, -0.5080519464546244, -0.5080199614522398, -0.5080412847276214, -0.5080351923400288, -0.5080290999895528, -0.5080473771198536, -0.5080351923400288, -0.512778558588773, -0.5175249710173949, -0.5127953127033695, -0.5175249710173948, -0.5127678969661611, -0.5175249710173948, -0.5127618045460909, -0.5175341095547079, -0.5127587583731731, -0.5175249710173949, -0.5127770355034739, -0.5175782799771814, -0.5127739893305555, -0.5175554330249518, -0.5175432482172907, -0.5127755124181745, -0.517524971017395, -0.5175280171903132, -0.5128227293035661, -0.5127739893305555, -0.512770943139079, -0.5175249710173949, -0.5127678969661611, -0.5175249710173949, -0.5127694200305818, -0.5175295402825717, -0.5127770355034739, -0.5175219248444767, -0.517524971017395, -0.5175219248444767, -0.5127770355034738, -0.5127678969104853, -0.5127770355034739, -0.512777035503474, -0.5127770355034738, -0.512770943152998, -0.5127770355034738, -0.5127831278678686, -0.5127770355034739, -0.5127800816763921, -0.5127755124181745, -0.5127770355034739, -0.5127770355034739, -0.5127861740964627, -0.5127770355034739, -0.5080260538166346, -0.5080290999895528, -0.5080290999895528, -0.5080260538166346, -0.5080443309469358, -0.5080290999895528, -0.508036715462445, -0.5080290999895528, -0.5080290999895528, -0.5080169152514842, -0.5080214845166607, -0.5080062535244813, -0.508010822859252, -0.5080062535244813, -0.5127678969661611, -0.5080062535244813, -0.5079651290591866, -0.5080473771894486, -0.512778558588773, -0.5079986379819958, -0.5127770355034738, -0.5127770355034738, -0.512778558588773, -0.5080062535244813, -0.512763327680106, -0.5080108227896571, -0.5127770355034739, -0.5127770355034738, -0.5127404807974645, -0.5079864529191533, -0.5127816047686505, -0.5127907433268416, -0.5127770355034738, -0.5080138690321696, -0.5127861740407867, -0.5080062535244813, -0.5127907433268416, -0.508010822859252, -0.5127770355034739, -0.5080260538166346, -0.5127846509763658, -0.5127496193904485, -0.5127770355034738, -0.5080290999895527, -0.5127800816763921, -0.508010822859252, -0.5127892202415424, -0.5080230076251578, -0.5127800816763921, -0.5175249710173949, -0.5316834802354006, -0.546017153366098, -0.5554810392941234, -0.5555084551287633, -0.5698131868455681, -0.5839960682122897, -0.5934645234054918, -0.6076717748515287, -0.6124836812958159, -0.6219795523236581, -0.6314510524091353, -0.6362233588654213, -0.6314754233515002, -0.6314754233515, -0.6267366263748919, -0.6172270475445603, -0.6077357457818949, -0.6077494536052628, -0.6029695330680781, -0.5934919392401318, -0.5887744657337675, -0.5840417620123818, -0.5840371924340207, -0.5792618405217363, -0.5792268092281218, -0.5792389941610558, -0.5745001971844477, -0.5744910586471345, -0.5697522616705266, -0.5697522616705266, -0.5650286957069757, -0.5555084551287633, -0.5507605196148424, -0.5460125841009212, -0.5460034455079326, -0.5459943069706207, -0.5412463713871044, -0.5412646485870002, -0.5412463713871044, -0.5412555099940116, -0.5412555099940116, -0.5412646485870003, -0.5412494176296171, -0.5412524638489316, -0.5412585562226053, -0.5412646485870003, -0.5412646485870002, -0.5412646485870002, -0.5412646485870002, -0.5412646485870002, -0.5412646485870003, -0.5412646485870003, -0.5412646485870003, -0.5412646485870002, -0.5412646485870003, -0.5412646485870002, -0.5412494176296171, -0.5412646485870002, -0.5412646485870002, -0.5412722640598923, -0.5412646485870003, -0.5412494176296171, -0.5412646485870003, -0.5412646485870003], "lon": [11.982615, 11.982615, 11.982615, 11.982615, 11.982615, 11.982615, 11.982615, 11.982615, 11.982615, 11.982615, 11.982615, 11.982615, 11.982615, 11.982615, 11.982615, 11.982615, 11.982615, 11.982615, 11.982615, 11.982615, 11.982615, 11.982615, 11.982615, 11.982615, 11.982615], "covariance": [[380.25, 380.25, 380.25, 380.25, 380.25, 380.25, 380.25, 380.25, 380.25], [380.25, 380.25, 380.25, 380.25, 380.25, 380.25, 380.25, 380.25, 380.25], [380.25, 380.25, 380.25, 380.25, 380.25, 380.25, 380.25, 380.25, 380.25], [380.25, 380.25, 380.25, 380.25, 380.25, 380.25, 380.25, 380.25, 380.25], [380.25, 380.25, 380.25, 380.25, 380.25, 380.25, 380.25, 380.25, 380.25], [380.25, 380.25, 380.25, 380.25, 380.25, 380.25, 380.25, 380.25, 380.25], [380.25, 380.25, 380.25, 380.25, 380.25, 380.25, 380.25, 380.25, 380.25], [380.25, 380.25, 380.25, 380.25, 380.25, 380.25, 380.25, 380.25, 380.25], [380.25, 380.25, 380.25, 380.25, 380.25, 380.25, 380.25, 380.25, 380.25], [380.25, 380.25, 380.25, 380.25, 380.25, 380.25, 380.25, 380.25, 380.25], [380.25, 380.25, 380.25, 380.25, 380.25, 380.25, 380.25, 380.25, 380.25], [380.25, 380.25, 380.25, 380.25, 380.25, 380.25, 380.25, 380.25, 380.25], [380.25, 380.25, 380.25, 380.25, 380.25, 380.25, 380.25, 380.25, 380.25], [380.25, 380.25, 380.25, 380.25, 380.25, 380.25, 380.25, 380.25, 380.25], [380.25, 380.25, 380.25, 380.25, 380.25, 380.25, 380.25, 380.25, 380.25], [380.25, 380.25, 380.25, 380.25, 380.25, 380.25, 380.25, 380.25, 380.25], [380.25, 380.25, 380.25, 380.25, 380.25, 380.25, 380.25, 380.25, 380.25], [380.25, 380.25, 380.25, 380.25, 380.25, 380.25, 380.25, 380.25, 380.25], [380.25, 380.25, 380.25, 380.25, 380.25, 380.25, 380.25, 380.25, 380.25], [380.25, 380.25, 380.25, 380.25, 380.25, 380.25, 380.25, 380.25, 380.25], [380.25, 380.25, 380.25, 380.25, 380.25, 380.25, 380.25, 380.25, 380.25], [380.25, 380.25, 380.25, 380.25, 380.25, 380.25, 380.25, 380.25, 380.25], [380.25, 380.25, 380.25, 380.25, 380.25, 380.25, 380.25, 380.25, 380.25], [380.25, 380.25, 380.25, 380.25, 380.25, 380.25, 380.25, 380.25, 380.25]], "y_mid": [], "lat_start": [57.69121166666667], "lat": [57.69121166666667, 57.69121166666667, 57.69121166666667, 57.69121166666667, 57.69121166666667, 57.69121166666667, 57.69121166666667, 57.69121166666667, 57.69121166666667, 57.69121166666667, 57.69121166666667, 57.69121166666667, 57.69121166666667, 57.69121166666667, 57.69121166666667, 57.69121166666667, 57.69121166666667, 57.69121166666667, 57.69121166666667, 57.69121166666667, 57.69121166666667, 57.69121166666667, 57.69121166666667, 57.69121166666667, 57.69121166666667], "x_mid": [], "radius": [],