{"lon_start": [11.982615], "x_goal": [6398243.945186833], "x_gps": [6398244.945186833, 6398244.945186833, 6398244.945186833, 6398244.945186833, 6398244.945186833, 6398244.945186833, 6398244.945186833, 6398244.945186833, 6398244.945186833, 6398244.945186833, 6398244.945186833, 6398244.945186833, 6398244.945186833, 6398244.945186833, 6398244.945186833, 6398244.945186833, 6398244.945186833, 6398244.945186833, 6398244.945186833, 6398244.945186833, 6398244.945186833, 6398244.945186833, 6398244.945186833, 6398244.945186833, 6398244.945186833, 6398244.945186833, 6398244.945186833, 6398244.945186833], "angle": [3.0461729181959386e-06, 0.0, 3.0461729181959386e-06, -0.01893690888310724, -0.06639798616822594, -0.12328791320222608, -0.18511617608313466, -0.24681649008111556, -0.3275862269903058, -0.41307648207552655, -0.5032994416059328, -0.5745184743843434, -0.6552074854482134, -0.7596696822273689, -0.8546344848701845, -0.959082973812053, -1.0398161546790117, -1.130026929443512, -1.2059756205359475, -1.3104393403795238, -1.395899133443266, -1.4718721940535955, -1.5668400430641947, -1.657046248807111, -1.766250288378528, -1.8517100816649792, -1.937175966879686, -2.0226266212808452, -2.11757923920879, -2.2172858850011323, -2.312244595279553, -2.4024736471743537, -2.4974140803224745, -2.573387140909606, -2.6588530263331034, -2.7253271697287533, -2.7917860821855798, -2.8582845952151144, -2.9152004203015616, -2.9674810196709056, -3.014928389612865, -3.0434266644233956, -3.067166341993001, -3.0910583444487165, -3.1288895036739746, 3.111463847719643, 3.0875962247831525, 3.0686410421102917, 3.063938801787997, 3.0590629045356166, 3.0591299351693686, 3.059190869392344, 3.063993639749008, 3.068813163301698, 3.068832964255033, 3.0783714823532744, 3.0783410200209436, 3.0831011405698727, 3.0878460297809642, 3.0830767707967963, 3.087842983441018, 3.097317531165641, 3.0925726418246384, 3.0973190542532603, 3.1020685128524805, 3.1020624204880853, 3.102065466679562, 3.1068012174090183, 3.1020685128524805, 3.1020624204880853, 3.1068073098290885, 3.106798171166506, 3.1020639435873036, 3.106792078816031, 3.1115735224176353, 3.106798171166506, 3.1115643838803226, 3.11628185689951, 3.111575045607327, 3.1115643838803226, 3.1115643838803226, 3.10682863310447, 3.1068164483664016, 3.1068164483664016, 3.106821017631578, 3.1020715590253984, 3.1020685128524805, 3.1020685128524805, 3.1020685128524805, 3.1020502357221797, 3.09733885446886, 3.1020822208985543, 3.0925589340012705, 3.0973114388012464, 3.1020685128524805, 3.0973281928114513, 3.097312961865667, 3.0972596525811054, 3.0925497953595666, 3.0973205773385595, 3.092577211089815, 3.097352562584525, 3.0925954882897098, 3.0973266697029542, 3.08783384484803, 3.087821660137799, 3.092578734189033, 3.092481247264066, 3.093145652245829, 3.0884193525848453, 3.0878247063107174, 3.08263142571131, 3.087518216292526, 3.0882333603919707, 3.08395523799928, 3.083177405703549, 3.082674229642119, 3.077886760403332, 3.077816841294351, 3.0730781301335237, 3.0734057204127043, 3.073629641690795, 3.073690565891267, 3.0734346728158393, 3.068654752056369, 3.068677596815756, 3.0687537601401442, 3.078274002110298, 3.0735352065256394, 3.07382461531623, 3.0694987025700122, 3.0702958395592077, 3.066096947932794, 3.066280597109385, 3.0658175823979974, 3.0653938972698502, 3.063959922164842, 3.0584934801299677, 3.058734516097119, 3.059684867352886, 3.053738428829318, 3.0489570556499945, 3.0536931382491463, 3.048652636814844, 3.0493414290802403, 3.049548617630684, 3.0447457353161926, 3.0402493000290955, 3.045742958161699, 3.0396956796952357, 3.0343288358440326, 3.034338172489697, 3.034820109580008, 3.035451113818133, 3.031370809837739, 3.0308494801436647, 3.030460834489686, 3.0263896986403815, 3.0261015446297437, 3.0254674959213483, 3.0209147000384062, 3.021426759979939, 3.0213536091158226, 3.016471576119226, 3.0162780545666164, 3.01185773808798, 3.007045804347622, 3.0023618670601384, 3.0070092510953894, 3.0022110396508563, 2.9978272305773497, 2.997726679099889, 2.992584125647087, 2.9928659960322963, 2.9880616867844254, 2.9881180605183753, 2.9832192975951717, 2.9881180605183753, 2.983322897850671, 2.9785719137894535, 2.973874253976612, 2.973971756831359, 2.9738742539766116, 2.9690760427616114, 2.96437838294877, 2.96437838294877, 2.9595329445801015, 2.954882511920928, 2.954882511920928, 2.954882511920928, 2.9453866408930858, 2.9453866408930858, 2.940588429678085, 2.935941045566323, 2.931193110052402, 2.9311428343513226, 2.931045331496575, 2.9262912985815333, 2.9215997361696973, 2.916899027809559, 2.9168990278095595, 2.912103865141855, 2.9074031567817173, 2.9026049455667167, 2.8978097828991283, 2.8977518851730064, 2.8931090745388746, 2.888411414726033, 2.883663479212112, 2.878964295088467, 2.8788119434423227, 2.874271208440138, 2.869419672670349, 2.864723537244948, 2.8599238016425064, 2.8551758661285858, 2.8551758661285858, 2.8503304277599173, 2.8456312437104674, 2.8409808109770984, 2.8313356370803104, 2.8313356370803104, 2.8266425500557855, 2.817238085006491, 2.8124444465032963, 2.8075959595107047, 2.802844975219586, 2.798200639961533, 2.793501455837888, 2.788704768933691, 2.7839568334197695, 2.779208897905849, 2.774460962391928, 2.7649178642103025, 2.7648706369846408, 2.750766987811596, 2.7507212848223226, 2.7459261221546183, 2.731830094245308, 2.731830094245308, 2.7222336717387963, 2.7174354605237956, 2.7126860006224334, 2.7079898651970327, 2.703182506426333, 2.6938054819120487, 2.6889981231413485, 2.679346851532638, 2.6795022521135063, 2.6700063810856647, 2.6651487472830313, 2.6557625745439015], "lon": [11.982615, 11.982615, 11.982615, 11.982615, 11.982615, 11.982615, 11.982615, 11.982615, 11.982615, 11.982615, 11.982615, 11.982615, 11.982615, 11.982615, 11.982615, 11.982615, 11.982615, 11.982615, 11.982615, 11.982615, 11.982615, 11.982615, 11.982615, 11.982615, 11.982615, 11.982615, 11.982615, 11.982615, 11.982615], "covariance": [[380.25, 380.25, 380.25, 380.25, 380.25, 380.25, 380.25, 380.25, 380.25], [380.25, 380.25, 380.25, 380.25, 380.25, 380.25, 380.25, 380.25, 380.25], [380.25, 380.25, 380.25, 380.25, 380.25, 380.25, 380.25, 380.25, 380.25], [380.25, 380.25, 380.25, 380.25, 380.25, 380.25, 380.25, 380.25, 380.25], [380.25, 380.25, 380.25, 380.25, 380.25, 380.25, 380.25, 380.25, 380.25], [380.25, 380.25, 380.25, 380.25, 380.25, 380.25, 380.25, 380.25, 380.25], [380.25, 380.25, 380.25, 380.25, 380.25, 380.25, 380.25, 380.25, 380.25], [380.25, 380.25, 380.25, 380.25, 380.25, 380.25, 380.25, 380.25, 380.25], [380.25, 380.25, 380.25, 380.25, 380.25, 380.25, 380.25, 380.25, 380.25], [380.25, 380.25, 380.25, 380.25, 380.25, 380.25, 380.25, 380.25, 380.25], [380.25, 380.25, 380.25, 380.25, 380.25, 380.25, 380.25, 380.25, 380.25], [380.25, 380.25, 380.25, 380.25, 380.25, 380.25, 380.25, 380.25, 380.25], [380.25, 380.25, 380.25, 380.25, 380.25, 380.25, 380.25, 380.25, 380.25], [380.25, 380.25, 380.25, 380.25, 380.25, 380.25, 380.25, 380.25, 380.25], [380.25, 380.25, 380.25, 380.25, 380.25, 380.25, 380.25, 380.25, 380.25], [380.25, 380.25, 380.25, 380.25, 380.25, 380.25, 380.25, 380.25, 380.25], [380.25, 380.25, 380.25, 380.25, 380.25, 380.25, 380.25, 380.25, 380.25], [380.25, 380.25, 380.25, 380.25, 380.25, 380.25, 380.25, 380.25, 380.25], [380.25, 380.25, 380.25, 380.25, 380.25, 380.25, 380.25, 380.25, 380.25], [380.25, 380.25, 380.25, 380.25, 380.25, 380.25, 380.25, 380.25, 380.25], [380.25, 380.25, 380.25, 380.25, 380.25, 380.25, 380.25, 380.25, 380.25], [380.25, 380.25, 380.25, 380.25, 380.25, 380.25, 380.25, 380.25, 380.25], [380.25, 380.25, 380.25, 380.25, 380.25, 380.25, 380.25, 380.25, 380.25], [380.25, 380.25, 380.25, 380.25, 380.25, 380.25, 380.25, 380.25, 380.25], [380.25, 380.25, 380.25, 380.25, 380.25, 380.25, 380.25, 380.25, 380.25], [380.25, 380.25, 380.25, 380.25, 380.25, 380.25, 380.25, 380.25, 380.25], [380.25, 380.25, 380.25, 380.25, 380.25, 380.25, 380.25, 380.25, 380.25], [380.25, 380.25, 380.25, 380.25, 380.25, 380.25, 380.25, 380.25, 380.25]],