{"x_mid": [3.9448095016499796], "x_goal": [3.746953205464642], "y_gps": [0.0, 0.0, 0.0, 0.0, 0.0, 0.0, 0.0, 0.0, 0.0, 0.0, 0.0, 0.0, 0.0, 0.0, 0.0, 0.0, 0.0, 0.0], "x_gps": [0.0, 0.0, 0.0, 0.0, 0.0, 0.0, 0.0, 0.0, 0.0, 0.0, 0.0, 0.0, 0.0, 0.0, 0.0, 0.0, 0.0, 0.0], "y": [-0.09725122960670715, -0.09725122960670715, -0.09702793214382482, -0.09702793214382482, -0.09702793214382482, -0.09702793214382482, -0.09802632912982809, -0.09745842970744463, -0.09682470860977709, -0.09752912622542136, -0.09752912622542136, -0.09752912622542136, -0.09662353946531041, -0.09662353946531041, -0.09662353946531041, -0.09765726853017839, -0.09765726853017839, -0.09657427961985628, -0.09767048132651464, -0.09767048132651464, -0.09657099715840171, -0.09548188611877322, -0.08485769873665633, -0.07254769606943584, -0.05494250946101213, -0.03897359803787233, -0.02301446706252613, -0.011238914352918525, 0.003456627354560612, 0.017365485958023424, 0.028522932195421034, 0.039134801298299764, 0.04786576001379215, 0.054139100898185036, 0.058943302681828375, 0.06175663410282641, 0.06302205270702409, 0.06226080007656444, 0.059884917018122374, 0.056147757721123924, 0.048859148880185256, 0.04180376501191932, 0.03099599704081202, 0.017498254484809468, 0.004320160749905159, -0.01111467561506652, -0.025271165441257164, -0.042266084280741065, -0.06029575213437509, -0.08764545199709778, -0.10540686115217865, -0.12359384714768945, -0.14319105514043134, -0.16519948103991833, -0.18394302629668532, -0.202600908834851, -0.22105164047436449, -0.242290889376841, -0.26011209576829825, -0.28410862953463417, -0.30169614698627306, -0.3210250806141096, -0.3389525678193245, -0.3583006486653207, -0.3769029368580953, -0.3911224035160689, -0.4075787417635394, -0.422568807026704, -0.43461866047226605, -0.4449102241988826, -0.45521561919247155, -0.46329718964153055, -0.4702684077268779, -0.4702684077268779, -0.4702684077268779, -0.46991157729207217, -0.46991157729207217, -0.46991157729207217, -0.46991157729207217, -0.46991157729207217, -0.46991157729207217, -0.46991157729207217, -0.46991157729207217, -0.46991157729207217, -0.46991157729207217, -0.46991157729207217, -0.46991157729207217, -0.46991157729207217, -0.46991157729207217, -0.46991157729207217, -0.47026344983346635, -0.47026344983346635, -0.47026344983346635, -0.47026344983346635, -0.47026344983346635, -0.47026344983346635, -0.47026344983346635, -0.47026344983346635, -0.47026344983346635, -0.47096719491625477, -0.47203768622067194, -0.47166603081563097, -0.47166603081563097, -0.47166603081563097, -0.47166603081563097, -0.47166603081563097, -0.47166603081563097, -0.4720327527937519, -0.4720327527937519, -0.4720327527937519, -0.4720327527937519, -0.4720327527937519, -0.4720327527937519, -0.47167097250950935, -0.47167097250950935, -0.47167097250950935, -0.47167097250950935, -0.47167097250950935, -0.47167097250950935, -0.47167097250950935, -0.47167097250950935, -0.47167097250950935, -0.47167097250950935, -0.47167097250950935, -0.47167097250950935, -0.47167097250950935, -0.4713042505313884, -0.4713042505313884, -0.4713042505313884, -0.4713042505313884, -0.4713042505313884, -0.4716759059364294, -0.4716759059364294, -0.4716759059364294, -0.4716759059364294, -0.4716759059364294, -0.4716759059364294, -0.4716759059364294, -0.4716759059364294, -0.4716759059364294, -0.4716759059364294, -0.4716759059364294, -0.4716759059364294, -0.4716759059364294, -0.4716759059364294, -0.4716759059364294, -0.4716759059364294, -0.4716759059364294, -0.4716759059364294, -0.4716759059364294, -0.4716759059364294, -0.4720426279145503, -0.4730982455387329, -0.4755937116165878, -0.47860809719173053, -0.48152360946304357, -0.4822025798530054, -0.4800861698799129, -0.4738290536460671, -0.46801643949855487, -0.4585323266040102, -0.44983639978784073, -0.4398298011521171, -0.4224572058795971, -0.40784218421677976], "x": [2.9645784645674866, 2.9645784645674866, 2.9656583271639763, 2.9656583271639763, 2.9656583271639763, 2.9656583271639763, 2.963691842128374, 2.9646370697360345, 2.965539490122882, 2.9646911029429948, 2.9646911029429948, 2.9646911029429948, 2.9653202909944856, 2.9653202909944856, 2.9653202909944856, 2.964936404025868, 2.964936404025868, 2.9651440094312562, 2.9650243983843314, 2.9650243983843314, 2.9649401395670116, 2.9647675066397166, 2.9618140102553645, 2.956959858211832, 2.9477930670954073, 2.9379743223486714, 2.9261726786749565, 2.916189417920485, 2.901256085632287, 2.8841408980481638, 2.867724928739312, 2.848391687215082, 2.8281393699748447, 2.809308070257677, 2.7889148604924627, 2.770381133216028, 2.749467929849204, 2.727426911539619, 2.7077208760534486, 2.6893511313401843, 2.666212349316713, 2.6488446943537354, 2.62836463796888, 2.608206810748224, 2.59191874134697, 2.576165906044162, 2.5638773879788053, 2.551624384553304, 2.5409522509150095, 2.5291865214042417, 2.5231910043066557, 2.5186470609926683, 2.515497125472884, 2.5140775540172546, 2.514383154490364, 2.516199001299335, 2.519513270812862, 2.5254529930075016, 2.5312683591348164, 2.5394788307325533, 2.5459667510719175, 2.5540510373184997, 2.5625703012184173, 2.573155090364529, 2.5850016454622695, 2.5954464433983198, 2.6101289133940555, 2.6263055612883788, 2.642078122489086, 2.6577464854062076, 2.6772448142504177, 2.6965748835307615, 2.7186575164455813, 2.7186575164455813, 2.7186575164455813, 2.7176141387455015, 2.7176141387455015, 2.7176141387455015, 2.7176141387455015, 2.7176141387455015, 2.7176141387455015, 2.7176141387455015, 2.7176141387455015, 2.7176141387455015, 2.7176141387455015, 2.7176141387455015, 2.7176141387455015, 2.7176141387455015, 2.7176141387455015, 2.7176141387455015, 2.7186591988867566, 2.7186591988867566, 2.7186591988867566, 2.7186591988867566, 2.7186591988867566, 2.7186591988867566, 2.7186591988867566, 2.7186591988867566, 2.7186591988867566, 2.7207493191692667, 2.7238794522695056, 2.7228412628628313, 2.7228412628628313, 2.7228412628628313, 2.7228412628628313, 2.7228412628628313, 2.7228412628628313, 2.7238812051568986, 2.7238812051568986, 2.7238812051568986, 2.7238812051568986, 2.7238812051568986, 2.7238812051568986, 2.7228395334187003, 2.7228395334187003, 2.7228395334187003, 2.7228395334187003, 2.7228395334187003, 2.7228395334187003, 2.7228395334187003, 2.7228395334187003, 2.7228395334187003, 2.7228395334187003, 2.7228395334187003, 2.7228395334187003, 2.7228395334187003, 2.721799591124633, 2.721799591124633, 2.721799591124633, 2.721799591124633, 2.721799591124633, 2.7228377805313073, 2.7228377805313073, 2.7228377805313073, 2.7228377805313073, 2.7228377805313073, 2.7228377805313073, 2.7228377805313073, 2.7228377805313073, 2.7228377805313073, 2.7228377805313073, 2.7228377805313073, 2.7228377805313073, 2.7228377805313073, 2.7228377805313073, 2.7228377805313073, 2.7228377805313073, 2.7228377805313073, 2.7228377805313073, 2.7228377805313073, 2.7228377805313073, 2.7238777228253745, 2.7270129032491397, 2.7354742511349563, 2.7483588325147714, 2.769106438340548, 2.7955627198276427, 2.820836545922675, 2.849944740128735, 2.8689233115096826, 2.8912521864246767, 2.907859255318659, 2.9237111278952717, 2.945116058370262, 2.9601282034901764], "y_goal": [1.0808361036611236], "radius": [1], "y_mid": [0.10060506657863036]}