{"lon_start": [11.97958], "x_goal": [6397800.3651701035, 6397800.407925041, 6397799.408839452], "x_gps": [0.0, 0.0, 0.0, 0.0, 0.0, 0.0, 0.0, 0.0, 0.0, 0.0, 0.0, 0.0, 0.0, 0.0, 0.0, 0.0], "angle": [-0.04276797502728152, -0.042748174073952365, -0.0427314196252894, -0.042774074492189985, -0.04237487692052183, -0.042670471472343964, -0.047479355139210457, -0.04745498419684568, -0.05227298584523891, -0.05226384605512364, -0.047442800433201114, -0.04747935513921045, -0.042786252797866374, -0.04275274309553628, -0.038029179303475734, -0.03789818893130578, -0.03685433916328366, -0.03451026647087257, -0.03364337421608533, -0.03753904440867932, -0.029407027040543102, -0.02874711633579798, -0.0313863615384987, -0.03260069849198193, -0.039747917777080685, -0.040354178544099326, -0.03833364762007754, -0.03192826949826712, -0.03344470387624039, -0.036332479871314605, -0.03798348411136834, -0.03868031380809985, -0.04381805913224544, -0.043585745927026735, -0.0381480992761523, -0.03869658904874052, -0.014938498288418249, 0.013993913023241069, 0.047656071389350754, 0.09057637778469924, 0.13306100116522512, 0.19465621753345047, 0.265890481143974, 0.32761973519862153, 0.39877175077629934, 0.4937243682727482, 0.5649403532774468, 0.6502721947508171, 0.7357792115577905, 0.8165611356407808, 0.9020072200599498, 0.9922210382689216, 1.068052436811663, 1.1346651971645734, 1.20103575819967, 1.2771489594446714, 1.3151781373561322, 1.3626117992520284, 1.3958793332694226, 1.4432947130446823, 1.4668835574639911, 1.495508280837023, 1.5240872999686585, 1.5383311065104217, 1.5525490187089863, 1.5572969542229074, 1.5620464131376621, 1.571444799653804, 1.571551423872101, 1.571543807529212, 1.5668187195939483, 1.5667760710619654, 1.562057076033953, 1.5572954327314659, 1.5572741088714905, 1.5477173114159506, 1.543047056778377, 1.5383311065104217, 1.5334735048741872, 1.528775832501955, 1.5143720887346, 1.5145274580104504, 1.5098221699566485, 1.5003202065644134, 1.495617964085028, 1.4860916311192214, 1.4861281856303667, 1.4861190468146732, 1.4766262219597486, 1.4766201295675168, 1.4672765763256426, 1.4577624266086107, 1.4719970960052329, 1.4909187694210253, 1.5383676612164312, 1.5905583971635529, 1.638014905837692, 1.7092065215635264, 1.7661710860035909, 1.8469240684502184, 1.9133951656451134, 2.0035434916946224, 2.0748234498104243, 2.160283242721054, 2.259935055619267, 2.350188477454097, 2.4498600921848857, 2.525869708160035, 2.6017940286303594, 2.6920794363932377, 2.7585094093664013, 2.806063397650185, 2.8487521698153193, 2.9057273959823724, 2.9437413421013003, 2.977010400401078, 2.995947309284185, 3.01022005709148, 3.038486797019392, 3.081474125311936, 3.095586931054446, 3.124293893046164, 3.129041828560085, 3.1385773015241734, 3.1383853747018167, 3.1383686202531536, 3.1384950462532326, 3.138434116623658, 3.1289534765531335, 3.1241263369242853, 3.124118721694982, 3.1146548357252, 3.105142210631477, 3.1004018905904482, 3.086144376225317, 3.081432994999836, 3.0718899077338455, 3.06241840647908, 3.057646101414788, 3.052898165678161, 3.052899688986166, 3.048156322807016, 3.0434266644233956, 3.0339429781336222, 3.0244273068948195, 3.0196641403887186, 3.010189592740649, 3.000716568268353], "lon": [11.97958, -0.0, -0.0, -0.0, -0.0, -0.0, -0.0, -0.0, -0.0, -0.0, -0.0, -0.0, -0.0, -0.0, -0.0, -0.0, -0.0], "covariance": [[0.0, 0.0, 0.0, 0.0, 0.0, 0.0, 0.0, 0.0, 0.0], [0.0, 0.0, 0.0, 0.0, 0.0, 0.0, 0.0, 0.0, 0.0], [0.0, 0.0, 0.0, 0.0, 0.0, 0.0, 0.0, 0.0, 0.0], [0.0, 0.0, 0.0, 0.0, 0.0, 0.0, 0.0, 0.0, 0.0], [0.0, 0.0, 0.0, 0.0, 0.0, 0.0, 0.0, 0.0, 0.0], [0.0, 0.0, 0.0, 0.0, 0.0, 0.0, 0.0, 0.0, 0.0], [0.0, 0.0, 0.0, 0.0, 0.0, 0.0, 0.0, 0.0, 0.0], [0.0, 0.0, 0.0, 0.0, 0.0, 0.0, 0.0, 0.0, 0.0], [0.0, 0.0, 0.0, 0.0, 0.0, 0.0, 0.0, 0.0, 0.0], [0.0, 0.0, 0.0, 0.0, 0.0, 0.0, 0.0, 0.0, 0.0], [0.0, 0.0, 0.0, 0.0, 0.0, 0.0, 0.0, 0.0, 0.0], [0.0, 0.0, 0.0, 0.0, 0.0, 0.0, 0.0, 0.0, 0.0], [0.0, 0.0, 0.0, 0.0, 0.0, 0.0, 0.0, 0.0, 0.0], [0.0, 0.0, 0.0, 0.0, 0.0, 0.0, 0.0, 0.0, 0.0], [0.0, 0.0, 0.0, 0.0, 0.0, 0.0, 0.0, 0.0, 0.0], [0.0, 0.0, 0.0, 0.0, 0.0, 0.0, 0.0, 0.0, 0.0]], "y_mid": [], "lat_start": [57.68727], "lat": [57.68727, -0.0, -0.0, -0.0, -0.0, -0.0, -0.0, -0.0, -0.0, -0.0, -0.0, -0.0, -0.0, -0.0, -0.0, -0.0, -0.0], "x_mid": [], "radius": [], "y_gps": [-166021.4431793313, -166021.4431793313, -166021.4431793313, -166021.4431793313, -166021.4431793313, -166021.4431793313, -166021.4431793313, -166021.4431793313, -166021.4431793313, -166021.4431793313, -166021.4431793313, -166021.4431793313, -166021.4431793313, -166021.4431793313, -166021.4431793313, -166021.4431793313], "angle_north": [0, 0, 0, 0, 0, 0, 0, 0, 0, 0, 0, 0, 0, 0, 0, 0], "y": [-677619.1773594694, -677619.1773594694, -677619.1773594694, -677619.1776421049, -677619.1783958001, -677619.179243707, -677619.1807614567, -677619.1820175254, -677619.1835717878, -677619.1854138765, -677619.1869316263, -677619.1889204017, -677619.1902864741, -677619.1916054403, -677619.1926523059, -677619.1937410461, -677619.195081034, -677619.1965885204, -677619.1978447591, -677619.1993050432, -677619.200770655, -677619.2021106429, -677619.2031993831, -677619.2044556217, -677619.2056332702, -677619.2071406603, -677619.2083654148, -677619.209663528, -677619.210668519, -677619.2117572591, -677619.2126785008, -677619.2135997425, -677619.2144005435, -677619.2151542385, -677619.2159498563, -677619.2162848533, -677619.2163633845, -677619.2162691471, -677619.2160074661, -677619.2153120772, -677619.2142889223, -677619.2127957811, -677619.2113470285, -677619.2109922005, -677619.2097075325, -677619.2086622483, -677619.208071837, -677619.2067363291, -677619.2067363291, -677619.2059326172, -677619.2059326172, -677619.2050093244, -677619.2050093244, -677619.2050093244, -677619.2050093244, -677619.202898283, -677619.202898283, -677619.202898283, -677619.2039841674, -677619.2017966317, -677619.1941191294, -677619.17652566, -677619.1544955532, -677619.1291466333, -677619.0993784592, -677619.0718132608, -677619.0398359455, -677619.00896013, -677618.9824951453, -677618.9494139145, -677618.9218464319, -677618.8909708515, -677618.854582872, -677618.8159915943, -677618.787323788, -677618.7542512736, -677618.717875886, -677618.6903227122, -677618.6583663191, -677618.6264159352, -677618.5944878992, -677618.5614588964, -677618.527338429, -677618.4855394636, -677618.4558504838, -677618.4140977702, -677618.3877276352, -677618.359159989, -677618.3372035825, -677618.315247176, -677618.2955050272, -677618.2801658872, -677618.2746793095, -677618.2702825649, -677618.2658740571, -677618.262566579, -677618.2603661469, -677618.2570896827, -677618.2549262508, -677618.2517434645, -677618.2517434645, -677618.2507424467, -677618.2497768793, -677618.2497768793, -677618.2489258735, -677618.2497102441, -677618.2490069205, -677618.2490069205, -677618.2490069205, -677618.2485277639, -677618.2485277639, -677618.2485277639, -677618.2488460762, -677618.2488460762, -677618.2488460762, -677618.2490268038, -677618.2490268038, -677618.2485933611, -677618.2474605232, -677618.2463330206, -677618.2455734332, -677618.2451885837, -677618.2448664116, -677618.244781531, -677618.2446825039, -677618.2445905501, -677618.2444915228, -677618.244399569, -677618.2439793444, -677618.2434597975, -677618.2428825232, -677618.2419911923, -677618.2407055314, -677618.2392070496, -677618.2369464664, -677618.2351557271, -677618.2328525448, -677618.2302360979, -677618.2275555388, -677618.2245284144, -677618.2215989392, -677618.2190273624, -677618.2158931976, -677618.2128124476, -677618.2089455847, -677618.2053250561, -677618.2012795905, -677618.1972533567],