{"lon_start": [11.97958], "x_goal": [677617.9531082602], "x_gps": [-6411305.50053, -6411305.50053, -6411305.50053, -6411305.50053, -6411305.50053, -6411305.50053, -6411305.50053, -6411305.50053, -6411305.50053, -6411305.50053, -6411305.50053, -6411305.50053, -6411305.50053, -6411305.50053, -6411305.50053, -6411305.50053, -6411305.50053, -6411305.50053, -6411305.50053, -6411305.50053, -6411305.50053, -6411305.50053], "angle": [0.14086589753504902, 0.14032345011921757, 0.13990759772954095, 0.14030835293860497, 0.14081105016015527, 0.14082019454588054, 0.14029159041564382, 0.14035557669117285, 0.12655505439732098, 0.10264173520938824, 0.07910921110436658, 0.07905894320163374, 0.07905437382510531, 0.07904828147462938, 0.07904828147462938, 0.07903609673656069, 0.07904828147462935, 0.07903000434432861, 0.07903914293731647, 0.07903914293731647, 0.07903914293731647, 0.07901172696348951, 0.07904828147462935, 0.07904828147462938, 0.07900563440422999, 0.07904828147462935, 0.07898431054426314, 0.07904066600173727, 0.07903000434432861, 0.07903914293731647, 0.07903609673656069, 0.07903457365126161, 0.07903914293731647, 0.07903914293731647, 0.07903000434432861, 0.07901781946707255, 0.07903000434432861, 0.07903457365126161, 0.07903914293731647, 0.07903457365126161, 0.07903305051724639, 0.07902543500955782, 0.07902086563998946, 0.07902086563998946, 0.07904523530171116, 0.07903914293731647, 0.07903914293731647, 0.07903457365126161, 0.07903914293731647, 0.07904218912415341, 0.07903000427473365, 0.07902543500955782, 0.07904523530171116, 0.07904828147462938, 0.07904218911023458, 0.07903000434432861, 0.07898431054426314, 0.07904218911023458, 0.07904828147462938, 0.07904218911023458, 0.07901781946707255, 0.07906046621269804, 0.07908483598576922, 0.07961802686687226, 0.07936514257581039, 0.07900563294264651, 0.07895689081207033, 0.07926917729164876, 0.07910922962757479, 0.07898580833257489, 0.07937733396914394, 0.07897517044796053, 0.06960724361936424, 0.07430034596070875, 0.07903305051724725, 0.07903914288164166, 0.0790421891241543, 0.07904523530171205, 0.07903305051724725, 0.07904828147463026, 0.07904218911023547, 0.07904828147463026, 0.07904828147463026, 0.07904828147463026, 0.07902391192425992, 0.07904828147463026, 0.07904828147463024, 0.07904828147463026, 0.07904828147463026, 0.07903000427473453, 0.07904828147463026, 0.07903609673656158, 0.07904066600173817, 0.07903000427473453, 0.07903305051724725, 0.07903609673656158, 0.0790300043443295, 0.07904218911023547, 0.07903609673656158, 0.07904828147463026, 0.07904066600173817, 0.07904828147463026, 0.07904218911023547, 0.07904218911023547, 0.07904828147463026, 0.07903609673656158, 0.07904828147463026, 0.07904828147463026, 0.07904828147463026, 0.07904828147463024, 0.07904828147463026, 0.07902086563999035, 0.07903914293731733, 0.07904828147463026, 0.07904828147463026, 0.07903914288164166, 0.07903609673656158, 0.07905132764754842, 0.07904066600173817, 0.07905742001194313, 0.07903000427473453, 0.07904828147463026, 0.07904218911023547, 0.07904828147463026, 0.07903609673656158, 0.07904371220945346, 0.07906046635188971, 0.07904675838933103, 0.07903609673656158, 0.07903914293731733, 0.07904371220945346, 0.07904218911023547, 0.07903914293731733, 0.07904066600173817, 0.07903305051724725, 0.07903000427473453, 0.07904066600173817, 0.07904066600173817, 0.07904066600173817, 0.07904218911023547, 0.07903000427473453, 0.07903914288164166, 0.07904218911023547, 0.07903609673656158, 0.07903609673656158, 0.07904218911023547, 0.07903609673656158, 0.07904828147463026, 0.09808267060071382, 0.13615145301003762, 0.2025220209496029, 0.25944850753338333, 0.3401771192673965, 0.4161425644257127, 0.49208059358932427, 0.5870408269530436, 0.6629834249294663, 0.7152716403400521, 0.7152411755483767, 0.710450593799462, 0.7105115199488712, 0.7105237048261307, 0.7105237048261307, 0.7105115200880621, 0.7105160893532387, 0.7105008583610593, 0.7105115200880621, 0.7105115200880621, 0.7105160893532387, 0.7105145662888179, 0.7105099970027631, 0.7105191355609539, 0.7105176124756549, 0.7105054276958298, 0.7105099970027631, 0.7105099970027631, 0.7105176124756549, 0.7105191355609539, 0.7105145662888179, 0.7105054276958298, 0.7105145662888179, 0.7105115200880621, 0.7104993352757605, 0.7105054276958298, 0.7105054276958298, 0.7105054276958298, 0.7105054276958298, 0.7105176124756549, 0.7105206586532126, 0.7105206586532126, 0.7105054276958298, 0.7105099970027631, 0.7105099970027631], "lon": [11.97958, -0.0, -0.0, -0.0, -0.0, -0.0, -0.0, -0.0, -0.0, -0.0, -0.0, -0.0, -0.0, -0.0, -0.0, -0.0, -0.0, -0.0, -0.0, -0.0, -0.0, -0.0, -0.0], "covariance": [[0.0, 0.0, 0.0, 0.0, 0.0, 0.0, 0.0, 0.0, 0.0], [0.0, 0.0, 0.0, 0.0, 0.0, 0.0, 0.0, 0.0, 0.0], [0.0, 0.0, 0.0, 0.0, 0.0, 0.0, 0.0, 0.0, 0.0], [0.0, 0.0, 0.0, 0.0, 0.0, 0.0, 0.0, 0.0, 0.0], [0.0, 0.0, 0.0, 0.0, 0.0, 0.0, 0.0, 0.0, 0.0], [0.0, 0.0, 0.0, 0.0, 0.0, 0.0, 0.0, 0.0, 0.0], [0.0, 0.0, 0.0, 0.0, 0.0, 0.0, 0.0, 0.0, 0.0], [0.0, 0.0, 0.0, 0.0, 0.0, 0.0, 0.0, 0.0, 0.0], [0.0, 0.0, 0.0, 0.0, 0.0, 0.0, 0.0, 0.0, 0.0], [0.0, 0.0, 0.0, 0.0, 0.0, 0.0, 0.0, 0.0, 0.0], [0.0, 0.0, 0.0, 0.0, 0.0, 0.0, 0.0, 0.0, 0.0], [0.0, 0.0, 0.0, 0.0, 0.0, 0.0, 0.0, 0.0, 0.0], [0.0, 0.0, 0.0, 0.0, 0.0, 0.0, 0.0, 0.0, 0.0], [0.0, 0.0, 0.0, 0.0, 0.0, 0.0, 0.0, 0.0, 0.0], [0.0, 0.0, 0.0, 0.0, 0.0, 0.0, 0.0, 0.0, 0.0], [0.0, 0.0, 0.0, 0.0, 0.0, 0.0, 0.0, 0.0, 0.0], [0.0, 0.0, 0.0, 0.0, 0.0, 0.0, 0.0, 0.0, 0.0], [0.0, 0.0, 0.0, 0.0, 0.0, 0.0, 0.0, 0.0, 0.0], [0.0, 0.0, 0.0, 0.0, 0.0, 0.0, 0.0, 0.0, 0.0], [0.0, 0.0, 0.0, 0.0, 0.0, 0.0, 0.0, 0.0, 0.0], [0.0, 0.0, 0.0, 0.0, 0.0, 0.0, 0.0, 0.0, 0.0], [0.0, 0.0, 0.0, 0.0, 0.0, 0.0, 0.0, 0.0, 0.0]], "y_mid": [], "lat_start": [57.68727], "lat": [57.68727, -0.0, -0.0, -0.0, -0.0, -0.0, -0.0, -0.0, -0.0, -0.0, -0.0, -0.0, -0.0, -0.0, -0.0, -0.0, -0.0, -0.0, -0.0, -0.0, -0.0, -0.0, -0.0], "x_mid": [], "radius": [], "y_gps": [-1331398.54162, -1331398.54162, -1331398.54162, -1331398.54162, -1331398.54162, -1331398.54162, -1331398.54162, -1331398.54162, -1331398.54162, -1331398.54162, -1331398.54162, -1331398.54162, -1331398.54162, -1331398.54162, -1331398.54162, -1331398.54162, -1331398.54162, -1331398.54162, -1331398.54162, -1331398.54162, -1331398.54162, -1331398.54162], "angle_north": [0, 0, 0, 0, 0, 0, 0, 0, 0, 0, 0, 0, 0, 0, 0, 0, 0, 0, 0, 0, 0, 0],