{"lon_start": [11.979138333333333], "x_goal": [6397758.756622098], "x_gps": [6397746.827023309, 6397746.624111807, 6397746.4212003425, 6397746.408095603, 6397746.205184208, 6397746.187711296, 6397745.99353641, 6397745.7862569, 6397745.578977452, 6397745.55713651, 6397745.742574955, 6397745.738206775, 6397745.738206775, 6397745.746943139, 6397745.94548615, 6397746.144029182, 6397746.135292789, 6397746.135292789, 6397745.958590738, 6397745.7818886945, 6397745.980431763, 6397746.3556768615, 6397746.549851741, 6397746.757131306, 6397747.141112895, 6397747.344024308, 6397747.348392556, 6397747.732374201, 6397748.116355867, 6397748.319267382, 6397748.513442378, 6397748.893055823, 6397749.091599123, 6397749.277037562, 6397749.855194366, 6397749.863930974, 6397750.049369416], "angle": [-0.3256415853432864, -0.22006170263356487, -0.2284966392918626, -0.3317170018028494, -0.31779800580989204, -0.2322889889710218, -0.3759609538713055, -0.3217505543966419, -0.21634066137329072, -0.31171744624926634, -0.3217505543966419, -0.31171744624926634, -0.30704573201879043, -0.2925617664038474, -0.22441600903714543, -0.2449786631268642, -0.2606023917473407, -0.22441600903714543, -0.1807995733039713, -0.1752663760030806, -0.2884295585183949, -0.314231899084338, -0.2504430896113519, -0.2691674927857003, -0.3217505543966419, -0.2884295585183949, -0.34229560843004236, -0.24255148342719043, -0.29145679447786665, -0.514884776404225, -0.0688564893010443, -0.19515842711667028, -0.22347660114063309, -0.3827435098455757, 0.8168343447537225, 0.5969110538492552, 0.5797577962605971, 0.5703157688226066, 0.5812837796791018, 0.5052901880993941, 0.4673105962810406, 0.48923617253258933, 0.4341962253755223, 0.4297622790966883, 0.4553144685606702, 0.33282021292674907, 0.3612779780126576, 0.27482054779397347, 0.29332804977876664, 0.256937614604174, 0.22865708854840716, 0.1476172210239717, 0.12004261112080125, 0.1476172210239717, 0.11972539799304961, 0.10240729979145564, 0.03224688243525406, 0.08447589909727818, 0.04684071291596956, 0.008129902179943872, -0.06320683189746015, 0.008368005512292278, -0.025745383227051447, -0.09877659206766257, -0.1594391146615665, -0.14936466867518888, -0.15153862911116772, -0.17551513221685575, -0.21490349836636788, -0.14452516944692234, -0.4112265431765566, -0.3287109988329687, -0.4803127327147466, -0.28322087911920807, -0.4848458466068827, -0.2869387529307695, -0.4961271577883063, -0.4232284579506343, -0.32962440742074267, -0.20065287731988646, 0.22006170263356487, 0.13082739607405677, 0.28473043852271207, 0.22131444234779116, 0.17985349979247797, 0.7517030560514317, 0.7128612918059296, 0.7044940642422176, 0.6512604099067781, 0.672112827380794, 0.5918389018631696, 0.599266207290337, 0.6116795559628455, 0.5814738606196138, 0.5181049902083269, 0.5372164362727472, 0.4823529101000351, -0.06216047882113025], "lon": [11.979138333333333, 11.979138333333333, 11.979131666666667, 11.979125, 11.97912, 11.979113333333334, 11.979106666666667, 11.979103333333333, 11.979095, 11.979086666666667, 11.979078333333334, 11.979078333333334, 11.979076666666666, 11.979076666666666, 11.97908, 11.979085, 11.97909, 11.979086666666667, 11.979086666666667, 11.97909, 11.979093333333333, 11.979098333333333, 11.9791, 11.979103333333333, 11.979111666666666, 11.979116666666666, 11.979123333333334, 11.979125, 11.97913, 11.979135, 11.979141666666667, 11.979145, 11.979148333333333, 11.979153333333333, 11.979153333333333, 11.979161666666666, 11.979165, 11.979165], "covariance": [[182.25, 182.25, 182.25, 182.25, 182.25, 182.25, 182.25, 182.25, 182.25], [182.25, 182.25, 182.25, 182.25, 182.25, 182.25, 182.25, 182.25, 182.25], [182.25, 182.25, 182.25, 182.25, 182.25, 182.25, 182.25, 182.25, 182.25], [182.25, 182.25, 182.25, 182.25, 182.25, 182.25, 182.25, 182.25, 182.25], [182.25, 182.25, 182.25, 182.25, 182.25, 182.25, 182.25, 182.25, 182.25], [182.25, 182.25, 182.25, 182.25, 182.25, 182.25, 182.25, 182.25, 182.25], [182.25, 182.25, 182.25, 182.25, 182.25, 182.25, 182.25, 182.25, 182.25], [182.25, 182.25, 182.25, 182.25, 182.25, 182.25, 182.25, 182.25, 182.25], [182.25, 182.25, 182.25, 182.25, 182.25, 182.25, 182.25, 182.25, 182.25], [182.25, 182.25, 182.25, 182.25, 182.25, 182.25, 182.25, 182.25, 182.25], [182.25, 182.25, 182.25, 182.25, 182.25, 182.25, 182.25, 182.25, 182.25], [182.25, 182.25, 182.25, 182.25, 182.25, 182.25, 182.25, 182.25, 182.25], [182.25, 182.25, 182.25, 182.25, 182.25, 182.25, 182.25, 182.25, 182.25], [182.25, 182.25, 182.25, 182.25, 182.25, 182.25, 182.25, 182.25, 182.25], [182.25, 182.25, 182.25, 182.25, 182.25, 182.25, 182.25, 182.25, 182.25], [225.0, 225.0, 225.0, 225.0, 225.0, 225.0, 225.0, 225.0, 225.0], [225.0, 225.0, 225.0, 225.0, 225.0, 225.0, 225.0, 225.0, 225.0], [182.25, 182.25, 182.25, 182.25, 182.25, 182.25, 182.25, 182.25, 182.25], [225.0, 225.0, 225.0, 225.0, 225.0, 225.0, 225.0, 225.0, 225.0], [225.0, 225.0, 225.0, 225.0, 225.0, 225.0, 225.0, 225.0, 225.0], [225.0, 225.0, 225.0, 225.0, 225.0, 225.0, 225.0, 225.0, 225.0], [225.0, 225.0, 225.0, 225.0, 225.0, 225.0, 225.0, 225.0, 225.0], [225.0, 225.0, 225.0, 225.0, 225.0, 225.0, 225.0, 225.0, 225.0], [225.0, 225.0, 225.0, 225.0, 225.0, 225.0, 225.0, 225.0, 225.0], [225.0, 225.0, 225.0, 225.0, 225.0, 225.0, 225.0, 225.0, 225.0], [225.0, 225.0, 225.0, 225.0, 225.0, 225.0, 225.0, 225.0, 225.0], [225.0, 225.0, 225.0, 225.0, 225.0, 225.0, 225.0, 225.0, 225.0], [225.0, 225.0, 225.0, 225.0, 225.0, 225.0, 225.0, 225.0, 225.0], [225.0, 225.0, 225.0, 225.0, 225.0, 225.0, 225.0, 225.0, 225.0], [225.0, 225.0, 225.0, 225.0, 225.0, 225.0, 225.0, 225.0, 225.0], [324.0, 324.0, 324.0, 324.0, 324.0, 324.0, 324.0, 324.0, 324.0], [324.0, 324.0, 324.0, 324.0, 324.0, 324.0, 324.0, 324.0, 324.0], [225.0, 225.0, 225.0, 225.0, 225.0, 225.0, 225.0, 225.0, 225.0], [182.25, 182.25, 182.25, 182.25, 182.25, 182.25, 182.25, 182.25, 182.25], [182.25, 182.25, 182.25, 182.25, 182.25, 182.25, 182.25, 182.25, 182.25], [182.25, 182.25, 182.25, 182.25, 182.25, 182.25, 182.25, 182.25, 182.25], [182.25, 182.25, 182.25, 182.25, 182.25, 182.25, 182.25, 182.25, 182.25]], "y_mid": [], "lat_start": [57.686816666666665], "lat": [57.686816666666665, 57.686816666666665, 57.686815, 57.68681333333333, 57.68681333333333, 57.686811666666664, 57.686811666666664, 57.68681, 57.68680833333333, 57.68680666666667, 57.68680666666667, 57.68680833333333, 57.68680833333333, 57.68680833333333, 57.68680833333333, 57.68681, 57.686811666666664, 57.686811666666664, 57.686811666666664, 57.68681, 57.68680833333333, 57.68681, 57.68681333333333, 57.686815, 57.686816666666665, 57.68682, 57.68682166666667, 57.68682166666667, 57.686825, 57.68682833333333, 57.68683, 57.68683166666667, 57.686835, 57.686836666666665, 57.686838333333334, 57.686843333333336, 57.686843333333336, 57.686845], "x_mid": [], "radius": [], "y_gps": [-677595.0415248438, -677594.6524153478, -677594.263305814, -677593.9653565234, -677593.5762469375, -677593.1789811972, -677592.9885044348, -677592.5000783193, -677592.0116521565, -677591.5150699063, -677591.506913866, -677591.4075974195, -677591.4075974195, -677591.6062303111, -677591.8960235887, -677592.1858168397, -677591.9871839671, -677591.9871839671, -677592.193972912, -677592.4007618749, -677592.6905551144, -677592.7735593544, -677592.9640361075, -677593.4524621066, -677593.7340990785, -677594.1232085626, -677594.2225249694, -677594.5041618245, -677594.7857986251, -677595.1749079628, -677595.3653845057, -677595.5477047956, -677595.8374976566, -677595.8293414082, -677596.3014543958, -677596.5000870889, -677596.491930808],