{"x_mid": [0.13483631704548193], "x_goal": [-0.8635622231244913], "y_gps": [0.0, 0.0, 0.0, 0.0, 0.0, 0.0, 0.0, 0.0, 0.0, 0.0, 0.0, 0.0, 0.0, 0.0, 0.0, 0.0, 0.0, 0.0, 0.0, 0.0, 0.0, 0.0, 0.0, 0.0, 0.0, 0.0, 0.0, 0.0, 0.0], "x_gps": [0.0, 0.0, 0.0, 0.0, 0.0, 0.0, 0.0, 0.0, 0.0, 0.0, 0.0, 0.0, 0.0, 0.0, 0.0, 0.0, 0.0, 0.0, 0.0, 0.0, 0.0, 0.0, 0.0, 0.0, 0.0, 0.0, 0.0, 0.0, 0.0], "y": [-1.2890681844657226, -1.2890681844657226, -1.289239631850345, -1.2892342146210902, -1.2884956805480887, -1.286622622770156, -1.2847171085980442, -1.283071780242108, -1.2821319036597565, -1.2821319036597565, -1.281645513670991, -1.2811746651678373, -1.2809022785511217, -1.280650685905513, -1.2803201462976423, -1.280036523111048, -1.279957640036678, -1.2798839800050044, -1.279541803362654, -1.2791311913918335, -1.2782060436648426, -1.2767364740146607, -1.2747237328497898, -1.2708846333526056, -1.267748947702413, -1.2646932532562116, -1.2621729161714024, -1.2613176215034019, -1.2613176215034019, -1.2607879860484754, -1.2602787036407752, -1.2597898202027487, -1.2588939100169794, -1.2584664806090176, -1.2580596154276684, -1.2570681924420557, -1.2553995844558448, -1.2529358314449792, -1.2493708545910773, -1.245379479473742, -1.2403342972761422, -1.235229534615635, -1.2327429769393448, -1.2320523895991473, -1.2320523895991473, -1.2313817222399954, -1.2310513799509206, -1.2304107053905384, -1.2297900986181183, -1.2294848227281707, -1.2279836151686865, -1.2246255803792623, -1.2211018702971608, -1.216337425147354, -1.2111566485505454, -1.2041170865608688, -1.1989159783812045, -1.1957812116280573, -1.193518195850359, -1.1926129895392796, -1.1926129895392796, -1.1921651657174015, -1.1908648886724855, -1.1904459490656132, -1.1892328434559583, -1.1892328434559583, -1.1876544085396097, -1.1849264005513584, -1.1805857045313997, -1.17478841818696, -1.1676998678990924, -1.1586493198781465, -1.1494015115872982, -1.1401211153988124, -1.132614379328015, -1.1260190194284254, -1.122999192382873, -1.1212004578648032, -1.1200189313638964, -1.118855141246758, -1.1177091924533773, -1.1165811883149757, -1.1165811883149757, -1.1154893769986831, -1.1144158105859816, -1.1138836068079434, -1.1128375887424464, -1.1097549859788303, -1.1067281126091209, -1.101127696362236, -1.0947963481342007, -1.086061857603861, -1.0780402160501956, -1.0672478089417758, -1.0565378179417664, -1.0438441933854492, -1.031373743521951, -1.0221051092033864, -1.0148169252175758, -1.0103970645715983, -1.0096643253927953, -1.0089355069942143, -1.0082106258054986, -1.0060717101935222, -1.0046618065654276, -1.003284363102755, -1.002599737936027, -0.9998941946160196, -0.9965329783979094, -0.9904455059278927, -0.9823288759678704, -0.9733754934604986, -0.9613230062917959, -0.9481337010733404, -0.9328636325563938, -0.9211310147127425, -0.9049084717484842, -0.8898080977871913, -0.878684496195022, -0.8735111284240833, -0.8717866725004371, -0.8709343229606372, -0.8692429875017101, -0.8684006893108196, -0.8667296848573638, -0.865897608903025, -0.8642472744727596, -0.8626109063330291, -0.8585375823756696, -0.8512374380417533, -0.8397828610636394, -0.8272503276627209, -0.8102699635771922, -0.7964743161880223, -0.7814362194063665, -0.7669884110114814, -0.7512885598762905, -0.7314848614842403, -0.7190525150821053, -0.7065197771431062, -0.7026433912140481, -0.7026433912140481, -0.7016818869357775, -0.6988050965849073, -0.695951862088517, -0.695951862088517, -0.6931227623182241, -0.6865405991632821, -0.6781025268509399, -0.6677591276074597, -0.6506397206291177, -0.6371786607333295, -0.6177469887310637, -0.5999981889553178, -0.586002317563236, -0.5677763362576943, -0.5503257291505779, -0.5358501401534601, -0.5306712473511773, -0.5265281331093511, -0.5254941624666998, -0.5254941624666998, -0.5244620230504982, -0.5224052086444623, -0.5193373032920735, -0.5121926488214553, -0.4988983922944373, -0.48452730408857664, -0.4638478912355513, -0.44719089832222797, -0.4272523360982326, -0.4081971735643794, -0.3889914757678041, -0.36965082792517406, -0.34909045694730995, -0.3284075521999787, -0.30983599214255214, -0.29450461790592747, -0.28683471901334795, -0.2835494245340712, -0.2835494245340712, -0.28136453511555043, -0.27918259479173885, -0.2759120068234916, -0.26828622613787884, -0.2584890607312482, -0.2454067088582592, -0.2257300979423392, -0.2093036255459556, -0.1862485772911853, -0.16754854282292253, -0.14882262270468335, -0.12897703803661362, -0.10472238142580223, -0.08488883216930979, -0.06728582436972856, -0.042052419377218556, -0.02672524340778895, -0.013603279285020517, -0.005953613552916031, -0.002673122522223922, -0.0015777106146577227, 0.0006131132004746761, 0.007185584645871873, 0.020330527536666268, 0.034545988669665406, 0.052019542834996366, 0.07162158053666255, 0.09226361731092303, 0.11391644544334671, 0.13010967874380863, 0.15261080963759796, 0.17923569789020916, 0.1972201417597092, 0.2264894066387466, 0.24310501296344242, 0.26166742925435504, 0.2800220964989269, 0.2992017073938066, 0.31721687965867557, 0.33601876240022416, 0.35459591699235005, 0.37008208798918435, 0.3910358416359565, 0.4061033339154297, 0.41546561501895535, 0.4238666771047068, 0.4266753614357645, 0.43232567104056696, 0.4464104276294868, 0.46045384928477523, 0.47622703991561305, 0.49185434319545496, 0.5081897244981782, 0.5226142395999075, 0.5394521396694398, 0.5551766466411838, 0.5723895885273335, 0.587642789494038, 0.6043197370286267, 0.6190796281555526, 0.6343226035885131, 0.6493592976249806, 0.6633395319309275, 0.6800963662837468, 0.6928504404988522, 0.7060760686781397, 0.7204562601500173, 0.7359223194847333, 0.7476664435001319, 0.7611541248809758, 0.774877294778992, 0.7888802667232013, 0.8019760465783521, 0.8146147939560281, 0.8274669641998145, 0.8371707216907412, 0.8482265057369435, 0.8621253195740973, 0.8728673468175991],