{"x_mid": [], "x_goal": [-0.9156917218383621], "y_gps": [0.0, 0.0, 0.0, 0.0, 0.0, 0.0, 0.0, 0.0, 0.0, 0.0, 0.0, 0.0, 0.0, 0.0, 0.0, 0.0, 0.0, 0.0, 0.0, 0.0, 0.0, 0.0, 0.0, 0.0], "x_gps": [0.0, 0.0, 0.0, 0.0, 0.0, 0.0, 0.0, 0.0, 0.0, 0.0, 0.0, 0.0, 0.0, 0.0, 0.0, 0.0, 0.0, 0.0, 0.0, 0.0, 0.0, 0.0, 0.0, 0.0], "y": [0.008743682624421583, 0.008743682624421583, 0.008743682624421583, 0.008743682624421583, 0.008743682624421583, 0.008743682624421583, 0.008743682624421583, 0.008743682624421583, 0.008743682624421583, 0.008743682624421583, 0.008743682624421583, 0.008743682624421583, 0.008743682624421583, 0.008743682624421583, 0.008743682624421583, 0.008743682624421583, 0.008743682624421583, 0.008743682624421583, 0.008743682624421583, 0.008743682624421583, 0.008743682624421583, 0.008743682624421583, 0.008743682624421583, 0.008743682624421583, 0.008743682624421583, 0.008743682624421583, 0.008743682624421583, 0.008743682624421583, 0.008743682624421583, 0.008743682624421583, 0.008743682624421583, 0.008743682624421583, 0.008743682624421583, 0.008743682624421583, 0.008743682624421583, 0.008743682624421583, 0.008743682624421583, 0.008743682624421583, 0.008743682624421583, 0.008743682624421583, 0.008743682624421583, 0.008743682624421583, 0.008743682624421583, 0.008743682624421583, 0.008743682624421583, 0.008743682624421583, 0.008743682624421583, 0.008743682624421583, 0.008743682624421583, 0.008743682624421583, 0.008743682624421583, 0.008743682624421583, 0.008743682624421583, 0.008743682624421583, 0.008743682624421583, 0.008743682624421583, 0.008743682624421583, 0.008743682624421583, 0.008743682624421583, 0.008743682624421583, 0.008743682624421583, 0.008743682624421583, 0.008743682624421583, 0.008743682624421583, 0.008743682624421583, 0.008743682624421583, 0.008743682624421583, 0.008743682624421583, 0.008743682624421583, 0.008743682624421583, 0.008743682624421583, 0.008743682624421583, 0.008743682624421583, 0.008743682624421583, 0.008743682624421583, 0.008743682624421583, 0.008743682624421583, 0.008743682624421583, 0.008743682624421583, 0.008743682624421583, 0.008743682624421583, 0.008743682624421583, 0.008743682624421583, 0.008743682624421583, 0.008743682624421583, 0.008743682624421583, 0.008743682624421583, 0.008743682624421583, 0.008743682624421583, 0.008743682624421583, 0.008743682624421583, 0.008743682624421583, 0.008743682624421583, 0.008743682624421583, 0.008743682624421583, 0.008743682624421583, 0.008743682624421583, 0.008743682624421583, 0.008743682624421583, 0.008743682624421583, 0.008743682624421583, 0.009103463741066561, 0.009103463741066561, 0.008748635737725758, 0.008748635737725758, 0.008748635737725758, 0.008748635737725758, 0.008748635737725758, 0.008748635737725758, 0.008748635737725758, 0.008748635737725758, 0.008748635737725758, 0.008748635737725758, 0.008748635737725758, 0.008748635737725758, 0.008748635737725758, 0.009098502628928182, 0.009098502628928182, 0.009393301472972567, 0.009164607654519596, 0.009164607654519596, 0.009164607654519596, 0.009180313883164513, 0.009180313883164513, 0.009367878575492055, 0.00909331176942013, 0.008723648869115733, 0.00919488954734748, 0.009735877005031349, 0.009119177376856831, 0.009119177376856831, 0.009893639190689293, 0.009893639190689293, 0.009893639190689293, 0.008953547906909963, 0.008953547906909963, 0.008953547906909963, 0.010010571863669816, 0.010010571863669816, 0.008916150986618547, 0.010017888364855463, 0.011120538278601258, 0.010018161459534984, 0.010018161459534984, 0.008915668754897937, 0.008915668754897937, 0.008915668754897937, 0.008915668754897937, 0.008915668754897937, 0.008915668754897937, 0.008915668754897937, 0.008915668754897937, 0.010018045573964211, 0.008915552869327164, 0.008915552869327164, 0.008915552869327164, 0.008915552869327164, 0.008915552869327164, 0.008915552869327164, 0.008915552869327164, 0.008915552869327164, 0.007812969132446234, 0.007812969132446234, 0.007812969132446234, 0.007812969132446234, 0.007812969132446234, 0.007812969132446234, 0.007812969132446234, 0.007812969132446234, 0.007812969132446234, 0.007812969132446234, 0.007812969132446234, 0.007812969132446234, 0.007812969132446234, 0.007812969132446234, 0.007812969132446234, 0.007812969132446234, 0.007812969132446234, 0.008915676828377796, 0.010018260565258726, 0.00891576786062168, 0.00891576786062168, 0.00891576786062168, 0.00891576786062168, 0.00891576786062168, 0.00891576786062168, 0.00891576786062168, 0.00891576786062168, 0.00891576786062168, 0.00891576786062168, 0.00891576786062168, 0.00891576786062168, 0.00891576786062168, 0.00891576786062168, 0.00891576786062168, 0.00891576786062168, 0.00891576786062168, 0.00891576786062168, 0.00891576786062168, 0.00891576786062168, 0.00891576786062168, 0.00891576786062168, 0.00891576786062168, 0.00891576786062168, 0.00891576786062168, 0.00891576786062168, 0.00891576786062168, 0.00891576786062168, 0.00891576786062168, 0.00891576786062168, 0.00891576786062168, 0.00891576786062168, 0.00891576786062168, 0.00891576786062168, 0.00891576786062168, 0.00891576786062168],