{"lon_start": [11.97958], "x_goal": [-5720179.342551753], "x_gps": [-6411305.50053, -6411305.50053, -6411305.50053, -6411305.50053, -6411305.50053, -6411305.50053, -6411305.50053, -6411305.50053, -6411305.50053, -6411305.50053, -6411305.50053, -6411305.50053, -6411305.50053, -6411305.50053, -6411305.50053, -6411305.50053, -6411305.50053, -6411305.50053, -6411305.50053, -6411305.50053, -6411305.50053, -6411305.50053, -6411305.50053, -6411305.50053, -6411305.50053, -6411305.50053, -6411305.50053, -6411305.50053], "angle": [3.0814025330618713, 3.0813675000027807, 3.0906622611273225, 3.0956539550765267, 3.0956950859809123, 3.0860727742499554, 3.086132189705486, 3.0861580840486846, 3.0814101485347636, 3.071800038917773, 3.0716675124455604, 3.062211248421257, 3.0622721826442327, 3.0670932309663317, 3.057653716516495, 3.0576704709651583, 3.0576293467434272, 3.0528433313363483, 3.048174599937316, 3.0482050624320496, 3.0433276590536216, 3.0434358029607083, 3.0437160843501334, 3.0390352716142415, 3.034005470076299, 3.033571026029316, 3.033101248058667, 3.0334046899261704, 3.033619718222087, 3.0378692390141415, 3.0382671888085513, 3.0442955613283953, 3.039867872566492, 3.0392869488880825, 3.0439571557563614, 3.043510498478629, 3.0383861243408097, 3.0382581277984673, 3.0387473029840253, 3.0390352716142415, 3.038678728909474, 3.038281110790072, 3.038422817904337, 3.0385416450038867, 3.0434479886731496, 3.048217248469299, 3.0576917952149127, 3.048174599937316, 3.043411433187627, 3.0385949561558334, 3.038596479902319, 3.0433657392483537, 3.043426664423395, 3.0434144795461355, 3.038669590372161, 3.0386010457221557, 3.0434815135260225, 3.0391542620677083, 3.039099610726909, 3.0431703266613437, 3.0381476726055685, 3.0383217748670095, 3.043426664423395, 3.0392639451650054, 3.04428619748147, 3.0443379975497025, 3.0389835405131844, 3.043508971943246, 3.038584205391905, 3.043333668386278, 3.043426664423395, 3.03813733751852, 3.0429996677775346, 3.0381526254400915, 3.03879312366779, 3.038678728909474, 3.044168125543453, 3.045093438357201, 3.0400530233365664, 3.0394652416512815, 3.0437689262463374, 3.033930793395553, 3.0376334791105317, 3.0429086574552873, 3.043426664423395, 3.039747615958524, 3.0393140800117324, 3.0397691059191914, 3.0435732236042967, 3.048174599937316, 3.043426664423395, 3.043713648596302, 3.0437289880065364, 3.0389871914707025, 3.0391184073387736, 3.043570156401312, 3.043570156401312, 3.043145812900812, 3.0388160891027045, 3.038678728909474, 3.043824955947679, 3.0394569368713955, 3.043426664423395, 3.0436799397815806, 3.0435517709996653, 3.038678728909474, 3.0388038354857443, 3.043426664423395, 3.038678728909474, 3.043151943829019, 3.043142746793295, 3.0382344486585473, 3.043722850884121, 3.0493187314355334, 3.0447107685163517, 3.0455078921035725, 3.050969215231023, 3.051379583757799, 3.0474684017963463, 3.0449233323393945, 3.0485130564868665, 3.050909655874723, 3.044933006493368, 3.045494628802061, 3.043426664423395, 3.0375265763347454, 3.051206764522006, 3.04695104618736, 3.043361555728452, 3.038678728909474, 3.0376777994939332, 3.038678728909474, 3.0414708728777518, 3.035302016297924, 3.0363159174409318, 3.0457976515700516, 3.046573988987077, 3.0574594029481377, 3.0577264935012423, 3.056669458845276, 3.0518182690280797, 3.040507080067695, 3.0352023504041656, 3.0307457010150625, 3.0375035479530514, 3.0417358838756035, 3.0471570212288586, 3.057740955974863, 3.0619228444248354, 3.044633448106668, 3.0390059849524107, 3.0350677756274362, 3.0326888021025176, 3.0326264303740347, 3.0277768743385485, 3.0336069750193504, 3.0393348917678527, 3.0397358395865095, 3.0398361846464295, 3.0352328021826245, 3.0347522618614238, 3.038928622427996, 3.0389529760917697, 3.0387731832889187, 3.0389224873447573, 3.038856999041418, 3.03888445155026, 3.038840291252462, 3.043627934389667, 3.044668219477037, 3.0458984287444455, 3.0468709712484316, 3.046695900306875, 3.0421644273324278, 3.0415276555473, 3.0499013902393974, 3.0457709891356624, 3.0484261785177753, 3.047056638071521, 3.05514966674726, 3.051828335032506, 3.0483195454511254, 3.0496807900050977, 3.041302774689486, 3.0438960620587756, 3.047083316713501, 3.048421477424834, 3.0490341254042095, 3.047377670683453, 3.043871104126084, 3.036616975329352, 3.0396551055253935, 3.03329946747582, 3.037215563687575, 3.0330287553225928, 3.038629977519198, 3.0389986537299083, 3.039592881223389, 3.038910262735502, 3.0389239815017985, 3.0434875895984366, 3.038302476416029, 3.0383634015874565, 3.0336566086719072, 3.038556873455409, 3.043426664423395, 3.0433581215482515, 3.0435043476107135, 3.0387000531592285, 3.033930793395553, 3.038751839936143, 3.0387929674986225, 3.0339521168658, 3.0386756827365557, 3.038672636558998, 3.043419048950503, 3.0386665440322145, 3.043426664423395, 3.0434342798962875, 3.0482279088971027, 3.043426664423395, 3.048174599937316, 3.043403817958324, 3.0482020160503414, 3.0482248633853697, 3.0529895535010514, 3.048174599937316, 3.052936243274605, 3.043438849300655, 3.038700052379721, 3.03869700610937, 3.033953639860625, 3.033930793395553, 3.038700052379721, 3.038677205824175, 3.0339079469304817, 3.033930793395553, 3.038678728909474, 3.04347235766671, 3.0434358030163837, 3.0434373261503995, 3.0386665441714054, 3.0386680671824697, 3.0339048990523545, 3.0339612581872286, 3.0338759577868433, 3.038669590372161, 3.0387015753745454, 3.038678728909474, 3.038687867446787], "lon": [11.97958, -0.0, -0.0, -0.0, -0.0, -0.0, -0.0, -0.0, -0.0, -0.0, -0.0, -0.0, -0.0, -0.0, -0.0, -0.0, -0.0, -0.0, -0.0, -0.0, -0.0, -0.0, -0.0, -0.0, -0.0, -0.0, -0.0, -0.0, -0.0], "covariance": [[0.0, 0.0, 0.0, 0.0, 0.0, 0.0, 0.0, 0.0, 0.0], [0.0, 0.0, 0.0, 0.0, 0.0, 0.0, 0.0, 0.0, 0.0], [0.0, 0.0, 0.0, 0.0, 0.0, 0.0, 0.0, 0.0, 0.0], [0.0, 0.0, 0.0, 0.0, 0.0, 0.0, 0.0, 0.0, 0.0], [0.0, 0.0, 0.0, 0.0, 0.0, 0.0, 0.0, 0.0, 0.0], [0.0, 0.0, 0.0, 0.0, 0.0, 0.0, 0.0, 0.0, 0.0], [0.0, 0.0, 0.0, 0.0, 0.0, 0.0, 0.0, 0.0, 0.0], [0.0, 0.0, 0.0, 0.0, 0.0, 0.0, 0.0, 0.0, 0.0], [0.0, 0.0, 0.0, 0.0, 0.0, 0.0, 0.0, 0.0, 0.0], [0.0, 0.0, 0.0, 0.0, 0.0, 0.0, 0.0, 0.0, 0.0], [0.0, 0.0, 0.0, 0.0, 0.0, 0.0, 0.0, 0.0, 0.0], [0.0, 0.0, 0.0, 0.0, 0.0, 0.0, 0.0, 0.0, 0.0], [0.0, 0.0, 0.0, 0.0, 0.0, 0.0, 0.0, 0.0, 0.0], [0.0, 0.0, 0.0, 0.0, 0.0, 0.0, 0.0, 0.0, 0.0], [0.0, 0.0, 0.0, 0.0, 0.0, 0.0, 0.0, 0.0, 0.0], [0.0, 0.0, 0.0, 0.0, 0.0, 0.0, 0.0, 0.0, 0.0], [0.0, 0.0, 0.0, 0.0, 0.0, 0.0, 0.0, 0.0, 0.0], [0.0, 0.0, 0.0, 0.0, 0.0, 0.0, 0.0, 0.0, 0.0], [0.0, 0.0, 0.0, 0.0, 0.0, 0.0, 0.0, 0.0, 0.0], [0.0, 0.0, 0.0, 0.0, 0.0, 0.0, 0.0, 0.0, 0.0], [0.0, 0.0, 0.0, 0.0, 0.0, 0.0, 0.0, 0.0, 0.0], [0.0, 0.0, 0.0, 0.0, 0.0, 0.0, 0.0, 0.0, 0.0], [0.0, 0.0, 0.0, 0.0, 0.0, 0.0, 0.0, 0.0, 0.0], [0.0, 0.0, 0.0, 0.0, 0.0, 0.0, 0.0, 0.0, 0.0], [0.0, 0.0, 0.0, 0.0, 0.0, 0.0, 0.0, 0.0, 0.0], [0.0, 0.0, 0.0, 0.0, 0.0, 0.0, 0.0, 0.0, 0.0], [0.0, 0.0, 0.0, 0.0, 0.0, 0.0, 0.0, 0.0, 0.0], [0.0, 0.0, 0.0, 0.0, 0.0, 0.0, 0.0, 0.0, 0.0]], "y_mid": [], "lat_start": [57.68727], "lat": [57.68727, -0.0, -0.0, -0.0, -0.0, -0.0, -0.0, -0.0, -0.0, -0.0, -0.0, -0.0, -0.0, -0.0, -0.0, -0.0, -0.0, -0.0, -0.0, -0.0, -0.0, -0.0, -0.0, -0.0, -0.0, -0.0, -0.0, -0.0, -0.0], "x_mid": [], "radius": [], "y_gps": [-1331398.54162, -1331398.54162, -1331398.54162, -1331398.54162, -1331398.54162, -1331398.54162, -1331398.54162, -1331398.54162, -1331398.54162, -1331398.54162, -1331398.54162, -1331398.54162, -1331398.54162, -1331398.54162, -1331398.54162, -1331398.54162, -1331398.54162, -1331398.54162, -1331398.54162, -1331398.54162, -1331398.54162, -1331398.54162, -1331398.54162, -1331398.54162, -1331398.54162, -1331398.54162, -1331398.54162, -1331398.54162], "angle_north": [0, 0, 0, 0, 0, 0, 0, 0, 0, 0, 0, 0, 0, 0, 0, 0, 0, 0, 0, 0, 0, 0, 0, 0, 0, 0, 0, 0],