{"lat_start": [57.681043333333335], "x_gps": [6397114.146744036, 6397114.146744036, 6397114.146744036, 6397114.142369936, 6397113.952557787, 6397113.952557787, 6397113.943809599, 6397113.749623369, 6397113.745249283, 6397113.551063066, 6397113.573252897], "y_goal": [-677843.8726246107], "x_ordometry": [6397116.467927384, 6397116.467927384, 6397116.471234166, 6397116.475644203, 6397116.484464277, 6397116.494387642, 6397116.510927516, 6397116.52746795, 6397116.548419403, 6397116.569370619, 6397116.5870137485, 6397116.609067661, 6397116.634428802, 6397116.654276651, 6397116.679638649, 6397116.69948717, 6397116.7171303, 6397116.740287169, 6397116.766752161, 6397116.785497986, 6397116.806448494, 6397116.82850166, 6397116.849450987, 6397116.874808698, 6397116.897959041, 6397116.926621372, 6397116.948669318, 6397116.9762258325, 6397116.993862002, 6397117.015907215, 6397117.040156948, 6397117.06109683, 6397117.089751406, 6397117.109589188, 6397117.1316311695, 6397117.153673151, 6397117.177919329, 6397117.197757113, 6397117.219799094, 6397117.241841075, 6397117.266087254, 6397117.289234727, 6397117.310174609, 6397117.33111756, 6397117.352057442, 6397117.373000394, 6397117.3950456055, 6397117.419295339, 6397117.443545072, 6397117.469999326, 6397117.490939208, 6397117.51188216, 6397117.533927373, 6397117.553768063, 6397117.575813275, 6397117.596753158, 6397117.61990063, 6397117.644150363, 6397117.6639910545, 6397117.683831745, 6397117.703672436, 6397117.7279221695, 6397117.748862051, 6397117.775312428, 6397117.79625538, 6397117.820505113, 6397117.842550325, 6397117.862391016, 6397117.883336565, 6397117.903179717, 6397117.924122669, 6397117.946167881, 6397117.977031178, 6397117.996871868, 6397118.01781175, 6397118.04205793, 6397118.061895712, 6397118.090550288, 6397118.11038807, 6397118.133535543, 6397118.155580755, 6397118.18203501, 6397118.201875701, 6397118.225019781, 6397118.2459627325, 6397118.265803424, 6397118.286748973, 6397118.307691924, 6397118.328637472, 6397118.349580424, 6397118.381549946, 6397118.400288377, 6397118.427848309, 6397118.448791261, 6397118.470836473, 6397118.495086206, 6397118.512722376, 6397118.535872719, 6397118.5579147, 6397118.5799566815, 6397118.601998663, 6397118.622941614, 6397118.643881496, 6397118.667028969, 6397118.6901730485, 6397118.71110939, 6397118.73425347, 6397118.759597461, 6397118.776128946, 6397118.788249985, 6397118.794861461, 6397118.797065287, 6397118.800371584, 6397118.8014734965, 6397118.8014734965, 6397118.8014734965], "x_goal": [6397136.456955148], "lon": [11.982828333333334, 11.982828333333334, 11.982828333333334, 11.982828333333334, 11.982826666666666, 11.982825, 11.982825, 11.982821666666666, 11.982818333333332, 11.982816666666666, 11.982813333333333, 11.98281], "k2": -0.022865853658536585, "k1": -1.6428571428571428, "m1": 9831701.42736638, "y_gps": [-677843.2151234042, -677843.2151234042, -677843.2151234042, -677843.1157913113, -677843.024624996, -677843.024624996, -677842.8259607994, -677842.6354623646, -677842.5361302608, -677842.3456318013, -677844.3002037369], "m2": -531567.6779841095, "y_ordometry": [-677843.2102281401, -677843.2102281401, -677843.210322368, -677843.2104061323, -677843.210573661, -677843.210715017, -677843.2108720823, -677843.2109506158, -677843.2109506158, -677843.21085114, -677843.210767371, -677843.2106626596, -677843.2104218262, -677843.210233348, -677843.2101129299, -677843.2100186897, -677843.2099349207, -677843.2099349207, -677843.2099349207, -677843.2100239253, -677843.2102228745, -677843.2104322949, -677843.2107307132, -677843.2112123582, -677843.2117620432, -677843.2124426055, -677843.212966115, -677843.2137513468, -677843.2142538951, -677843.2148820806, -677843.2155730845, -677843.2162692894, -677843.2172219907, -677843.2178815531, -677843.2186144004, -677843.2193472475, -677843.2201533794, -677843.2208129419, -677843.221545789, -677843.2222786363, -677843.2230847682, -677843.2237443628, -677843.2244405677, -677843.2250373438, -677843.2257335486, -677843.2263303248, -677843.2269585102, -677843.2276495142, -677843.2283405181, -677843.2290943406, -677843.2297905454, -677843.2303873216, -677843.231015507, -677843.2315808738, -677843.2322090593, -677843.2329052641, -677843.2335648588, -677843.2342558628, -677843.2348212296, -677843.2353865965, -677843.2359519633, -677843.2366429673, -677843.2373391722, -677843.2382185888, -677843.2388153649, -677843.2395063689, -677843.2401345543, -677843.2406999212, -677843.2411972552, -677843.2416684137, -677843.2422651899, -677843.2428933753, -677843.2437728349, -677843.2443382017, -677843.2450344065, -677843.2458405385, -677843.2465001009, -677843.2474528023, -677843.2481123648, -677843.2487719595, -677843.2494001449, -677843.2501539674, -677843.2507193342, -677843.2514888238, -677843.2520855999, -677843.2526509668, -677843.2531483008, -677843.253745077, -677843.254242411, -677843.2548391871, -677843.2555982758, -677843.2561322334, -677843.2567866204, -677843.2573833965, -677843.2580115818, -677843.2587025858, -677843.2592051341, -677843.2597548191, -677843.2604876664, -677843.2612205135, -677843.2619533606, -677843.2625501368, -677843.2632463416, -677843.2639059364, -677843.264675426, -677843.2654710438, -677843.2662405332, -677843.2672036495, -677843.2677532849, -677843.2682139057, -677843.2684651535, -677843.2685489027, -677843.2686588299, -677843.2687007044, -677843.2687007044, -677843.2687007044],