{"lon_start": [11.979265], "x_goal": [6397759.2359051565], "x_gps": [6397750.682349088, 6397750.673612187, 6397750.660506852, 6397750.457594675, 6397750.810997837, 6397750.793524172, 6397750.978962609, 6397750.965857385, 6397750.961488982, 6397750.961488982, 6397751.142559017, 6397751.138190619, 6397751.133822223, 6397751.15129582, 6397751.354207892, 6397751.367313144, 6397751.380418418, 6397751.190611555, 6397750.832839974, 6397750.656138413, 6397750.483805307, 6397750.470699981, 6397750.280893108, 6397750.095454672, 6397750.285261545], "angle": [-0.4938355691488694, -0.4890373579338685, -0.49378529344778976, -0.4984753305104871, -0.5032811644756318, -0.5079757754346258, -0.5223795557223124, -0.5270680691990203, -0.531768777559158, -0.546058287090195, -0.5556790752456505, -0.5651749462734927, -0.5699472679735805, -0.574437724042393, -0.5888476039820788, -0.5888354097743201, -0.5982398747540529, -0.6077357457818949, -0.626727487837579, -0.6596582248313161, -0.7024475330004328, -0.7455813331201222, -0.7787345751471696, -0.8025976724765651, -0.816644908394421, -0.8260691542631651, -0.8310898614151242, -0.8308887149361847, -0.8213257952179894, -0.8165230119958141, -0.8121285675662707, -0.8024011018526581, -0.7879881737659556, -0.7784405284660334, -0.7737078329949738, -0.7640672523609421, -0.7548821397088967, -0.7406779401716845, -0.7406779401716845, -0.7263655907547778, -0.7215262553207319, -0.7121415851663166, -0.7025543128953647, -0.7027203504035147, -0.6980988454325056, -0.6884049543264456, -0.6882770003829698, -0.6836326426355204, -0.6835564759135432, -0.6787780622405706, -0.6789928616557832, -0.6788908017135385, -0.6789821962741909, -0.6743119501638093, -0.6697391972066629, -0.6602722924617577, -0.6505235391411341, -0.645771029981784, -0.6504671654071844, -0.654971342485822, -0.6549789637146132, -0.659932571643351, -0.6602509375578282, -0.6504671654071842, -0.6456857209704214, -0.6505067673440096, -0.645804527217021, -0.6408753290918222, -0.6457192298932634, -0.6456872415290297, -0.6458487023978737, -0.6409712943793422, -0.6410078490853516, -0.6362233588654213, -0.621915581393292, -0.6267807967973656, -0.6219978295235539, -0.6172438016869964, -0.6125248055175472, -0.6029878102679739, -0.6124547400302841, -0.6080373597745422, -0.6078576054124621, -0.6030304587999569, -0.5981606706391639, -0.598203320242913, -0.5887302956801366, -0.5885916875409558, -0.5934325362595071, -0.5886952640315951, -0.5887440037262107, -0.5935132627103786, -0.5934645234054918, -0.5887440037262107, -0.588768373276581, -0.5887440037262107, -0.5887592346835937, -0.5839960682122897, -0.5792115781872287, -0.5744270872713645, -0.579162837518306, -0.5697522616705267, -0.5698482269580466, -0.5602563906426845, -0.5507833671934995, -0.5367406343502142, -0.527020842045237, -0.5269599124155, -0.5270010410919018, -0.5317413597756779, -0.5316591060077422, -0.5270726307710647, -0.5269751468531295, -0.5175523888008752, -0.5127541879248165, -0.507949895874664, -0.4982864413439872, -0.49847839335300104, -0.4887936357039386, -0.4983565127115705, -0.4938249004523406, -0.4889931790394471, -0.4839374882277326, -0.47901132094003257, -0.4791895527138114, -0.4746518696432421, -0.4650615431577711, -0.4598564960990844, -0.45498962389702746, -0.4553965152449001, -0.4509411262688284, -0.4413980288053078, -0.43659676824960436, -0.4317696208283208, -0.432062131766816, -0.43209716742470117, -0.4177665364992252, -0.4082173470101912, -0.3989499761329697, -0.38945410510512773, -0.3892575991659847, -0.3798104701713196, -0.375068627912685, -0.37033897008584227, -0.36575096957094977, -0.35637241595243585, -0.3469192173366712, -0.3424136266846832, -0.33280648305109195, -0.332657142858852, -0.32314148533184084, -0.31380251533484166, -0.3042517471918835, -0.28530269021774285, -0.26597579482768835, -0.256452494528909, -0.25164058223781594, -0.2468682757815301, -0.2470205933590169, -0.23272652336944996, -0.24220868214034008, -0.2420533205474148, -0.23248127923402204, -0.22306614518142234, -0.20916811255075757, -0.19970575350749306, -0.1903058577874654, -0.18547414061365103, -0.176016347180259, -0.1667474883794798, -0.1436296270239636, -0.11033010559033389, -0.07674852679050684, -0.05300884922090158, -0.02929812958088128, -0.014996408370661829, -0.005619396410010124, 0.008619840868320409, 0.02325220935764324, 0.033016205662642274, 0.04264612230153196, 0.05246034447370604, 0.06721151414992879, 0.08161994050217747, 0.10021850248926734, 0.11899084977083502, 0.13325903014991075, 0.14750588286443778, 0.15695909902727057, 0.1616674275379453, 0.1710901810251947, 0.18065612342079618, 0.1948938375983279, 0.20450243717857508, 0.22821774042833182, 0.24234577189185155, 0.2567251585667923, 0.26161174551355665, 0.28051663255196524, 0.28524171575474966, 0.2900932573633406, 0.30416947769441344, 0.31354652538255556, 0.3278634507455174, 0.3373166693442781, 0.34685062353617185, 0.3470623827332362, 0.3565094998501493, 0.370616197153718, 0.3849712138582286, 0.4039157287632593, 0.42774987063801995, 0.4468421647752365, 0.4704797595408617, 0.49901308170167114, 0.5275113655271285, 0.5463309477170601], "lon": [11.979265, 11.979265, 11.979261666666666, 11.979256666666666, 11.97925, 11.979243333333333, 11.979236666666667, 11.979236666666667, 11.979231666666667, 11.97923, 11.97923, 11.979228333333333, 11.979226666666667, 11.979225, 11.979231666666667, 11.979238333333333, 11.979243333333333, 11.979248333333333, 11.979246666666667, 11.979251666666666, 11.979255, 11.97926, 11.979255, 11.979253333333334, 11.979253333333334, 11.979255], "covariance": [[182.25, 182.25, 182.25, 182.25, 182.25, 182.25, 182.25, 182.25, 182.25], [182.25, 182.25, 182.25, 182.25, 182.25, 182.25, 182.25, 182.25, 182.25], [225.0, 225.0, 225.0, 225.0, 225.0, 225.0, 225.0, 225.0, 225.0], [182.25, 182.25, 182.25, 182.25, 182.25, 182.25, 182.25, 182.25, 182.25], [182.25, 182.25, 182.25, 182.25, 182.25, 182.25, 182.25, 182.25, 182.25], [225.0, 225.0, 225.0, 225.0, 225.0, 225.0, 225.0, 225.0, 225.0], [182.25, 182.25, 182.25, 182.25, 182.25, 182.25, 182.25, 182.25, 182.25], [182.25, 182.25, 182.25, 182.25, 182.25, 182.25, 182.25, 182.25, 182.25], [225.0, 225.0, 225.0, 225.0, 225.0, 225.0, 225.0, 225.0, 225.0], [182.25, 182.25, 182.25, 182.25, 182.25, 182.25, 182.25, 182.25, 182.25], [182.25, 182.25, 182.25, 182.25, 182.25, 182.25, 182.25, 182.25, 182.25], [182.25, 182.25, 182.25, 182.25, 182.25, 182.25, 182.25, 182.25, 182.25], [182.25, 182.25, 182.25, 182.25, 182.25, 182.25, 182.25, 182.25, 182.25], [182.25, 182.25, 182.25, 182.25, 182.25, 182.25, 182.25, 182.25, 182.25], [182.25, 182.25, 182.25, 182.25, 182.25, 182.25, 182.25, 182.25, 182.25], [144.0, 144.0, 144.0, 144.0, 144.0, 144.0, 144.0, 144.0, 144.0], [144.0, 144.0, 144.0, 144.0, 144.0, 144.0, 144.0, 144.0, 144.0], [144.0, 144.0, 144.0, 144.0, 144.0, 144.0, 144.0, 144.0, 144.0], [144.0, 144.0, 144.0, 144.0, 144.0, 144.0, 144.0, 144.0, 144.0], [144.0, 144.0, 144.0, 144.0, 144.0, 144.0, 144.0, 144.0, 144.0], [144.0, 144.0, 144.0, 144.0, 144.0, 144.0, 144.0, 144.0, 144.0], [144.0, 144.0, 144.0, 144.0, 144.0, 144.0, 144.0, 144.0, 144.0], [144.0, 144.0, 144.0, 144.0, 144.0, 144.0, 144.0, 144.0, 144.0], [225.0, 225.0, 225.0, 225.0, 225.0, 225.0, 225.0, 225.0, 225.0], [182.25, 182.25, 182.25, 182.25, 182.25, 182.25, 182.25, 182.25, 182.25]], "y_mid": [], "lat_start": [57.68684833333333], "lat": [57.68684833333333, 57.68684833333333, 57.68684833333333, 57.68684833333333, 57.68684666666667, 57.68685, 57.68685, 57.68685166666667, 57.68685166666667, 57.68685166666667, 57.68685166666667, 57.68685333333333, 57.68685333333333, 57.68685333333333, 57.68685333333333, 57.686855, 57.686855, 57.686855, 57.68685333333333, 57.68685, 57.68684833333333, 57.68684666666667, 57.68684666666667, 57.686845, 57.686843333333336, 57.686845], "x_mid": [], "radius": [],