{"x_mid": [3.8037820764588166], "x_goal": [4.298723800487369], "y_gps": [0.0, 0.0], "x_gps": [0.0, 0.0], "y": [-0.08695343062751063, -0.08695343062751063, -0.08695343062751063, -0.08802675436174685, -0.0910807875655663, -0.09385281748216294, -0.0951092508278512, -0.09617452389846165, -0.09701423320477706, -0.09741052911741921, -0.09766184576802223, -0.09766184576802223, -0.09766184576802223, -0.09766184576802223, -0.09746939745400024, -0.09746939745400024, -0.09725122960670715, -0.09725122960670715], "x": [2.934855905938188, 2.934855905938188, 2.934855905938188, 2.936782518535062, 2.9426517280748676, 2.9486592724628577, 2.951719511032951, 2.9548514238898287, 2.9580512009350195, 2.960220719196416, 2.962411769145193, 2.962411769145193, 2.962411769145193, 2.962411769145193, 2.963497553944616, 2.963497553944616, 2.9645784645674866, 2.9645784645674866], "y_goal": [0.28703101586456625], "radius": [1], "y_mid": [-0.5818951546560625]}