{"lon_start": [-0.0], "x_goal": [0.5208047166574727], "x_gps": [0.0, 0.0, 0.0, 0.0, 0.0, 0.0, 0.0, 0.0, 0.0, 0.0, 0.0, 0.0, 0.0], "angle": [0.02373510830442849, 0.023727492831536613, 0.023736631396687073, 0.023733585219129317, 0.023730539032292372, 0.02373510830442849, 0.023733585205210486, 0.023739677569605277, 0.023736631396687073, 0.023800602327059238, 0.025205645588124645, 0.027017924927063088, 0.026346445862267764, 0.02419667542285454, 0.023776232275614605, 0.023643720077945025, 0.023642196992652947, 0.023794513178314984, 0.02398646518732881, 0.023739677569605277, 0.023636099802503426, 0.02368179499447384, 0.024050420965631696, 0.02373967756960527, 0.03805659708691021, 0.03812970794621527, 0.042725327260894695, 0.0427283734523713, 0.04275274309553638, 0.04273141962528949, 0.04273446579820769, 0.0427283734523713, 0.04273141962528949, 0.04273141962528949, 0.04273751197576546, 0.04273294271058868, 0.04271923488722083, 0.04273141962528949, 0.04273141962528949, 0.04273141962528949, 0.04273141962528949, 0.04273141962528949, 0.04273446579820769, 0.0427314196252895, 0.04273141962528949, 0.0427283734523713, 0.03798348411136843, 0.03799566884943709, 0.03798348411136844, 0.03798805337654522, 0.03797891484619166, 0.03798348411136844, 0.03798043793845024, 0.03798348411136843, 0.03798348411136843, 0.03798348411136843, 0.03798348411136843, 0.03798348411136843, 0.03798348411136845, 0.03798348411136843, 0.03798348411136843, 0.03798348411136845, 0.03798348411136843, 0.038001761241669194, 0.03800937845456694, 0.0425988826730439, 0.03780676786122832, 0.03327058425533266, 0.028487613083526323, 0.02852416778953566, 0.023730538976616655, 0.018991742055684217, 0.014301689116894598, 0.014213344534206345, 0.019000880648672842, 0.018993265140983425, 0.01899021897038501, 0.018997834420079, 0.018988695882766027, 0.018991742055684213, 0.018991742055684213, 0.018939953329856585, 0.01938636299665713, 0.01936512773004352, 0.01892621864725835, 0.023474601849472625, 0.02363609980250342, 0.019075514809324783, 0.023710736304073516, 0.023738154484306065, 0.028505890283422063, 0.028518075091083145, 0.028469335953225566, 0.028478474546213436, 0.028493705447921108, 0.028498274810530702, 0.02848761308352633, 0.02848761308352632, 0.02848761308352632, 0.02848761308352633, 0.028484566910608126, 0.028493705434002294, 0.028483043818349547, 0.028487613083526323, 0.028493705434002294, 0.02848761308352632, 0.02848761308352633, 0.028487613083526323, 0.028486089998227125, 0.02848761308352632, 0.028481520733050363, 0.028487613083526323, 0.02848761308352633, 0.02848761308352633, 0.02848761308352633, 0.02848761308352633, 0.028487613083526323, 0.02848761308352633, 0.028487613083526323, 0.02848913616882552, 0.028487613083526323], "lon": [-0.0, -0.0, -0.0, -0.0, -0.0, -0.0, -0.0, -0.0, -0.0, -0.0, -0.0, -0.0, -0.0], "covariance": [[0.0, 0.0, 0.0, 0.0, 0.0, 0.0, 0.0, 0.0, 0.0], [0.0, 0.0, 0.0, 0.0, 0.0, 0.0, 0.0, 0.0, 0.0], [0.0, 0.0, 0.0, 0.0, 0.0, 0.0, 0.0, 0.0, 0.0], [0.0, 0.0, 0.0, 0.0, 0.0, 0.0, 0.0, 0.0, 0.0], [0.0, 0.0, 0.0, 0.0, 0.0, 0.0, 0.0, 0.0, 0.0], [0.0, 0.0, 0.0, 0.0, 0.0, 0.0, 0.0, 0.0, 0.0], [0.0, 0.0, 0.0, 0.0, 0.0, 0.0, 0.0, 0.0, 0.0], [0.0, 0.0, 0.0, 0.0, 0.0, 0.0, 0.0, 0.0, 0.0], [0.0, 0.0, 0.0, 0.0, 0.0, 0.0, 0.0, 0.0, 0.0], [0.0, 0.0, 0.0, 0.0, 0.0, 0.0, 0.0, 0.0, 0.0], [0.0, 0.0, 0.0, 0.0, 0.0, 0.0, 0.0, 0.0, 0.0], [0.0, 0.0, 0.0, 0.0, 0.0, 0.0, 0.0, 0.0, 0.0], [0.0, 0.0, 0.0, 0.0, 0.0, 0.0, 0.0, 0.0, 0.0]], "y_mid": [], "lat_start": [-0.0], "lat": [-0.0, -0.0, -0.0, -0.0, -0.0, -0.0, -0.0, -0.0, -0.0, -0.0, -0.0, -0.0, -0.0], "x_mid": [], "radius": [], "y_gps": [0.0, 0.0, 0.0, 0.0, 0.0, 0.0, 0.0, 0.0, 0.0, 0.0, 0.0, 0.0, 0.0], "angle_north": [0, 0, 0, 0, 0, 0, 0, 0, 0, 0, 0, 0, 0], "y": [0.0004973340085020236, 0.0004973340085020236, 0.0004973340085020236, 0.0004973340085020236, 0.0004973340085020236, 0.0004973340085020236, 0.0004973340085020236, 0.0004973340085020236, 0.0004973340085020236, 0.0004973340085020236, 0.0004973340085020236, 0.0004973340085020236, 0.0004973340085020236, 0.0004973340085020236, 0.0004973340085020236, 0.0004973340085020236, 0.0004973340085020236, 0.0004973340085020236, 0.0004973340085020236, 0.0004973340085020236, 0.0004973340085020236, 0.0004973340085020236, 0.0004973340085020236, 0.0004973340085020236, 0.00028796089893818504, 0.00012046241128711417, 0.0001675683517866759, 0.0001675683517866759, 0.0001675683517866759, 0.0001675683517866759, 0.0001675683517866759, 0.0001675683517866759, 0.0001675683517866759, 0.0001675683517866759, 0.0001675683517866759, 0.0001675683517866759, 0.0001675683517866759, 0.0001675683517866759, 0.0001675683517866759, 0.0001675683517866759, 0.0001675683517866759, 0.0001675683517866759, 0.0001675683517866759, 0.0001675683517866759, 0.0001675683517866759, 0.0001675683517866759, 0.00012569372987390818, 0.00012569372987390818, 0.00012569372987390818, 0.00012569372987390818, 0.00012569372987390818, 0.00012569372987390818, 0.00012569372987390818, 0.00012569372987390818, 0.00012569372987390818, 0.00012569372987390818, 0.00012569372987390818, 0.00012569372987390818, 0.00012569372987390818, 0.00012569372987390818, 0.00012569372987390818, 0.00012569372987390818, 0.00012569372987390818, 0.00029319221752497905, 0.0005444399490015853, 0.0012510290564950112, 0.0024653930919652746, 0.0034547367944877047, 0.004679698354494802, 0.005621976477577184, 0.006642819968712917, 0.006998818454924139, 0.007077349598148717, 0.007077349598148717, 0.007056408510724528, 0.007056408510724528, 0.007056408510724528, 0.007056408510724528, 0.007056408510724528, 0.007056408510724528, 0.007056408510724528, 0.007056408510724528, 0.007056408510724528, 0.007056408510724528, 0.007056408510724528, 0.007082583984856213, 0.007082583984856213, 0.007061642897432024, 0.0070354674233003385, 0.0070878183715637096, 0.007056409100794297, 0.007056409100794297, 0.007056409100794297, 0.007056409100794297, 0.007056409100794297, 0.007056409100794297, 0.007056409100794297, 0.007056409100794297, 0.007056409100794297, 0.007056409100794297, 0.007056409100794297, 0.007056409100794297, 0.007056409100794297, 0.007056409100794297, 0.007056409100794297, 0.007056409100794297, 0.007056409100794297, 0.007056409100794297, 0.007056409100794297, 0.007056409100794297, 0.007056409100794297, 0.007056409100794297, 0.007056409100794297, 0.007056409100794297, 0.007056409100794297, 0.007056409100794297, 0.007056409100794297, 0.007056409100794297, 0.007056409100794297, 0.007056409100794297, 0.007056409100794297],