{"x_mid": [3.432252864891647], "x_goal": [2.532765782192791], "y_gps": [0.0, 0.0, 0.0, 0.0, 0.0, 0.0, 0.0, 0.0, 0.0, 0.0, 0.0, 0.0, 0.0], "x_gps": [0.0, 0.0, 0.0, 0.0, 0.0, 0.0, 0.0, 0.0, 0.0, 0.0, 0.0, 0.0, 0.0], "y": [-0.33663608109813314, -0.33663608109813314, -0.33663608109813314, -0.33464327672528416, -0.3306054639053094, -0.3244519924332662, -0.3202773833650015, -0.3181529183490482, -0.3159856714182756, -0.30940304402892516, -0.29727571572351946, -0.28184827557573827, -0.2719482573278345, -0.2708486342591455, -0.2686479218807039, -0.2686479218807039, -0.2642377919544662, -0.26093005974891953, -0.2587277845122058, -0.24992354977182785, -0.2389070837357423, -0.22127283733973482, -0.20809278737256945, -0.1938646540884261, -0.18290765567045542, -0.17631491090545015, -0.16970315084211537, -0.16308713322276752, -0.1542654748532359, -0.1388300201114039, -0.12341615885620902, -0.10479949014030773, -0.08959609419088521, -0.07562784852676373, -0.06596822688694788, -0.059487853069681206, -0.04969068766305068, -0.04312385691652299, -0.03762384677879867, -0.03321339289713194, -0.02660105538269225, -0.018895134162817434, -0.004573728315906208, 0.011966315732463388, 0.02734938685080899, 0.042633463222287254, 0.06302599779523183, 0.08296456001922684, 0.09736226086147742, 0.1105522750128351, 0.11870164879355147, 0.12486068659606304, 0.13110705893855917, 0.13743175498160723, 0.14491880662246215, 0.15035743706136295, 0.15254999070864061, 0.15915410398303848, 0.17126499496926303, 0.18116501321716683, 0.1943061911342736, 0.20841165270517145, 0.2233857559868813, 0.2391506717040291, 0.2506940498337104, 0.258114566675884, 0.2645396093804186, 0.27428768444163476, 0.28188938241634603, 0.2916710659057509, 0.3099954071693223, 0.3249515098632076, 0.3396204016674037, 0.35298969530663643, 0.364281264611241, 0.36946015741352367, 0.37788069387823736, 0.3831952413720558, 0.39172043592754946, 0.40342764138453574, 0.4192847801239661, 0.43695329335381, 0.45211033937736683, 0.46391461399404105, 0.4771924644417377, 0.489487035467324, 0.4961995462860209, 0.504069062697137, 0.510053968899441, 0.5151372466846508, 0.5193083520367405, 0.5224970805330316, 0.5310834108795345, 0.5429026956722527, 0.5546539192174482, 0.5652546575634104, 0.5808445221779786, 0.5969783169614363, 0.6162084025268474, 0.6292172127811368, 0.6411101920733827, 0.6503739034259094, 0.6550754485365821, 0.6608444742062054, 0.665762921963153, 0.6718257403725757, 0.6780074499069073, 0.6883471563334198, 0.7016667256801717, 0.7157837961156973, 0.7256442404355559, 0.7324279158114075, 0.7353124286462192], "x": [2.9953055133057815, 2.9953055133057815, 2.9953055133057815, 2.9962502834727864, 2.9980255320127047, 3.000456484146114, 3.0018805904886308, 3.0024726279307736, 3.002881162724843, 3.0035473129219827, 3.0037915899458447, 3.0032230590362676, 3.0025282191888434, 3.002445792912486, 3.0023018312360494, 3.0023018312360494, 3.0022231306557696, 3.0022740473959777, 3.002391706729079, 3.0029459716719153, 3.003429680777148, 3.002863650736391, 3.001686688293605, 2.999937887109069, 2.9986966441468335, 2.998139458454562, 2.9978958023504574, 2.9978405728958593, 2.9978507021509433, 2.9975752501199637, 2.996713845386916, 2.99451531716012, 2.991834666397041, 2.9886119043206327, 2.9863348725909464, 2.9850008955968943, 2.9834170036442917, 2.982609864636044, 2.9822238424985863, 2.982166081739201, 2.982393528496289, 2.9828419282958114, 2.983470750132614, 2.983332676496119, 2.9820325765474855, 2.9798586063592505, 2.9750515393743573, 2.968615927845849, 2.963044990100229, 2.9574305792654783, 2.9540527891635464, 2.951635974570035, 2.9494547886561167, 2.947512377938676, 2.945634522258838, 2.9447287499062353, 2.944490908697195, 2.9440903749394436, 2.9434135569349063, 2.942718717087482, 2.9411668148097436, 2.9386106387191138, 2.9348549273594373, 2.9298489755136514, 2.926123095155041, 2.9239974860606526, 2.922418383253017, 2.92055607384712, 2.91921574846558, 2.9175388967024536, 2.913585113994993, 2.909758349157892, 2.904946618684839, 2.8997736050639067, 2.8953427783091357, 2.8934511668405345, 2.8908212762274172, 2.8893533833356755, 2.887085605396477, 2.8839117901089417, 2.8792061262397772, 2.87294214023337, 2.8663197481209317, 2.8603399439014905, 2.8524641693746826, 2.8450924934708466, 2.8412813935330328, 2.8372948573867385, 2.834474283476734, 2.8323390056109585, 2.830904669566162, 2.8300239338311166, 2.827999905626951, 2.825272953100759, 2.82226620930018, 2.819229624879625, 2.813702578403383, 2.806562011069661, 2.7957643352624415, 2.7874516947267027, 2.7794482501002564, 2.7734665989569867, 2.7705865645512917, 2.767347261809126, 2.764855676717692, 2.7622067198727165, 2.7598484987920435, 2.7560161405838057, 2.750716409010278, 2.7444684125932715, 2.739532003347911, 2.7358490653057776, 2.7342294139346945], "y_goal": [0.9997983531865879], "radius": [1], "y_mid": [0.5628510016007227]}