{"lon_start": [11.97918], "x_goal": [6397765.008481649], "x_gps": [6397751.201314912, 6397751.192578262, 6397751.002771499, 6397750.812964739, 6397750.808596422, 6397750.640631265, 6397751.020244801, 6397751.205683242, 6397751.57656012, 6397751.960542001, 6397752.344523899, 6397752.905207563, 6397753.293557844, 6397753.474627928, 6397753.461522878, 6397753.45278619, 6397753.262979411, 6397753.0688042985, 6397752.887734197, 6397752.706664094, 6397752.715400777, 6397752.715400777, 6397752.909575911, 6397752.909575911, 6397752.72413747, 6397752.72413747, 6397753.095014349, 6397753.095014349, 6397753.276084439, 6397753.642592972, 6397753.823663069, 6397754.0047331685, 6397754.203276633, 6397754.39745177, 6397754.591626912, 6397754.781433709, 6397754.962503792, 6397754.966872148, 6397755.156678945, 6397755.355222475, 6397755.549397649, 6397755.747941212, 6397755.756677975, 6397755.571239539, 6397755.562502775, 6397755.721730982, 6397755.699889191, 6397756.057661028, 6397756.251836162, 6397756.441642949, 6397756.450379658, 6397756.454748015, 6397756.459116375, 6397756.8299932545, 6397757.386308567], "angle": [-0.20074750260347976, -0.33223968019186245, -0.29936623405735174, -0.3547056520109406, -0.42562246833963147, -0.33473683731681436, -0.2822028398080831, -0.46003751638080587, -0.3193292516223966, -0.5191461142465229, -0.264817329905789, -0.208777182182065, -0.3947911196997616, -0.3587706702705723, -0.39934245368270715, -0.18742911244367402, -0.21672531372474005, -0.30122557786238624, -0.3511538426006469, -0.1752663760030806, -0.3547056520109406, -0.24745390559647784, -0.19083110272126208, -0.10945094914136298, -0.2652071174518248, -0.0352794735935909, -0.07047134457879561, -0.074859847710767, -0.3537031460811215, -0.07796663383154247, 0.3805063771123649, 0.5028432109278609, 0.5909180471823426, 0.6435011087932844, 0.6934595045152271, 0.62141634659676, 0.6913369287694622, 0.7539619820411736, 0.7437555842988597, 0.7437555842988597, 0.45226290164855343, 0.47559243336866486, 0.4867077709673512, -0.10643387697397674, -0.05281427547965404, -0.04523660777916796, -0.22276009780014497, -0.5375866466587462, -0.3152146997507109, -0.3320594675428854, -0.4060191815233321, -0.40168324114579845, -0.4756952188549917, -0.3652014497881726, -0.5235757641220137, -0.4559257547595447, -0.23811378241001152, -0.36222687770677103, -0.48928301752248327, -0.41241044159738727, -0.46364760900080637, -0.418224329579229, -0.2869387529307695, -0.3835275159569918, -0.3120421215625334, -0.42141920688780393, -0.47766538236274914, -0.5162306706117475, -0.4928363969936009, -0.4048917862850833, -0.3587706702705723, -0.5055810548742049, -0.5115561271703055, -0.3805063771123649, -0.5200660771884638, -0.539105440580156, -0.5630078099286473, -0.5672508658851625, -0.4048917862850833, -0.38803446576397627, -0.4578337210189641, -0.3052231337939213, -0.37089128881266215, -0.3372531883216583, -0.45522084217702885, -0.4429251871083222, -0.42257483041035215, -0.3372531883216583, -0.3617292415199323, -0.34464731561802625, -0.42619440523710644, -0.3306788885764789, -0.2691674927857003, -0.2696505067555439, -0.24835322849503022, -0.3439691197233612, -0.3661975894163494, -0.23885785203667664, -0.22108190223881322, -0.2350553247433488, -0.22108190223881322, -0.2221838698871805, -0.2213909534417506, -0.230364319039631, -0.1861319561071108, -0.20883089364403953, -0.2270506737851528, -0.3477187416081985, -0.295621701674213, -0.31605261036366283, -0.3093715443888883], "lon": [11.97918, 11.97918, 11.979176666666667, 11.979175, 11.979173333333334, 11.979171666666666, 11.979178333333333, 11.979181666666667, 11.979181666666667, 11.979181666666667, 11.979186666666667, 11.979191666666667, 11.979193333333333, 11.9792, 11.979198333333333, 11.979193333333333, 11.97919, 11.979188333333333, 11.979185, 11.979186666666667, 11.979188333333333, 11.979191666666667, 11.979191666666667, 11.979195, 11.979195, 11.979195, 11.979195, 11.979195, 11.979195, 11.979193333333333, 11.979191666666667, 11.97919, 11.979188333333333, 11.979193333333333, 11.979196666666667, 11.9792, 11.979201666666667, 11.9792, 11.979201666666667, 11.979203333333333, 11.979208333333334, 11.979211666666666, 11.979216666666666, 11.97922, 11.97922, 11.979216666666666, 11.979206666666666, 11.979198333333333, 11.979193333333333, 11.979196666666667, 11.979198333333333, 11.979201666666667, 11.979203333333333, 11.979205, 11.979205, 11.979205],