{"lat_start": [57.68414833333333], "x_gps": [6397454.0019869, 6397453.993245226, 6397453.7990652975, 6397453.794694468, 6397453.600514551, 6397453.4019638235, 6397453.207783928, 6397453.013604043, 6397453.004862436, 6397452.815053368, 6397453.514964748, 6397453.474535173, 6397453.43410558], "y_goal": [-677704.6378464511], "x_ordometry": [6397454.187425168, 6397454.187425168, 6397454.187425168, 6397454.190733255, 6397454.197349428, 6397454.206170198, 6397454.2216037605, 6397454.235933148, 6397454.25687303, 6397454.274506615, 6397454.294344398, 6397454.313082828, 6397454.334028377, 6397454.352766807, 6397454.373712356, 6397454.393550139, 6397454.4144930905, 6397454.433228775, 6397454.462989811, 6397454.486140154, 6397454.507087829, 6397454.533548049, 6397454.555598232, 6397454.575443396, 6397454.59749358, 6397454.618442907, 6397454.642700023, 6397454.664751946, 6397454.683497137, 6397454.705550303, 6397454.723192836, 6397454.748554835, 6397454.768403355, 6397454.789354808, 6397454.809203552, 6397454.835668545, 6397454.85551729, 6397454.876468506, 6397454.896317027, 6397454.919473895, 6397454.947041284, 6397454.969095197, 6397454.990045704, 6397455.01209887, 6397455.03194672, 6397455.05179457, 6397455.081567351, 6397455.100312542, 6397455.121261869, 6397455.144414561, 6397455.1697697, 6397455.189612851, 6397455.210555802, 6397455.230396493, 6397455.254646227, 6397455.27669641, 6397455.294336556, 6397455.317491076, 6397455.336236267, 6397455.357187483, 6397455.380344352, 6397455.400193096, 6397455.423349704, 6397455.453122821, 6397455.474074037, 6397455.496127949, 6397455.513771079, 6397455.53582499, 6397455.560084294, 6397455.583240118, 6397455.601985943, 6397455.621834463, 6397455.643888376, 6397455.664839827, 6397455.689099404, 6397455.70784523, 6397455.731002098, 6397455.7552616745, 6397455.781726667, 6397455.804883274, 6397455.825833783, 6397455.847886948, 6397455.872145431, 6397455.893096647, 6397455.9140471555, 6397455.937203763, 6397455.959257674, 6397455.983516977, 6397456.005570889, 6397456.028727758, 6397456.049678974, 6397456.068425011, 6397456.093787009, 6397456.124662486, 6397456.142305615, 6397456.164359528, 6397456.184208048, 6397456.20626196, 6397456.231623101, 6397456.253676267, 6397456.273524117, 6397456.297782599, 6397456.316528425, 6397456.3363769455, 6397456.360636248, 6397456.385998533, 6397456.414668941, 6397456.433414767, 6397456.456571635, 6397456.478625796, 6397456.501782403, 6397456.521630923, 6397456.546993208, 6397456.576765989, 6397456.610949938, 6397456.644031178, 6397456.672701587, 6397456.6958581945, 6397456.711294541, 6397456.719013149, 6397456.720115845, 6397456.721218552, 6397456.722321249], "x_goal": [6397474.187424727], "lon": [11.980758333333334, 11.980758333333334, 11.980755, 11.980751666666666, 11.98075, 11.980746666666667, 11.980741666666667, 11.980738333333333, 11.980735, 11.980731666666667, 11.98073, 11.980726666666667, 11.980723333333334, 11.98072], "k2": 0.00390625, "k1": -1.25, "m1": 7319113.020968621, "y_gps": [-677704.650211168, -677704.451563823, -677704.2610768597, -677704.1617531832, -677703.9712661967, -677703.6814555055, -677703.4909684769, -677703.3004814296, -677703.1018340371, -677703.0106706634, -677706.8339156944, -677707.1029075126, -677707.3718993379], "m2": -702694.6926631004, "y_ordometry": [-677704.6420507674, -677704.6420507674, -677704.6420507674, -677704.6420350607, -677704.6420036473, -677704.6418779976, -677704.6415115409, -677704.6411032203, -677704.6404070156, -677704.6398207378, -677704.6391611753, -677704.6386272177, -677704.6381298837, -677704.6375959261, -677704.6370985921, -677704.6364390296, -677704.6358422535, -677704.6352193333, -677704.634371283, -677704.6338215981, -677704.6334237175, -677704.6329211313, -677704.6325023096, -677704.63212537, -677704.6317065483, -677704.6314081299, -677704.6310625928, -677704.6307484683, -677704.630570461, -677704.6303610407, -677704.6301935045, -677704.6300730865, -677704.6299788462, -677704.6299788462, -677704.6299788462, -677704.6299788462, -677704.6299788462, -677704.630078322, -677704.6301725622, -677704.6301725622, -677704.6300416731, -677704.6299369617, -677704.6297380124, -677704.6295285921, -677704.6293401138, -677704.6291516355, -677704.6292929958, -677704.6294710031, -677704.6297694214, -677704.6302091843, -677704.6308112202, -677704.6312823787, -677704.6318791548, -677704.6324445218, -677704.6331355256, -677704.6335543474, -677704.6338894048, -677704.6342192356, -677704.6343972429, -677704.6344967186, -677704.6344967186, -677704.6344967186, -677704.6343867717, -677704.6343867717, -677704.634287296, -677704.6341825847, -677704.6340988156, -677704.6339941042, -677704.6338789217, -677704.6336590304, -677704.6335700258, -677704.6334757856, -677704.6333710742, -677704.6333710742, -677704.6333710742, -677704.6334600789, -677704.6334600789, -677704.6334600789, -677704.6334600789, -677704.633350132, -677704.6331511827, -677704.6329417623, -677704.6327114, -677704.6326119242, -677704.632412975, -677704.632303028, -677704.6321983167, -677704.6320831343, -677704.6321878455, -677704.6321878455, -677704.6320883698, -677704.6320883698, -677704.6319679518, -677704.6318213559, -677704.6317375868, -677704.6316328755, -677704.6315386352, -677704.631433924, -677704.6311930906, -677704.6309836702, -677704.630795192, -677704.6305648297, -677704.630475825, -677704.6303815847, -677704.6302664023, -677704.6302664023, -677704.6302664023, -677704.6303554069, -677704.6303554069, -677704.6303554069, -677704.6302454601, -677704.6301512199, -677704.6301512199, -677704.6302925801, -677704.6302925801, -677704.6302925801, -677704.6302925801, -677704.630402527, -677704.6306224143, -677704.6306957114, -677704.6307009469, -677704.6307009469, -677704.6307061824],