{"lon_start": [11.97924], "x_goal": [6397743.378840694], "x_gps": [6397754.325591271, 6397754.511029707, 6397754.506661294, 6397754.5022928845, 6397754.493556071, 6397754.303749231, 6397753.924135559, 6397753.544521896, 6397753.35908346, 6397752.983838197, 6397752.789662982, 6397752.604224546, 6397752.599856161, 6397752.7983997585, 6397752.988206589, 6397752.970733036, 6397752.591119399, 6397752.410049342, 6397752.233347673, 6397752.043540851, 6397751.663927214, 6397751.279945213, 6397751.0770333065, 6397751.06392823, 6397750.882858149, 6397751.068296586, 6397751.059559876, 6397751.050823176, 6397751.231893268, 6397751.223156583, 6397751.223156583, 6397751.404226681, 6397751.240629964, 6397751.258103384, 6397751.439173462, 6397751.6333486205, 6397752.0173305925, 6397752.052277624, 6397751.694505928, 6397751.513435887, 6397751.716347939, 6397751.725084761, 6397751.539646326, 6397751.332365854, 6397751.12945383, 6397750.939647004, 6397750.3789633075, 6397750.374594921, 6397750.176051339, 6397750.149841118, 6397750.330911195, 6397750.313437773, 6397749.9381925445, 6397749.757122455, 6397749.562947322, 6397749.373140537, 6397749.360035516, 6397749.16586041, 6397749.170228743, 6397748.971685314, 6397748.609545093, 6397748.622650101], "angle": [2.9158042187525615, 2.9158499217391625, 2.9158011725797977, 2.915813362162261, 2.9158011725797977, 2.9157767987424847, 2.915868204785463, 2.9157950802157027, 2.9158209776347315, 2.9157767987424847, 2.9158209776347315, 2.915868204785463, 2.9158011725797977, 2.9157767987424847, 2.915825546899646, 2.9157767987424847, 2.915846875566446, 2.915840783202445, 2.9158042187525615, 2.915743286757907, 2.9063845249691025, 2.896844477485972, 2.8828200681672422, 2.87322210820854, 2.854273022088161, 2.835256901294977, 2.8210130947532135, 2.797249039188646, 2.7641292843022494, 2.7403606570926, 2.71176334573364, 2.6833564821230973, 2.645363859475635, 2.612027754062139, 2.58373211603067, 2.5599848229895414, 2.536152204063639, 2.5076645909801116, 2.469617127033653, 2.436412067734278, 2.4078970368701125, 2.3748138524150266, 2.3605502317968594, 2.3415325954020534, 2.322527122128147, 2.308260468010853, 2.274910660559732, 2.2558198880889795, 2.2320802105193747, 2.2082399814740734, 2.1797188564055623, 2.146446748424876, 2.117870777485485, 2.079929948240948, 2.0372579484931386, 2.0134207680690914, 1.9801852194716452, 1.937409620951933, 1.9088747807146225, 1.885182330298801, 1.8613969497399228, 1.823376906746446, 1.799719491048223, 1.7664839424507768, 1.7473276761514356, 1.7140921275539895, 1.6902793300904302, 1.6664848169140212, 1.6332614583171952, 1.6046976647010758, 1.5761552025189418, 1.547659981239365, 1.5192058917547413, 1.5001364634541952, 1.4716199031110764, 1.4526281610553902, 1.428714782647397, 1.4097550258309293, 1.3812613064573906, 1.343137609011146, 1.3005326501211762, 1.257729656737858, 1.2292938610962902, 1.2008626176637849, 1.172397864375554, 1.148642955572938, 1.1202101756527234, 1.0870355751998815, 1.068022508897151, 1.0442630197861553, 1.0252941253059997, 1.0015635550740416, 0.977875650063249, 0.9445913054233126, 0.9113070054422732, 0.8828193923587458, 0.8495701185816344, 0.8162599373232001, 0.7877510134816623, 0.7593517951833226, 0.730914485910555, 0.7071580412299275, 0.6835128452367732, 0.6597274415619233, 0.6360486868820768, 0.6076357428618124, 0.5838335921547086, 0.5601975186247384, 0.5269528231478077, 0.4986815599779767, 0.46538049009145904, 0.4275067042682512, 0.3847768094485156, 0.3419935899857363, 0.31356539948984163, 0.2852255649621411, 0.2569146693941984, 0.22378272369457927, 0.19047860785570594], "lon": [11.97924, 11.97924, 11.97924, 11.979238333333333, 11.979236666666667, 11.979233333333333, 11.979231666666667, 11.979228333333333, 11.979225, 11.979225, 11.979223333333334, 11.97922, 11.97922, 11.979218333333334, 11.979223333333334, 11.979225, 11.979218333333334, 11.979215, 11.979216666666666, 11.97922, 11.979218333333334, 11.979215, 11.97921, 11.979203333333333, 11.979198333333333, 11.9792, 11.9792, 11.979196666666667, 11.979193333333333, 11.979191666666667, 11.979188333333333, 11.979188333333333, 11.979186666666667, 11.979195, 11.979201666666667, 11.9792, 11.979203333333333, 11.979208333333334, 11.979221666666668, 11.979226666666667, 11.979228333333333, 11.979235, 11.979238333333333, 11.979238333333333, 11.97923, 11.979223333333334, 11.979221666666668, 11.97922, 11.979218333333334, 11.979213333333334, 11.979203333333333, 11.979201666666667, 11.979195, 11.979193333333333, 11.979195, 11.979191666666667, 11.97919, 11.979185, 11.979181666666667, 11.979183333333333, 11.979178333333333, 11.979181666666667, 11.979186666666667],