{"x_mid": [], "x_goal": [1.947653746745809, 1.0350640146220498], "y_gps": [0.0, 0.0, 0.0, 0.0, 0.0, 0.0, 0.0, 0.0, 0.0, 0.0, 0.0, 0.0, 0.0, 0.0, 0.0, 0.0, 0.0, 0.0], "x_gps": [0.0, 0.0, 0.0, 0.0, 0.0, 0.0, 0.0, 0.0, 0.0, 0.0, 0.0, 0.0, 0.0, 0.0, 0.0, 0.0, 0.0, 0.0], "y": [0.47288905260803094, 0.47288905260803094, 0.47288905260803094, 0.47288905260803094, 0.47288905260803094, 0.47288905260803094, 0.47376475772130344, 0.47376475772130344, 0.4733221049582644, 0.4733221049582644, 0.4733221049582644, 0.4733221049582644, 0.4733221049582644, 0.4733221049582644, 0.4733221049582644, 0.4733221049582644, 0.4733221049582644, 0.4733221049582644, 0.4733221049582644, 0.4733221049582644, 0.4733221049582644, 0.4733221049582644, 0.4733221049582644, 0.4733221049582644, 0.4733221049582644, 0.4733221049582644, 0.4733221049582644, 0.4733221049582644, 0.4733221049582644, 0.4733221049582644, 0.4733221049582644, 0.4733221049582644, 0.4733221049582644, 0.4733221049582644, 0.4733221049582644, 0.4733221049582644, 0.4733221049582644, 0.4733221049582644, 0.4733221049582644, 0.4733221049582644, 0.4733221049582644, 0.4733221049582644, 0.4733221049582644, 0.47420741048434245, 0.4768633270625767, 0.4839457712712015, 0.4936841320580605, 0.50784902047531, 0.5228992144186375, 0.5373703546392996, 0.5500326023323789, 0.5654081888168324, 0.5780704365099117, 0.5934460229943652, 0.6052038244236532, 0.6184566237032314, 0.6336944635751179, 0.6478612490119084, 0.6624850275273051, 0.6767993619524106, 0.6921939265978532, 0.7071219892843429, 0.7195893128158865, 0.7315948836240395, 0.7448476829036177, 0.7570577074648013, 0.7703105067443795, 0.7843294238331459, 0.7964103845844036, 0.8089387883264486, 0.8191198018763467, 0.8303058766460297, 0.8392547364617762, 0.8487514222315856, 0.8559869923419167, 0.8618037512221518, 0.8662781811300251, 0.869781001583115, 0.8724081169229324, 0.8732838220362049, 0.8745540014823471, 0.875751315597947, 0.8779100022978169, 0.8791496162709219, 0.8796478929848253, 0.8801640979213772, 0.8802582238012308, 0.8802163416263824, 0.8801170003489338, 0.8801170003489338, 0.8801170003489338, 0.8801170003489338, 0.8801170003489338, 0.8801170003489338, 0.8801170003489338, 0.8801170003489338, 0.8793204939445514, 0.880169246178434, 0.880169246178434, 0.880169246178434, 0.880169246178434, 0.8812066681264185, 0.8812066681264185, 0.8801198848915428, 0.8801198848915428, 0.8801198848915428, 0.8801198848915428, 0.8801198848915428, 0.8801198848915428, 0.8790866514098226, 0.8790866514098226, 0.8790866514098226, 0.8790866514098226, 0.8790866514098226, 0.8798927805753699, 0.8798927805753699, 0.8792057123264471, 0.8792057123264471, 0.8792057123264471, 0.878643529235376, 0.8765037924570421, 0.8709752282951466, 0.8643331281277497, 0.8559522996921427, 0.8480296443311968, 0.8382138318220612, 0.825197610843787, 0.8169917640285529, 0.8080399311392066, 0.7955687099846007, 0.7857428993779416, 0.7738751684859857, 0.7634063063436293, 0.7528052288337629, 0.7415380409315421, 0.7277776395151622, 0.7141246291883432, 0.6966729166954908, 0.6856455108591659, 0.6727147092396216, 0.6590513171362838, 0.6457052444530665, 0.6312914215893036, 0.6182724848091307, 0.6021416701168808, 0.5892044422931513, 0.5757880578833577, 0.5611310840374192, 0.5464741101914806, 0.5351292697616126, 0.5256685817258033, 0.5171244371119649, 0.5105301714500164, 0.5044431569928333, 0.4987105557739106, 0.49552845633850034], "x": [1.0350640146220498, 1.0350640146220498, 1.0350640146220498, 1.0350640146220498, 1.0350640146220498, 1.0350640146220498, 1.0370881194838335, 1.0370881194838335, 1.036078157348107, 1.036078157348107, 1.036078157348107, 1.036078157348107, 1.036078157348107, 1.036078157348107, 1.036078157348107, 1.036078157348107, 1.036078157348107, 1.036078157348107, 1.036078157348107, 1.036078157348107, 1.036078157348107, 1.036078157348107, 1.036078157348107, 1.036078157348107, 1.036078157348107, 1.036078157348107, 1.036078157348107, 1.036078157348107, 1.036078157348107, 1.036078157348107, 1.036078157348107, 1.036078157348107, 1.036078157348107, 1.036078157348107, 1.036078157348107, 1.036078157348107, 1.036078157348107, 1.036078157348107, 1.036078157348107, 1.036078157348107, 1.036078157348107, 1.036078157348107, 1.036078157348107, 1.0380980816195597, 1.044157854433918, 1.0603172486055403, 1.082536415591521, 1.1148552039347654, 1.149193916549463, 1.1813767418536916, 1.2095367139948916, 1.2437309658806346, 1.2718909380218346, 1.3060851899075776, 1.3322337354672635, 1.3613368257325638, 1.3943821598035346, 1.425492359742304, 1.4576061145178076, 1.488648701069326, 1.5216213146630437, 1.553594758147861, 1.5806318496604737, 1.60666756741336, 1.6357706576786601, 1.6629249165291031, 1.6920280067944033, 1.723205118807875, 1.7504170437825646, 1.7786368178303908, 1.801865946952098, 1.8270621737805142, 1.8472191552432473, 1.8683391343491473, 1.8844305470012617, 1.8975325849520381, 1.9076110756834046, 1.91570749513054, 1.9217798097158914, 1.923803914577675, 1.926858473307286, 1.929942322163282, 1.9361965056562715, 1.940429565654112, 1.9425779558079923, 1.9458455569650375, 1.9469442404057833, 1.9491492587323145, 1.950247482887404, 1.950247482887404, 1.950247482887404, 1.950247482887404, 1.950247482887404, 1.950247482887404, 1.950247482887404, 1.950247482887404, 1.9510100722474168, 1.9503060945278075, 1.9503060945278075, 1.9503060945278075, 1.9503060945278075, 1.9499323022244262, 1.9499323022244262, 1.9501190297923432, 1.9501190297923432, 1.9501190297923432, 1.9501190297923432, 1.9501190297923432, 1.9501190297923432, 1.949733810950022, 1.949733810950022, 1.949733810950022, 1.949733810950022, 1.949733810950022, 1.9504862209131943, 1.9504862209131943, 1.9496237232578066, 1.9496237232578066, 1.9496237232578066, 1.9486750846773446, 1.944818017622304, 1.9340214097569008, 1.9200854260358002, 1.9008832106938427, 1.8814874665385477, 1.855726489462213, 1.820566376930947, 1.7977367661061687, 1.7728317361155015, 1.7386461468893928, 1.7117120462870041, 1.679654296626144, 1.6517824219323618, 1.6239605666899202, 1.5952139664664136, 1.5615266213545853, 1.5289882831538668, 1.488479250755768, 1.4632131779374027, 1.4339655981877721, 1.4038378667425595, 1.374777431514069, 1.3437809146082242, 1.3157840606287514, 1.28193952873465, 1.2551241113457954, 1.2273155303499461, 1.1976584636796923, 1.1680013970094385, 1.145317921255556, 1.1266241056687079, 1.1099384389676301, 1.0972099770529278, 1.0854606275932024, 1.0747709575161473, 1.0689701832044423], "y_goal": [0.881765538630748, 0.47288905260803094], "radius": [], "y_mid": []}