{"x_mid": [], "x_goal": [2.0114907980357994], "y_gps": [], "x_gps": [], "y": [0.4975023909210774, 0.4975023909210774, 0.4975023909210774, 0.4975023909210774, 0.4975023909210774, 0.4975023909210774, 0.4975023909210774, 0.4975023909210774, 0.4975023909210774, 0.4975023909210774, 0.4975023909210774, 0.4975023909210774, 0.4975023909210774, 0.4975023909210774, 0.4975023909210774, 0.4975023909210774, 0.4975023909210774, 0.4975023909210774, 0.4975023909210774, 0.4975023909210774, 0.4975023909210774, 0.4975023909210774, 0.4975023909210774, 0.4975023909210774, 0.4975023909210774, 0.4975023909210774, 0.4975023909210774, 0.4975023909210774, 0.4975023909210774, 0.4975023909210774, 0.4975023909210774, 0.4975023909210774, 0.4975023909210774, 0.4975023909210774, 0.4975023909210774, 0.4975023909210774, 0.4975023909210774], "x": [1.0720549085027495, 1.0720549085027495, 1.0720549085027495, 1.0720549085027495, 1.0720549085027495, 1.0720549085027495, 1.0720549085027495, 1.0720549085027495, 1.0720549085027495, 1.0720549085027495, 1.0720549085027495, 1.0720549085027495, 1.0720549085027495, 1.0720549085027495, 1.0720549085027495, 1.0720549085027495, 1.0720549085027495, 1.0720549085027495, 1.0720549085027495, 1.0720549085027495, 1.0720549085027495, 1.0720549085027495, 1.0720549085027495, 1.0720549085027495, 1.0720549085027495, 1.0720549085027495, 1.0720549085027495, 1.0720549085027495, 1.0720549085027495, 1.0720549085027495, 1.0720549085027495, 1.0720549085027495, 1.0720549085027495, 1.0720549085027495, 1.0720549085027495, 1.0720549085027495, 1.0720549085027495], "y_goal": [0.8402270755547461], "radius": [], "y_mid": []}