{"x_mid": [], "x_goal": [2.820186052801593], "y_gps": [0.0, 0.0], "x_gps": [0.0, 0.0], "y": [], "x": [], "y_goal": [1.1400723173380465], "radius": [], "y_mid": []}