{"lat_start": [57.684401666666666], "x_gps": [6397479.04418637, 6397479.225255778, 6397479.415063097, 6397479.803415675, 6397480.191768292, 6397480.580120942, 6397480.7786662765, 6397481.352457354, 6397481.736441099, 6397482.124793881, 6397482.5131466985, 6397482.89713052, 6397483.285483402, 6397483.484028912, 6397483.872381865, 6397485.894210761], "y_goal": [-677627.7109631114], "x_ordometry": [6397479.04418637, 6397479.04418637, 6397479.04418637, 6397479.048597203, 6397479.059624283, 6397479.086088082, 6397479.121368376, 6397479.165458799, 6397479.215053257, 6397479.280066104, 6397479.342885749, 6397479.407919126, 6397479.460827635, 6397479.515953093, 6397479.575499326, 6397479.62953141, 6397479.675844625, 6397479.730979404, 6397479.780599029, 6397479.842347894, 6397479.896379977, 6397479.949309366, 6397480.01106032, 6397480.061784317, 6397480.131254923, 6397480.180876224, 6397480.234906481, 6397480.28783408, 6397480.340754519, 6397480.402495033, 6397480.463137821, 6397480.512757446, 6397480.564584139, 6397480.617513527, 6397480.6715437835, 6397480.718959695, 6397480.772992387, 6397480.833640645, 6397480.896492169, 6397480.950524253, 6397481.005659033, 6397481.058588421, 6397481.106002728, 6397481.161135644, 6397481.215162856, 6397481.273595842, 6397481.333131337, 6397481.395979318, 6397481.443387211, 6397481.501824808, 6397481.553649749, 6397481.60436517, 6397481.6583972545, 6397481.705813699, 6397481.769770765, 6397481.824906166, 6397481.876732859, 6397481.935176384, 6397481.985898666, 6397482.037720686, 6397482.088440109, 6397482.144668076, 6397482.19317848, 6397482.250516712, 6397482.3023387315, 6397482.360771717, 6397482.411487138, 6397482.471009211, 6397482.531641063, 6397482.577950102, 6397482.628674099, 6397482.688214292, 6397482.755467351, 6397482.80839495, 6397482.8624270335, 6397482.913151031, 6397482.96608042, 6397483.025625981, 6397483.080760761, 6397483.136988729, 6397483.181095061, 6397483.24063861, 6397483.291360891, 6397483.350896386, 6397483.413744368, 6397483.458953358, 6397483.509675641, 6397483.560397923, 6397483.617736154, 6397483.677282388, 6397483.740136037, 6397483.799681599, 6397483.853714292, 6397483.927588235, 6397483.973897274, 6397484.024616697, 6397484.077541313, 6397484.132676093, 6397484.186708786, 6397484.245135844, 6397484.295855267, 6397484.346579264, 6397484.4061248265, 6397484.459054215, 6397484.50647066, 6397484.5715296995, 6397484.635468744, 6397484.680677734, 6397484.755658499, 6397484.807485192, 6397484.869236145, 6397484.9221655335, 6397484.980609059, 6397485.02802497, 6397485.084260544, 6397485.146009409, 6397485.204452275, 6397485.258484968, 6397485.3047966175, 6397485.373161432, 6397485.424983452, 6397485.485621456, 6397485.540754371, 6397485.593684356, 6397485.64771644, 6397485.705056611, 6397485.75026764, 6397485.804299724, 6397485.857229113, 6397485.923390849, 6397485.968601878, 6397486.023734793, 6397486.086582774, 6397486.145026299, 6397486.193543265, 6397486.246451774, 6397486.319217378, 6397486.369939661, 6397486.444923806, 6397486.482415879, 6397486.517700945, 6397486.539754111, 6397486.557396644, 6397486.560704432, 6397486.560704432, 6397486.56180709, 6397486.56180709], "x_goal": [6397519.044185829], "lon": [11.979488333333334, 11.979488333333334, 11.979486666666666, 11.979488333333334, 11.979495, 11.979501666666666, 11.979508333333333, 11.979513333333333, 11.97952, 11.979525, 11.979531666666666, 11.979538333333334, 11.979543333333334, 11.97955, 11.979555, 11.979561666666667, 11.979566666666667], "k2": 0.007352941176470588, "k1": -0.8834219858156028, "m1": 4974046.1483536, "y_gps": [-677627.7175434378, -677627.6100634757, -677627.7012295487, -677628.0822076774, -677628.4631857299, -677628.8441637093, -677629.1339756511, -677629.5067964761, -677629.7884512823, -677630.1694289816, -677630.5504066048, -677630.832061226, -677631.2130387092, -677631.5028503382, -677631.8838277014, -677627.5497986831], "m2": -724667.9986547895, "y_ordometry": [-677627.7175434378, -677627.7175434378, -677627.7175434378, -677627.7175434378, -677627.7175434378, -677627.7172921335, -677627.7166220187, -677627.7153656478, -677627.7137167417, -677627.711246139, -677627.7091575245, -677627.7073043775, -677627.7057967326, -677627.7047496781, -677627.7047496781, -677627.7044931353, -677627.7047130292, -677627.7049748076, -677627.7054460032, -677627.7060323801, -677627.7062889229, -677627.7065402301, -677627.7062470383, -677627.7064878744, -677627.7064878744, -677627.706252274, -677627.7057391942, -677627.7052365853, -677627.7042314132, -677627.7030587123, -677627.7021948698, -677627.701723674, -677627.7014776024, -677627.7012262952, -677627.7017393749, -677627.7019645043, -677627.7019645043, -677627.7016765481, -677627.7010797003, -677627.7008231574, -677627.7005613791, -677627.7003100719, -677627.6998598182, -677627.6993362674, -677627.6985666623, -677627.6974567845, -677627.6963259659, -677627.6954307108, -677627.6945302441, -677627.693697814, -677627.6932056762, -677627.6922423862, -677627.6919858435, -677627.6919858435, -677627.6919858435, -677627.6919858435, -677627.6917397717, -677627.6917397717, -677627.6912581051, -677627.6905199123, -677627.6897974258, -677627.6887294303, -677627.6878080225, -677627.6872635296, -677627.6865253369, -677627.6854154592, -677627.6844521692, -677627.6827560687, -677627.6813164175, -677627.6806567559, -677627.6804159199, -677627.6795677835, -677627.6782903771, -677627.6777877684, -677627.6775312256, -677627.6777720618, -677627.6780233689, -677627.6783060896, -677627.6780443112, -677627.6769763158, -677627.6765574751, -677627.6759920403, -677627.6755103735, -677627.6743795548, -677627.6734842998, -677627.6730549881, -677627.6725733214, -677627.6720916547, -677627.6715471619, -677627.6715471619, -677627.6718455892, -677627.6721283098, -677627.6721283098, -677627.6710759925, -677627.6704163309, -677627.6696938444, -677627.6689399454, -677627.668678167, -677627.668678167, -677627.6700654671, -677627.6707879537, -677627.6710287897, -677627.6713115104, -677627.6710602031, -677627.6710602031, -677627.6707513047, -677627.6692331273, -677627.6688038156, -677627.6680917864, -677627.6678457148, -677627.6675525231, -677627.6673012159, -677627.6673012159, -677627.6675263452, -677627.6680603671, -677627.668646744, -677627.6683692589, -677627.6683692589, -677627.6679294762, -677627.6672802733, -677627.6665420805, -677627.6653903207, -677627.6648667699, -677627.6648667699, -677627.6646102271, -677627.6648824767, -677627.6648824767, -677627.6651390194, -677627.6653903266, -677627.6650761926, -677627.6650761926, -677627.6655997434, -677627.6664949984, -677627.6664949984, -677627.6660342737, -677627.6645266287, -677627.663144517, -677627.6626628502, -677627.6626628502, -677627.6626628502, -677627.6629979227, -677627.6632073431, -677627.6633748793, -677627.663421998, -677627.663421998, -677627.663432469, -677627.663432469], "covariance": [144.0, 144.0, 144.0, 144.0, 144.0, 144.0, 144.0, 144.0, 144.0, 144.0, 144.0, 144.0, 144.0, 144.0, 144.0, 144.0], "y_mid": [],