{"lat_start": [57.68432333333333], "x_gps": [6397469.917911534, 6397469.736841897, 6397469.745579374, 6397469.948492729, 6397470.147037365, 6397470.345582022, 6397470.363057102, 6397470.561601811, 6397470.9499536995, 6397471.148498456, 6397473.166998657, 6397473.605723709, 6397473.955443052, 6397474.305162381, 6397474.654881696, 6397475.004601, 6397475.354320286], "y_goal": [-677618.7713893867], "x_ordometry": [6397469.917911534, 6397469.917911534, 6397469.919014229, 6397469.922322354, 6397469.934452006, 6397469.957608874, 6397470.006128027, 6397470.044722373, 6397470.089933402, 6397470.137349312, 6397470.181457136, 6397470.221154178, 6397470.260847639, 6397470.307156678, 6397470.350154536, 6397470.385439601, 6397470.435056428, 6397470.48687436, 6397470.525465225, 6397470.568463082, 6397470.615866167, 6397470.668781238, 6397470.7051640395, 6397470.74595274, 6397470.794458222, 6397470.837446386, 6397470.873815655, 6397470.92451221, 6397470.959788925, 6397471.011606855, 6397471.054600351, 6397471.099809341, 6397471.14501986, 6397471.191333075, 6397471.228824725, 6397471.279548723, 6397471.340194929, 6397471.377685312, 6397471.429512005, 6397471.467000275, 6397471.509998132, 6397471.559606011, 6397471.600404369, 6397471.640094698, 6397471.685292988, 6397471.72607663, 6397471.77127492, 6397471.817583959, 6397471.8539733235, 6397471.913519557, 6397471.958725999, 6397472.002821892, 6397472.046917784, 6397472.086611246, 6397472.125204287, 6397472.168209415, 6397472.212317239, 6397472.253115596, 6397472.291706461, 6397472.333605116, 6397472.379905803, 6397472.421804457, 6397472.463695555, 6397472.507791447, 6397472.54417425, 6397472.588274617, 6397472.634580001, 6397472.677581252, 6397472.722784127, 6397472.759173082, 6397472.805486297, 6397472.849594121, 6397472.891496553, 6397472.936705544, 6397472.976401242, 6397473.027125812, 6397473.074541722, 6397473.11534008, 6397473.1572429845, 6397473.202453504, 6397473.254278445, 6397473.295078182, 6397473.336980614, 6397473.377780811, 6397473.434018286, 6397473.473711748, 6397473.511200017, 6397473.549793058, 6397473.596106796, 6397473.6413173145, 6397473.683219748, 6397473.729532962, 6397473.778047194, 6397473.821050867, 6397473.865159188, 6397473.915881471, 6397473.957782486, 6397473.997478185, 6397474.038277922, 6397474.084591137, 6397474.134210761, 6397474.184933043, 6397474.238965127, 6397474.285278342, 6397474.3238713825, 6397474.370183032, 6397474.4153894745, 6397474.463903706, 6397474.500291429, 6397474.547703065, 6397474.588501422, 6397474.638122723, 6397474.689947664, 6397474.72523273, 6397474.769333096, 6397474.807923962, 6397474.853132953, 6397474.895033969, 6397474.94465527, 6397474.9865577025, 6397475.032870918, 6397475.072567959, 6397475.115573572, 6397475.157476477, 6397475.197173966, 6397475.243487703, 6397475.28428744, 6397475.333907063, 6397475.3747068, 6397475.4298366085, 6397475.473940455, 6397475.513626758, 6397475.552214579, 6397475.596314945, 6397475.634898852, 6397475.678994744, 6397475.72419762, 6397475.762788485, 6397475.8035868425, 6397475.854302264, 6397475.8939925935, 6397475.93809296, 6397475.98329125, 6397476.022977553, 6397476.074783802, 6397476.112274184, 6397476.1541752, 6397476.203792027, 6397476.244590385, 6397476.280979339, 6397476.322881772], "x_goal": [6397519.917911065], "lon": [11.979331666666667, 11.979331666666667, 11.979333333333333, 11.979336666666667, 11.979343333333333, 11.979348333333334, 11.979353333333334, 11.97936, 11.979365, 11.979371666666667, 11.979376666666667, 11.979381666666667, 11.979388333333333, 11.979393333333332, 11.979398333333334, 11.979403333333334, 11.979408333333334, 11.979413333333333], "k2": 0.01, "k1": -1.7638888888888888, "m1": 10606806.792863483, "y_gps": [-677618.7645350522, -677618.8720148079, -677619.070661304, -677619.4597977557, -677619.7496109304, -677620.0394240771, -677620.4367170115, -677620.7265301108, -677621.1075097885, -677621.397322813, -677618.9302017894, -677618.9412121135, -677618.907925982, -677618.8746398148, -677618.8413536177, -677618.8080673866, -677618.7747811248], "m2": -741593.4620070573, "y_ordometry": [-677618.7645350522, -677618.7645350522, -677618.7645298167, -677618.7645298167, -677618.7644722254, -677618.7644722254, -677618.7644722254, -677618.7646554703, -677618.7646554703, -677618.7648805997, -677618.764671177, -677618.7644826965, -677618.7639172723, -677618.7632576107, -677618.7624409084, -677618.7621058358, -677618.7613990555, -677618.7604148245, -677618.7598651064, -677618.759048404, -677618.7579228586, -677618.7566664359, -677618.75597538, -677618.7550068875, -677618.7538551666, -677618.752630205, -677618.7514210072, -677618.7497354586, -677618.7488978434, -677618.7479136123, -677618.7468927689, -677618.7464634572, -677618.7462487989, -677618.7460289052, -677618.7458508959, -677618.7456100598, -677618.7450341539, -677618.7446781393, -677618.7444320677, -677618.743898056, -677618.7430813536, -677618.7419034572, -677618.7415160297, -677618.7407621505, -677618.7396889561, -677618.738526813, -677618.7374536186, -677618.736793957, -677618.736793957, -677618.736793957, -677618.7374379124, -677618.7384849313, -677618.7395319503, -677618.7400973745, -677618.7404638601, -677618.7406680472, -677618.7404586246, -677618.7400711969, -677618.7395214789, -677618.7389246422, -677618.7378252724, -677618.7372284356, -677618.7362337676, -677618.7351867487, -677618.7344956928, -677618.7336580493, -677618.7327785236, -677618.7321659807, -677618.7313073961, -677618.7311346224, -677618.7313545162, -677618.7315639389, -677618.7317628905, -677618.7321922021, -677618.7325691587, -677618.7325691587, -677618.7323440292, -677618.7327314569, -677618.7327314569, -677618.7329461151, -677618.7334382528, -677618.7336319688, -677618.7338309203, -677618.7338309203, -677618.7335639064, -677618.7329984822, -677618.7324644704, -677618.7320979849, -677618.7320979849, -677618.7318833267, -677618.7316843751, -677618.7319042688, -677618.7325953429, -677618.7330037126, -677618.7330037126, -677618.7325220458, -677618.7321241472, -677618.7317471907, -677618.7315534747, -677618.7313335809, -677618.7308623852, -677618.7303807185, -677618.7301241757, -677618.7299042819, -677618.7295377963, -677618.7290980136, -677618.7284540583, -677618.7277629842, -677618.7274174407, -677618.7267420728, -677618.7263546453, -677618.7261190448, -677618.7256269071, -677618.7252918346, -677618.724454191, -677618.723904473, -677618.7234751614, -677618.7230772628, -677618.7228416622, -677618.7226427107, -677618.7228626045, -677618.7230510849, -677618.7230510849, -677618.7230510849, -677618.7230510849, -677618.7230510849, -677618.722857369, -677618.7223861732, -677618.7221924573, -677618.7214071458, -677618.7207788967, -677618.7198365796, -677618.7191036416, -677618.7182659981, -677618.7173498565, -677618.7163028375, -677618.715444253, -677618.7148945349, -677618.7145071074, -677618.7135438173, -677618.7127899382, -677618.7119522947, -677618.7108791003, -677618.7099367832, -677618.7084605475, -677618.7081045329, -677618.7077066343, -677618.7069998541, -677618.7066124264, -677618.7064396527, -677618.7062407011], "covariance": [110.25, 110.25, 110.25, 110.25, 110.25, 110.25, 110.25, 110.25, 110.25, 110.25, 110.25, 110.25, 110.25, 110.25, 110.25, 110.25, 110.25], "y_mid": [],