{"x_mid": [], "x_goal": [1.623754141306884, 0.8313180295807168, -1.6023435336431173], "y_gps": [0.0, 0.0, 0.0, 0.0, 0.0, 0.0, 0.0, 0.0, 0.0, 0.0, 0.0, 0.0], "x_gps": [0.0, 0.0, 0.0, 0.0, 0.0, 0.0, 0.0, 0.0, 0.0, 0.0, 0.0, 0.0], "y": [4.018470818067607, 4.018470818067607, 4.0202184939701935, 4.027209197580537, 4.042118562840522, 4.059785146281496, 4.07745172972247, 4.100418288195736, 4.118902178443779, 4.144518724433191, 4.16571862456236, 4.193985158067919, 4.216951716541185, 4.2399182750144515, 4.262884833487718, 4.2919309467346425, 4.325377986231102, 4.347303523378138, 4.3718601249828195, 4.4006967773754875, 4.432154943622034, 4.454874730355652, 4.483605676046589, 4.507983448147991, 4.534873215743951, 4.562630395197845, 4.590179436774711, 4.6117836728753705, 4.63847180690296, 4.660855403184163, 4.679795369268258, 4.700457150450908, 4.717675301436449, 4.733970200133602, 4.7494074725835365, 4.766559997527908, 4.776851512494531, 4.785427774966717, 4.791454127811656, 4.795709156399105, 4.799031900939539, 4.803098088446791, 4.807001497578341, 4.808455956413388, 4.809780401010186, 4.8109671917002, 4.811492945361822, 4.812355904473635, 4.812684227714603, 4.81244184941409, 4.81258633032828, 4.81258633032828, 4.81258633032828, 4.81258633032828, 4.81258633032828, 4.8122999937089865, 4.8122999937089865, 4.81187986833956, 4.812362082894293, 4.811828756510344, 4.812411740305168, 4.812411740305168, 4.812411740305168, 4.808497705853856, 4.802364011358227, 4.788085021061548, 4.774144780810642, 4.758492483400134, 4.741925807472377, 4.719106425948689, 4.700850920729739, 4.680211363749162, 4.6566313361746845, 4.633169081712584, 4.61434331361286, 4.59325845334117, 4.566425943494584, 4.546405966354088, 4.522065263412313, 4.500788054608298, 4.480464340912956, 4.457237239546851, 4.437746010811689, 4.414899626337002, 4.393481140891983, 4.370052744513693, 4.3501741051624165, 4.33029546581114, 4.309823284353466, 4.2872332910208595, 4.264643297688253, 4.246894512553185, 4.224176067580298, 4.205717331039827, 4.184418788877744, 4.159710983670206, 4.137702490102722, 4.117823850751446, 4.099365114210975, 4.0788929327533, 4.057714814003981, 4.035124820671375, 4.015358576505345, 3.9941804577560265, 3.973002339006708, 3.95182422025739, 3.932872724128116, 3.9118155062067004, 3.8921621028133795, 3.8753163284762473, 3.862681997723398, 3.855662925082926], "x": [2.233709064913796, 2.233709064913796, 2.23236389248008, 2.2269832027452168, 2.215619897416837, 2.2024184647970815, 2.189217032177326, 2.1720551697716437, 2.1581057483018316, 2.1389636710031863, 2.12312195185948, 2.101999659667871, 2.084837797262189, 2.067675934856507, 2.0505140724508246, 2.0285935529982626, 2.003351742719555, 1.9866409995895848, 1.9679249672840182, 1.9457296221277072, 1.9215165183208223, 1.9040292766825164, 1.881697267647776, 1.8627488963455718, 1.841642434101095, 1.8198551182358287, 1.7978052100263897, 1.7806811013591075, 1.7593202527812135, 1.7414047023610444, 1.7262453904670552, 1.709707959309976, 1.6959267666790767, 1.6827571184014836, 1.6702806095069216, 1.6564178218462973, 1.6481001492499228, 1.6411687554196106, 1.6363453379987958, 1.632839078406912, 1.6299382494794077, 1.6262146431949638, 1.6223207349067001, 1.6206629021545624, 1.6188994661770113, 1.617040598835052, 1.6160712959559074, 1.6140417242010174, 1.612989028217522, 1.6140647687734497, 1.6129715669395408, 1.6129715669395408, 1.6129715669395408, 1.6129715669395408, 1.6129715669395408, 1.6119066836949179, 1.6119066836949179, 1.6108871447509872, 1.611878827213992, 1.6109136702565947, 1.6118496696578768, 1.6118496696578768, 1.6118496696578768, 1.6065153399205883, 1.5987133558423756, 1.5819057257358384, 1.5662649757201579, 1.5491990405328566, 1.5314769554108794, 1.5075260825106955, 1.4883653841905484, 1.4669073516351832, 1.4421581163049932, 1.4172972039042409, 1.397158470811085, 1.3746030897467503, 1.3453472008542338, 1.323309982590678, 1.2962597321644143, 1.27238700845627, 1.249143445707332, 1.22257937399426, 1.2000731420596344, 1.1731809338891748, 1.1479694887293688, 1.1201253491131935, 1.0965000185297722, 1.0728746879463509, 1.0483081184239478, 1.0212001796406065, 0.9940922408572652, 0.9729981956934961, 0.9459978178838717, 0.9240600109135518, 0.898747156717029, 0.8690978486727495, 0.8429412326696759, 0.8193159020862546, 0.7973780951159347, 0.7728115255935317, 0.7473978329841493, 0.720289894200808, 0.6965704477653845, 0.671156755156002, 0.6457430625466196, 0.6203293699372372, 0.5973668076245577, 0.5718528494993583, 0.5480398219158389, 0.5276286554156794, 0.5123202805405598, 0.5038156278321599], "y_goal": [4.8109069297937745, 4.200952006186863, 2.114845885026398], "radius": [], "y_mid": []}