{"x_mid": [1.575782464646064], "x_goal": [0.8190951514170335], "y_gps": [0.0, 0.0, 0.0, 0.0, 0.0], "x_gps": [0.0, 0.0, 0.0, 0.0, 0.0], "y": [1.175823805697427, 1.175823805697427, 1.175823805697427, 1.1765486868861428, 1.1780141652437488, 1.178750808684745, 1.1802240955667374, 1.1865323566939072, 1.1937431019310965, 1.2035462849399587, 1.208378008212842, 1.2101767427309116, 1.211393420791771, 1.2126275108591675, 1.213896089542621, 1.2165013090513295, 1.2191736510631854, 1.2198623727945217, 1.2205713426279747, 1.2212922702659377, 1.2227341255418633, 1.2255539327980522, 1.230288633608065, 1.2380025467066889, 1.2448376961199727, 1.2479229212884642, 1.2491570113558608, 1.2497783885752503, 1.2510383875164277, 1.2529668657910837, 1.254269475545438, 1.2549249978397279, 1.2555930833426918, 1.2576346228488453, 1.2596637803388506, 1.2616555184441163, 1.266695514208826, 1.2741441813658003, 1.2799984229242207, 1.2836917093905742, 1.286398462060775, 1.2874993590127413, 1.2874993590127413, 1.2874993590127413], "x": [2.3324697778750947, 2.3324697778750947, 2.3324697778750947, 2.331638807209864, 2.32999070735843, 2.329170145706228, 2.327529022401824, 2.3198674947947584, 2.310113679325116, 2.295444506244915, 2.288063706206653, 2.2852873346552305, 2.28344789059978, 2.2816200827207997, 2.2798160405758385, 2.2762567891012897, 2.272747654176653, 2.271886476285035, 2.2710418895461615, 2.270207486570946, 2.268538680620515, 2.265146907222191, 2.2590506056821753, 2.248299117299836, 2.23827851374568, 2.23370899404823, 2.23188118616925, 2.230970222209781, 2.2291601772917913, 2.2264723051962063, 2.224692679458932, 2.223805968961692, 2.2229286852305328, 2.220325648292097, 2.2177129476320907, 2.2150716100584216, 2.207831430386463, 2.195583351356713, 2.1849598105690498, 2.1781817637040173, 2.1733783675525387, 2.1714673767524406, 2.1714673767524406, 2.1714673767524406], "y_goal": [2.483377720453115], "radius": [1], "y_mid": [1.8296007630752709]}