{"lat_start": [57.68413666666667], "x_gps": [6397452.08516407, 6397452.08516407, 6397452.08516407, 6397452.279343143, 6397452.288083939, 6397452.482263031, 6397452.680812545, 6397452.874991665, 6397452.879362082, 6397453.073541213, 6397454.021652761], "y_goal": [-677686.4217839229], "x_ordometry": [6397452.08516407, 6397452.08516407, 6397452.08516407, 6397452.088472157, 6397452.09508833, 6397452.105012703, 6397452.120450615, 6397452.135887831, 6397452.152428266, 6397452.171173456, 6397452.192124673, 6397452.211973193, 6397452.231821714, 6397452.25056775, 6397452.273724358, 6397452.296881227, 6397452.3156270515, 6397452.339886354, 6397452.365248639, 6397452.386199855, 6397452.4082537675, 6397452.430307679, 6397452.453463504, 6397452.47441472, 6397452.492056259, 6397452.515212083, 6397452.5394705655, 6397452.560419893, 6397452.584677008, 6397452.60452374, 6397452.625474247, 6397452.64973273, 6397452.672889338, 6397452.691635374, 6397452.71258659, 6397452.742359707, 6397452.7622084515, 6397452.7875704495, 6397452.80741897, 6397452.831678273, 6397452.852629726, 6397452.871375551, 6397452.895634854, 6397452.920995995, 6397452.940843845, 6397452.960691694, 6397452.98274486, 6397453.001490685, 6397453.023544597, 6397453.046701466, 6397453.073166459, 6397453.095220619, 6397453.118377226, 6397453.141533051, 6397453.164689658, 6397453.1867435705, 6397453.205489607, 6397453.228646214, 6397453.2507001255, 6397453.271650634, 6397453.292599961, 6397453.316857076, 6397453.336705597, 6397453.359861421, 6397453.386325221, 6397453.407276438, 6397453.428226945, 6397453.452485428, 6397453.474539588, 6397453.495490804, 6397453.516442257, 6397453.537393473, 6397453.557241994, 6397453.579295906, 6397453.6057606, 6397453.627814512, 6397453.646560549, 6397453.669717156, 6397453.689565676, 6397453.710516185, 6397453.732569351, 6397453.75572387, 6397453.778879695, 6397453.799830911, 6397453.818576947, 6397453.840631108, 6397453.860479852, 6397453.882534012, 6397453.90569062, 6397453.927744532, 6397453.952003835, 6397453.9762631375, 6397453.996111658, 6397454.020370962, 6397454.040219482, 6397454.063375307, 6397454.082121132, 6397454.101969653, 6397454.121818174, 6397454.146077476, 6397454.172542171, 6397454.199006865, 6397454.2199583175, 6397454.2420124775, 6397454.2629636945, 6397454.280606824, 6397454.300455344, 6397454.322509256, 6397454.3445631685, 6397454.368822471, 6397454.389772979, 6397454.410724196, 6397454.431674703, 6397454.451522552, 6397454.473575719, 6397454.497834202, 6397454.517682051, 6397454.539735218, 6397454.560684544], "x_goal": [6397472.085163986], "lon": [11.980451666666667, 11.980451666666667, 11.980451666666667, 11.980451666666667, 11.980455, 11.980458333333333, 11.980461666666667, 11.980466666666667, 11.98047, 11.980471666666666, 11.980475, 11.980478333333334], "k2": 0.0057692307692307696, "k1": -1.5054347826086956, "m1": 8953260.502199236, "y_gps": [-677686.4236117362, -677686.4236117362, -677686.4236117362, -677686.6140995908, -677686.8127470032, -677687.0032348299, -677687.2930463345, -677687.4835341191, -677687.5828578125, -677687.7733455722, 