{"x_mid": [], "x_goal": [2.820180014781053, 1.8291094720195127, 1.7118843901496412, 1.9624480608464, 2.6763260316089497, 2.9535186036079404, 2.412030136409508, -0.39708585103388616], "y_gps": [0.0, 0.0, 0.0, 0.0, 0.0, 0.0, 0.0, 0.0, 0.0, 0.0, 0.0, 0.0, 0.0, 0.0, 0.0, 0.0, 0.0, 0.0, 0.0, 0.0, 0.0, 0.0, 0.0, 0.0, 0.0], "x_gps": [0.0, 0.0, 0.0, 0.0, 0.0, 0.0, 0.0, 0.0, 0.0, 0.0, 0.0, 0.0, 0.0, 0.0, 0.0, 0.0, 0.0, 0.0, 0.0, 0.0, 0.0, 0.0, 0.0, 0.0, 0.0], "y": [0.1490009622402045, 0.1490009622402045, 0.15009451292049927, 0.16211602816014373, 0.18070638972515454, 0.2003903019704601, 0.23645484768939345, 0.25941941197558327, 0.2856646283026573, 0.3129862538473038, 0.3425121222152621, 0.3753186426241047, 0.40812516303294727, 0.43548045520933387, 0.4671934249378817, 0.5043741480679033, 0.5328064657555669, 0.571056741518072, 0.5983955085254408, 0.6322743242008024, 0.6672460048979499, 0.7011028014344998, 0.7371196552273872, 0.770976451763937, 0.8102940219354142, 0.8365057353830657, 0.8692703771926301, 0.9042193284561655, 0.9293219841299961, 0.9598817388633551, 0.9838929747252801, 1.0111594820531187, 1.0373353290878438, 1.0635111761225688, 1.0787804202261584, 1.0951517174047436, 1.104981109947613, 1.1126210486309527, 1.1202556706827476, 1.125678952010907, 1.1321369201610159, 1.138519335495546, 1.142701189420259, 1.1447487858849674, 1.1467374425603554, 1.1496265264556205, 1.1496265264556205, 1.1513931847997179, 1.1522408514387825, 1.1530433991375426, 1.153805374699919, 1.1545404424946875, 1.1538330943499178, 1.1545201625988406, 1.1545201625988406, 1.1583923137233672, 1.1657235797660668, 1.175076266836218, 1.1875432447079228, 1.2024782874331383, 1.216193644807464, 1.2287071741246862, 1.2436853315730239, 1.2565237522430275, 1.273641646469699, 1.2928992774747043, 1.3063869380828124, 1.3236511436611906, 1.3383409389466256, 1.3601035986287515, 1.3738189560030771, 1.3891801562623218, 1.4041151989875373, 1.4218159903655707, 1.437557116915558, 1.452857498849014, 1.4682789743428053, 1.4838211957529341, 1.4999390549930678, 1.516761865802506, 1.532544525233386, 1.550346385583608, 1.5657746645538002, 1.5835765249040221, 1.6044995784943032, 1.6236292274911317, 1.6415632734256584, 1.6594973193601852, 1.6781653408356665, 1.6931103791144386, 1.7081652351430525, 1.7250266738951001, 1.7382749472002803, 1.7503188320231715, 1.7623627168460627, 1.7732022131866647, 1.7828373210449775, 1.7924724289032903, 1.7991447360388964, 1.80399732304661, 1.8082738949048514, 1.810752408279814, 1.8132997641262958, 1.8166317699194638, 1.819461162498543, 1.8232520746934238, 1.8256704621900657, 1.8282433409317214, 1.8300588565943, 1.831008862368961, 1.831008862368961, 1.8320307041406836, 1.8341376900694402, 1.8341376900694402, 1.8352319017564955, 1.8341298312575418, 1.8341298312575418, 1.8341298312575418, 1.8330509227622607, 1.8330509227622607, 1.8340694348550632, 1.8340694348550632, 1.8340694348550632, 1.8340694348550632, 1.8340694348550632, 1.8340694348550632, 1.8340694348550632, 1.8346947870761685, 1.8341446997182378, 1.8336452535315424, 1.8336452535315424, 1.8340638076435516, 1.833679384844452, 1.8329697288377702, 1.8343094755619485, 1.8367484791229594, 1.8405924144079664, 1.845677129179965, 1.8511724469559632, 1.8580332615095523, 1.8628389449317626, 1.868518388976193, 1.8750715936428433, 1.8803141573761637, 1.886717584292847, 1.8954079493940599, 1.9012532737576802, 1.9086600064122865, 1.9152489611056918, 1.9224739734572907, 1.9303552813538887, 1.9381705794375483, 1.9454410734542602, 1.9536972476142287, 1.961520511607454, 1.9700696780847413, 1.979825692328785, 1.9895817065728285, 2.0009189905642915, 2.0095573305520134, 2.019630633874997, 2.0278792512177644, 2.0364578132542426, 2.0432562356132675, 2.050499091346684, 2.0573970491880327, 2.064044520120879, 2.0686572841643094, 2.0730339975978014, 2.076681258792378, 2.079268899094509, 2.083162154905335, 2.084836371353372, 2.0875783298250092, 2.090602979711954, 2.092839530337199, 2.0947155870005147, 2.096780775737628, 2.0975363862054532, 2.0975363862054532, 2.099273305784868, 2.100193725716367, 2.100193725716367, 2.100193725716367, 2.101229361236044, 2.101229361236044, 2.101229361236044, 2.1001320456829506, 2.1001320456829506, 2.101233925754268, 2.100135778450416, 2.100135778450416, 2.1012222727125343, 2.1012222727125343, 2.1076662897520078, 2.1193824282723805, 2.1394279556545737, 2.1604028803608197, 2.1864119475572807, 2.2112962235108675, 2.238160294035594, 2.2670908315237606, 2.2971073053924194, 2.3343691350224787, 2.3644376351330623, 2.3945574836559045, 2.425820077356085, 2.4570826710562654, 2.4832605875748106, 2.512670448283135, 2.5484892090719975, 2.580185372058148, 2.6077320938319377, 2.6396024227325423, 2.6736857347918086, 2.7056388398473707, 2.755884761213412, 2.7837458622998135, 2.812711568072107, 2.840604469926908, 2.8707094413618504, 2.8922585260676086, 2.917065317671, 2.9407935531177225, 2.960245919728872, 2.9818596604079275, 2.9937585357679364, 3.006762942728275],