{"lon_start": [11.97958], "x_goal": [6397802.424646236], "x_gps": [0.0, 0.0, 0.0, 0.0, 0.0, 0.0, 0.0, 0.0, 0.0, 0.0, NaN, NaN, NaN, NaN, NaN, NaN], "k2": -0.125, "angle": [-0.014243806541763167, -0.014243806541763167, -0.014243806541763167, -0.014243806541763167, -0.014243806541763167, -0.014243806541763167, -0.014243806541763167, -0.014243806541763167, -0.014243806541763167, -0.014243806541763167, -0.014243806541763167, -0.014243806541763167, -0.014243806541763167, -0.014243806541763167, -0.014243806541763167, -0.014243806541763167, -0.014243806541763167, -0.014243806541763167, -0.014243806541763167, -0.014243806541763167, -0.014243806541763167, -0.014243806541763167, -0.014243806541763167, -0.014243806541763167, -0.014243806541763167, -0.014243806541763167, -0.014243806541763167, -0.014243806541763167, -0.014243806541763167, -0.014243806541763167, -0.014243806541763167, -0.014243806541763167, -0.014243806541763167, -0.014243806541763167, -0.014243806541763167, -0.014243806541763167, -0.014243806541763167, -0.014243806541763167, -0.014243806541763167, -0.014243806541763167, -0.014243806541763167, -0.014243806541763167, -0.014243806541763167, -0.014243806541763167, -0.014243806541763167, -0.014243806541763167, -0.014243806541763167, -0.014243806541763167, -0.014243806541763167, -0.014243806541763167, -0.014243806541763167, -0.014243806541763167, -0.014243806541763167, -0.014243806541763167, -0.014243806541763167, -0.014243806541763167, -0.014243806541763167, -0.014243806541763167, -0.014243806541763167, -0.014243806541763167, -0.014243806541763167, -0.014243806541763167, -0.014243806541763167, -0.014243806541763167, -0.014243806541763167, -0.014243806541763167, -0.014243806541763167, -0.014243806541763167, -0.014243806541763167, -0.014243806541763167, -0.014243806541763167, -0.014243806541763167, -0.014243806541763167, -0.014243806541763167, -0.014243806541763167, -0.014243806541763167, -0.014243806541763167, -0.014243806541763167, -0.014243806541763167, -0.014243806541763167, -0.014243806541763167, -0.014243806541763167, -0.014243806541763167, -0.014243806541763167, -0.014243806541763167, -0.014243806541763167, -0.014243806541763167, -0.014243806541763167, -0.014243806541763167, -0.014243806541763167, -0.014243806541763167, -0.014243806541763167, -0.014243806541763167, -0.014243806541763167, -0.014243806541763167, -0.014243806541763167, -0.014243806541763167, -0.014243806541763167, -0.014243806541763167, -0.014243806541763167, -0.014243806541763167, -0.014243806541763167, -0.014243806541763167, -0.014243806541763167, -0.014243806541763167, -0.014243806541763167, -0.014243806541763167, -0.014243806541763167, -0.014243806541763167, -0.014243806541763167, -0.014243806541763167, -0.014243806541763167, -0.014243806541763167, -0.014243806541763167, -0.014243806541763167, -0.014243806541763167, -0.014243806541763167, -0.014243806541763167, -0.014243806541763167, -0.014243806541763167, -0.014243806541763167, -0.014243806541763167, -0.014243806541763167, -0.014243806541763167, -0.014243806541763167, -0.014243806541763167, -0.014243806541763167, -0.014243806541763167, -0.014243806541763167, -0.014243806541763167, -0.014243806541763167, -0.014243806541763167, -0.014243806541763167, -0.014243806541763167, -0.014243806541763167, -0.014243806541763167, -0.014243806541763167, -0.014243806541763167, -0.014243806541763167, -0.014243806541763167, -0.014243806541763167, -0.014243806541763167, -0.014243806541763167, -0.014243806541763167, -0.014243806541763167, -0.014243806541763167, -0.014243806541763167, -0.014243806541763167, -0.014243806541763167, -0.014243806541763167, -0.014243806541763167, -0.014243806541763167, -0.014243806541763167], "lon": [11.97958, -0.0, -0.0, -0.0, -0.0, -0.0, -0.0, -0.0, -0.0, -0.0, -0.0, -0.0, -0.0, -0.0, -0.0, -0.0, -0.0], "covariance": [[0.0, 0.0, 0.0, 0.0, 0.0, 0.0, 0.0, 0.0, 0.0], [0.0, 0.0, 0.0, 0.0, 0.0, 0.0, 0.0, 0.0, 0.0], [0.0, 0.0, 0.0, 0.0, 0.0, 0.0, 0.0, 0.0, 0.0], [0.0, 0.0, 0.0, 0.0, 0.0, 0.0, 0.0, 0.0, 0.0], [0.0, 0.0, 0.0, 0.0, 0.0, 0.0, 0.0, 0.0, 0.0], [0.0, 0.0, 0.0, 0.0, 0.0, 0.0, 0.0, 0.0, 0.0], [0.0, 0.0, 0.0, 0.0, 0.0, 0.0, 0.0, 0.0, 0.0], [0.0, 0.0, 0.0, 0.0, 0.0, 0.0, 0.0, 0.0, 0.0], [0.0, 0.0, 0.0, 0.0, 0.0, 0.0, 0.0, 0.0, 0.0], [0.0, 0.0, 0.0, 0.0, 0.0, 0.0, 0.0, 0.0, 0.0], [0.0, 0.0, 0.0, 0.0, 0.0, 0.0, 0.0, 0.0, 0.0], [0.0, 0.0, 0.0, 0.0, 0.0, 0.0, 0.0, 0.0, 0.0], [0.0, 0.0, 0.0, 0.0, 0.0, 0.0, 0.0, 0.0, 0.0], [0.0, 0.0, 0.0, 0.0, 0.0, 0.0, 0.0, 0.0, 0.0], [0.0, 0.0, 0.0, 0.0, 0.0, 0.0, 0.0, 0.0, 0.0], [0.0, 0.0, 0.0, 0.0, 0.0, 0.0, 0.0, 0.0, 0.0]], "y_mid": [], "lat_start": [57.68727], "lat": [57.68727, -0.0, -0.0, -0.0, -0.0, -0.0, -0.0, -0.0, -0.0, -0.0, -0.0, -0.0, -0.0, -0.0, -0.0, -0.0, -0.0], "x_mid": [], "radius": [], "y_gps": [-166021.4431793313, -166021.4431793313, -166021.4431793313, -166021.4431793313, -166021.4431793313, -166021.4431793313, -166021.4431793313, -166021.4431793313, -166021.4431793313, -166021.4431793313, NaN, NaN, NaN, NaN, NaN, NaN], "angle_north": [0, 0, 0, 0, 0, 0, 0, 0, 0, 0, 0, 0, 0, 0, 0, 0], "m2": 122105.6615643578,