{"lat_start": [57.68432], "x_gps": [6397469.529559872, 6397469.529559872, 6397469.719366972, 6397470.116456119, 6397470.707721245, 6397471.10481059, 6397471.510637607, 6397471.916464776, 6397472.503361635, 6397472.697537668, 6397475.065353207, 6397475.6847363375, 6397477.236018276, 6397478.104284246, 6397478.806628211, 6397479.591933122], "y_goal": [-677619.0982499244], "x_ordometry": [6397469.530662469, 6397469.530662469, 6397469.530662469, 6397469.532867661, 6397469.5405862685, 6397469.557126703, 6397469.58469316, 6397469.621082115, 6397469.669600721, 6397469.730246928, 6397469.812949098, 6397469.887932398, 6397469.9805588275, 6397470.061052884, 6397470.164702765, 6397470.257313535, 6397470.355426895, 6397470.456847448, 6397470.548306198, 6397470.637503758, 6397470.7288800115, 6397470.815828057, 6397470.903757494, 6397470.997217348, 6397471.083977057, 6397471.186066886, 6397471.281526011, 6397471.362640339, 6397471.468909329, 6397471.579499172, 6397471.659384284, 6397471.7501580315, 6397471.829945421, 6397471.9195696125, 6397472.015751671, 6397472.112051533, 6397472.197593961, 6397472.28752318, 6397472.368755949, 6397472.4567181645, 6397472.534811963, 6397472.61953297, 6397472.709808304, 6397472.796842717, 6397472.878398046, 6397472.970999421, 6397473.073546642, 6397473.171686551, 6397473.261001874, 6397473.350271896, 6397473.4317978015, 6397473.512204772, 6397473.594750385, 6397473.693742524, 6397473.769661347, 6397473.870817896, 6397473.951053507, 6397474.027991764, 6397474.110322272, 6397474.195775687, 6397474.277896858, 6397474.355498292, 6397474.4045836255, 6397474.443794839, 6397474.464504936, 6397474.483048284, 6397474.493956136, 6397474.500500847, 6397474.504863988, 6397474.50813861, 6397474.510321692, 6397474.5114139635, 6397474.5114139635, 6397474.5114139635, 6397474.512506941, 6397474.513600601, 6397474.513600601, 6397474.513600601, 6397474.514694917, 6397474.514694917, 6397474.515789866, 6397474.516885423, 6397474.517981563, 6397474.517981563, 6397474.51907826, 6397474.521271655, 6397474.532249057, 6397474.5696583325, 6397474.618142489, 6397474.6776887225, 6397474.748211132, 6397474.830838739, 6397474.913407642, 6397475.003568914, 6397475.100327351, 6397475.180620975, 6397475.2630855525, 6397475.350033598, 6397475.433679819, 6397475.511845048, 6397475.599918545, 6397475.6813865295, 6397475.789276564, 6397475.864139036, 6397475.95998706, 6397476.054767579, 6397476.134090081, 6397476.214555105, 6397476.297249817, 6397476.411919818, 6397476.4990298245, 6397476.58504105, 6397476.658921654, 6397476.757062669, 6397476.8408647, 6397476.937903007, 6397477.034941312, 6397477.125347064, 6397477.206932742, 6397477.28961254, 6397477.386623504, 6397477.478131764, 6397477.593904361, 6397477.667782468, 6397477.754887564, 6397477.84530045, 6397477.930205139, 6397478.025033753, 6397478.105523273, 6397478.186020959, 6397478.28967084, 6397478.382294138, 6397478.464996307, 6397478.544383232, 6397478.627082604, 6397478.719693374, 6397478.801279052, 6397478.86963462, 6397478.906023575, 6397478.924769611, 6397478.938002108, 6397478.94241294, 6397478.943515635], "x_goal": [6397519.525554544], "lon": [11.979325, 11.979325, 11.979325, 11.979326666666667, 11.979336666666667, 11.97935, 11.97936, 11.979373333333333, 11.979386666666667, 11.979398333333334, 11.979401666666666, 11.979403333333334, 11.979411666666667, 11.979436666666667, 11.97945, 11.97946, 11.979471666666667], "k2": -0.027412280701754384, "k1": -1.4610576923076923, "m1": 8669453.806666736, "y_gps": [-677618.3835550565, -677618.3835550565, -677618.4747218161, -677619.0543482604, -677619.8244644919, -677620.404090666, -677621.1823631371, -677621.9606354575, -677622.631427749, -677622.8219174102, -677618.4803293814, -677618.4444866391, -677618.8016273605, -677618.9301461788, -677618.9490902069, -677619.0228213752], "m2": -502249.1802291891, "y_ordometry": [-677618.3835707627, -677618.3835707627, -677618.3835707627, -677618.3836021752, -677618.3836754723, -677618.3837540058, -677618.3840157812, -677618.384188555, -677618.3844189199, -677618.3849948257, -677618.3846021582, -677618.3842461397, -677618.383806352, -677618.3845707362, -677618.3855550117, -677618.387314063, -677618.3896436802, -677618.3920518239, -677618.3955274174, -677618.4001902046, -677618.4054020281, -677618.410775562, -677618.4178882309, -677618.425001782, -677618.4328497429, -677618.4425733055, -677618.452122881, -677618.4610161491, -677618.4731782345, -677618.4863670694, -677618.4962789933, -677618.5079798332, -677618.5186498775, -677618.5306354067, -677618.5434979259, -677618.5554465465, -677618.5644144844, -677618.5738423166, -677618.5815793449, -677618.5882744518, -677618.5938456391, -677618.5994854461, -677618.6046344765, -677618.6083558458, -677618.6110673804, -677618.6132661202, -677618.6142399247, -677618.6137739592, -677618.6129258069, -677618.6099577758, -677618.6064719362, -677618.6026513939, -677618.5975499375, -677618.5904878692, -677618.5854340162, -677618.5777346431, -677618.5712443328, -677618.5650207476, -677618.557179165, -677618.5473993437, -677618.5376056544, -677618.52722794, -677618.5199506389, -677618.5137561797, -677618.5105851758, -677618.5078359732, -677618.5062187951, -677618.5052484883, -677618.5046016171, -677618.5041320061, -677618.503818932, -677618.5036675793, -677618.5036675793, -677618.5036675793, -677618.5035214142, -677618.5033804403, -677618.5033804403, -677618.5033804403, -677618.5032446606, -677618.5032446606, -677618.503114078, -677618.5029886956, -677618.5028685164, -677618.5028685164, -677618.5027535429, -677618.5025235957, -677618.5014780513, -677618.4989877469, -677618.4971452636, -677618.4971452636, -677618.4998252394, -677618.503358185, -677618.5080676639, -677618.5149301485, -677618.5222947662, -677618.5280228882, -677618.534299551, -677618.539673085, -677618.5448425607, -677618.5493008674, -677618.5543243117, -677618.5589709976, -677618.5651247168, -677618.5693946445, -677618.5734928612, -677618.5766441042, -677618.5800357319, -677618.5823286087, -677618.5835065758, -677618.5851400236, -677618.5859672339, -677618.5859672339, -677618.5863180169, -677618.5863180169, -677618.5855222197, -677618.5855222197, -677618.5855222197, -677618.5838050505, -677618.58225541, -677618.5802922494, -677618.5779888077, -677618.5762506975, -677618.5746015435, -677618.5753031014, -677618.5765438935, -677618.5778318043, -677618.5786380725, -677618.5795385799, -677618.5806851346, -677618.5806851346, -677618.5797008591, -677618.5788212938, -677618.5784286263, -677618.5772977778, -677618.5765124516, -677618.5747534003, -677618.5732037597, -677618.5719054124, -677618.5717326386, -677618.5717326386, -677618.5717326386, -677618.5717326386, -677618.5717274031], "covariance": [81.0, 81.0, 81.0, 81.0, 81.0, 81.0, 81.0, 81.0, 81.0, 81.0, 110.25, 81.0, 81.0, 81.0, 81.0, 81.0], "y_mid": [],