{"lon_start": [11.97958], "x_goal": [6397801.309393419, 6397801.875592201], "x_gps": [0.0, 0.0, 0.0, 0.0, 0.0, 0.0, 0.0, 0.0, 0.0, 0.0, NaN, NaN, NaN, NaN, NaN, NaN, NaN, NaN, NaN, NaN, NaN, NaN, NaN, NaN, NaN], "k2": 0.19414893617021275, "angle": [0.18987172536473482, 0.18985344767768322, 0.1897803338671362, 0.18977118246575345, 0.19446425250133503, 0.1992791941020086, 0.19947423973762976, 0.18991742055684221, 0.18960209323482477, 0.1941169341454359, 0.1940910059648155, 0.20394795146552921, 0.20379562407840632, 0.2040286901463598, 0.1946653560707633, 0.18510246102083974, 0.1802616145299716, 0.18508571228928059, 0.1851999498345966, 0.18976508731678787, 0.19918937030754913, 0.1994132915846843, 0.20420388196550596, 0.20422215672834268, 0.20430137026355677, 0.19946508031051197, 0.1946653560707633, 0.18996768400489575, 0.19938892181160764, 0.19472628082821727, 0.19467906411683733, 0.1851420692082813, 0.18509637512983798, 0.18513292964092898, 0.18032254415922647, 0.18034234541411126, 0.18989000277336204, 0.189803181967694, 0.19456482848571252, 0.199395013897606, 0.1943759361440249, 0.1935256145011582, 0.1934173284410707, 0.20294514981235315, 0.20343598999115528, 0.20365845746317518, 0.2039784144458892, 0.1988831256186904, 0.20380779029453658, 0.1993523619549471, 0.1898991428697639, 0.18508723152548293, 0.18499276879278104, 0.1755700137592111, 0.18013818409053378, 0.1751830905331875, 0.18494556376578594, 0.19934017276177562, 0.214083657508927, 0.20440647969092984, 0.189996624671731, 0.1899174205568422, 0.18034843961591693, 0.18022962738425882, 0.1755365301094916, 0.17552129782982415, 0.17564771967188053, 0.18509637401625234, 0.1851908092926757, 0.19465621747777467, 0.2041246725874655, 0.19932799426092687, 0.1990766507696289, 0.198944100570528, 0.19886488038174982, 0.19427995209862406, 0.19913910289311004, 0.19918175775865665, 0.18958229764304654, 0.18975291239471967, 0.1897468238309548, 0.18474904189216934, 0.18494858922590177, 0.17994625728110142, 0.17992644727861487, 0.18011994472553405, 0.1754161906448653, 0.1752592777090087, 0.17526232388166735, 0.17538876756484525, 0.17077335361504742, 0.17567361401507905, 0.18040174857566482, 0.1804550584518422, 0.17587924639823718, 0.1760148240950488, 0.16631482689282434, 0.13786834210237434, 0.10929390748274331, 0.06176581021295657, 0.0047144265910790155, -0.06186025143336693, -0.1330092184118709, -0.21390082035637753, -0.2804435226433598, -0.3518103182471574, -0.437427065911111, -0.5275540327370231, -0.5893412014068975, -0.6892565776290183, -0.770005028917034, -0.8649347800309866, -0.9457441580672857, -1.0118815444102005, -1.0686876490517414, -1.111304830094496, -1.1492014979383232, -1.182625960321016, -1.2204753585516253, -1.244141917300032, -1.2678968184455601, -1.296364665432392, -1.3248050553004829, -1.3818183560959665, -1.4101886477230738, -1.4335946548189489, -1.457341955591468, -1.4908517513712112, -1.500237924110341, -1.5144634640804011, -1.5192296973580173, -1.5240720690112755, -1.5146020906678204, -1.5097901844671089, -1.5002303398294903, -1.4906689678192977, -1.4858844729224847, -1.4809720060424323, -1.4762133238884751, -1.45708138261428, -1.438021010268189, -1.428669920250379, -1.414701938318773, -1.3907398114873475, -1.3765264568586935, -1.3667182025393023, -1.362157699376234, -1.3621942974860857, -1.357580504486907, -1.3622020095257954, -1.362401581490205, -1.3623680725686038, -1.3672683413195577, -1.3578044497944022, -1.3529803588569647, -1.3482964033840164, -1.3482217591312227, -1.3479231624716876, -1.3529483736116175, -1.3577511468217, -1.3529285676469263, -1.3479658266923837, -1.347642806999682, -1.3528691417230867, -1.357621637144452, -1.3480662921631525, -1.3478651811564304, -1.3474812079698755, -1.347545249848228, -1.3619262307878865, -1.3619947714191964, -1.3667747344750256, -1.362072504506543, -1.3669133905326731, -1.3667107362626085, -1.3621547841376938, -1.3670855460763787, -1.3622690552647192, -1.3523907425136033, -1.352105713902684, -1.361718970418805, -1.3620602948146556, -1.3765448287607192, -1.3768312276679942, -1.3815029964599381, -1.3765646582220503, -1.376809910810602, -1.3672759555046532, -1.3575896653025779, -1.3527990827207301, -1.3526710979856091, -1.3572955778172002, -1.3570990404840668, -1.3573154181463445, -1.3616976225810629, -1.3570258896461462, -1.356971034904884, -1.3569634194353728, -1.3562179593104824, -1.3557101335339847, -1.3655490841262845, -1.3697890813550282, -1.3697846076120472, -1.3891714122475232, -1.3939193477614444, -1.3847376139381102, -1.3899932114206746, -1.3853108000228693, -1.3901089989565558, -1.3803418424833964, -1.3853610634426348, -1.380582635520498, -1.3801496605345105, -1.3850896982907817, -1.3848122468383364, -1.3805795283211, -1.3805094929814217, -1.3762430859357395, -1.3764899637860217, -1.3716810801250756, -1.3670854349301893, -1.3627854890455608, -1.3670214352435748, -1.3719933895338343], "lon": [11.97958, -0.0, -0.0, -0.0, -0.0, -0.0, -0.0, -0.0, -0.0, -0.0, -0.0, -0.0, -0.0, -0.0, -0.0, -0.0, -0.0, -0.0, -0.0, -0.0, -0.0, -0.0, -0.0, -0.0, -0.0, -0.0], "covariance": [[0.0, 0.0, 0.0, 0.0, 0.0, 0.0, 0.0, 0.0, 0.0], [0.0, 0.0, 0.0, 0.0, 0.0, 0.0, 0.0, 0.0, 0.0], [0.0, 0.0, 0.0, 0.0, 0.0, 0.0, 0.0, 0.0, 0.0], [0.0, 0.0, 0.0, 0.0, 0.0, 0.0, 0.0, 0.0, 0.0], [0.0, 0.0, 0.0, 0.0, 0.0, 0.0, 0.0, 0.0, 0.0], [0.0, 0.0, 0.0, 0.0, 0.0, 0.0, 0.0, 0.0, 0.0], [0.0, 0.0, 0.0, 0.0, 0.0, 0.0, 0.0, 0.0, 0.0], [0.0, 0.0, 0.0, 0.0, 0.0, 0.0, 0.0, 0.0, 0.0], [0.0, 0.0, 0.0, 0.0, 0.0, 0.0, 0.0, 0.0, 0.0], [0.0, 0.0, 0.0, 0.0, 0.0, 0.0, 0.0, 0.0, 0.0], [0.0, 0.0, 0.0, 0.0, 0.0, 0.0, 0.0, 0.0, 0.0], [0.0, 0.0, 0.0, 0.0, 0.0, 0.0, 0.0, 0.0, 0.0], [0.0, 0.0, 0.0, 0.0, 0.0, 0.0, 0.0, 0.0, 0.0], [0.0, 0.0, 0.0, 0.0, 0.0, 0.0, 0.0, 0.0, 0.0], [0.0, 0.0, 0.0, 0.0, 0.0, 0.0, 0.0, 0.0, 0.0], [0.0, 0.0, 0.0, 0.0, 0.0, 0.0, 0.0, 0.0, 0.0], [0.0, 0.0, 0.0, 0.0, 0.0, 0.0, 0.0, 0.0, 0.0], [0.0, 0.0, 0.0, 0.0, 0.0, 0.0, 0.0, 0.0, 0.0], [0.0, 0.0, 0.0, 0.0, 0.0, 0.0, 0.0, 0.0, 0.0], [0.0, 0.0, 0.0, 0.0, 0.0, 0.0, 0.0, 0.0, 0.0], [0.0, 0.0, 0.0, 0.0, 0.0, 0.0, 0.0, 0.0, 0.0], [0.0, 0.0, 0.0, 0.0, 0.0, 0.0, 0.0, 0.0, 0.0], [0.0, 0.0, 0.0, 0.0, 0.0, 0.0, 0.0, 0.0, 0.0], [0.0, 0.0, 0.0, 0.0, 0.0, 0.0, 0.0, 0.0, 0.0], [0.0, 0.0, 0.0, 0.0, 0.0, 0.0, 0.0, 0.0, 0.0]], "y_mid": [], "lat_start": [57.68727], "lat": [57.68727, -0.0, -0.0, -0.0, -0.0, -0.0, -0.0, -0.0, -0.0, -0.0, -0.0, -0.0, -0.0, -0.0, -0.0, -0.0, -0.0, -0.0, -0.0, -0.0, -0.0, -0.0, -0.0, -0.0, -0.0, -0.0], "x_mid": [], "radius": [], "y_gps": [-166021.4431793313, -166021.4431793313, -166021.4431793313, -166021.4431793313, -166021.4431793313, -166021.4431793313, -166021.4431793313, -166021.4431793313, -166021.4431793313, -166021.4431793313, NaN, NaN, NaN, NaN, NaN, NaN, NaN, NaN, NaN, NaN, NaN, NaN, NaN, NaN, NaN], "angle_north": [0, 0, 0, 0, 0, 0, 0, 0, 0, 0, 0, 0, 0, 0, 0, 0, 0, 0, 0, 0, 0, 0, 0, 0, 0], "m2": -1919744.897371364,