{"lon_start": [11.979226666666667], "x_goal": [6397784.682031727], "x_gps": [6397769.682034402, 6397769.677666019, 6397769.858736078, 6397769.858736078, 6397769.8543677, 6397769.858736078, 6397770.0398061415, 6397770.22524458, 6397770.220876205, 6397770.216507832, 6397770.393209531, 6397770.388841165, 6397770.565542882, 6397770.561174524, 6397770.5568061685, 6397770.548069464], "angle": [-0.0005971976806866739, -0.0005301659659939036, -0.0005118769730767533, -0.0005545369047761776, -0.0005545369047761776, -0.0005545369047761776, -0.0005941641823513034, -0.0005743501059477819, -0.0005118769730767533, -0.0005118769730767533, -0.0005545369047761776, -0.0005118769730767533, -0.0005301659659939036, -0.0005118769730767533, -0.0005118769730767533, -0.0004935887601719215, -0.0005118769730767533, -0.0005118769730767533, -0.0005971976806866739, -0.0005743501059477819, -0.0004524537231792684, -0.0005118769730767533, -0.0004935887601719215, -0.0005118769730767533, -0.0006398735023333529, -0.0005545369047761776, -0.0005545369047761776, -0.0005301659659939036, -0.0005118769730767533, -0.0004935887601719215, -0.0005118769730767533, -0.0005743501059477819, -0.0005118769730767533, -0.00048598263309903775, -0.0005545369047761776, -0.0005118769730767533, -0.0005118769730767533, -0.0005118769730767533, -0.0005941641823513034, -0.0005118769730767533, -0.0005118769730767533, -0.0005545369047761776, -0.0005301659659939036, -0.0005941641823513034, -0.0005301659659939036, -0.0005484557668277169, -0.0004935887601719215, -0.0004935887601719215, -0.0005347245486071698, -0.0005941641823513034, -0.0005971976806866739, -0.0005118769730767533, -0.0005545369047761776, -0.0005743501059477819, -0.0005545369047761776, -0.0006185351202377644, -0.0005545369047761776, -0.00046921782062932357, -0.0005545369047761776, -0.0005118769730767533, -0.0005484557668277169, -0.0005301659659939036, -0.0005301659659939036, -0.0005545369047761776, -0.0005118769730767533, -0.00048598263309903775, -0.0005545369047761776, -0.0005118769730767533, -0.0005118769730767533, -0.0005301659659939036, -0.00042655938247955467, -0.0005301659659939036, -0.0005545369047761776, -0.0005118769730767533, -0.00046921782062932357, -0.0005027481861676937, -0.0005743501059477819, -0.0005545369047761776, -0.0005118769730767533, -0.0005743501059477819, -0.0005118769730767533, -0.0005118769730767533, -0.0005118769730767533, -0.0005118769730767533, -0.0005545369047761776, -0.0005758611511258778, -0.0005118769730767533, -0.0005118769730767533, -0.0005743501059477819, -0.0005971976806866739, -0.0005118769730767533, -0.0005118769730767533, -0.0005301659659939036, -0.0005118769730767533, -0.0005118769730767533, -0.0005301659659939036, -0.0005301659659939036, -0.0005118769730767533, -0.0005118769730767533, -0.00048598263309903775, -0.0006185351202377644, -0.00046921782062932357, -0.0005484557668277169, -0.00046921782062932357, -0.00046921782062932357, -0.0004935887601719215, -0.0005301659659939036, -0.0005118769730767533, -0.0005118769730767533, -0.0005118769730767533, -0.0005118769730767533, -0.0006398735023333529, -0.0005301659659939036, -0.0005743501059477819, -0.0005743501059477819, -0.0005971976806866739, -0.0005758611511258778, -0.0005118769730767533, -0.0005743501059477819, -0.0006185351202377644, -0.0005545369047761776, -0.0005545369047761776, -0.0005118769730767533, -0.0006185351202377644, -0.0005118769730767533, -0.0005545369047761776, -0.0005347245486071698, -0.0005971976806866739, -0.0005545369047761776, -0.0006185351202377644, -0.0005545369047761776, -0.0005545369047761776, -0.0005118769730767533, -0.00047530129937981946, -0.0004935887601719215, -0.0005545369047761776, -0.0005545369047761776, -0.0005484557668277169, -0.0005484557668277169, -0.0005545369047761776, -0.00048598263309903775, -0.0005545369047761776], "lon": [11.979226666666667, 11.979226666666667, 11.979225, 11.979223333333334, 11.979223333333334, 11.979221666666668, 11.979223333333334, 11.979221666666668, 11.979221666666668, 11.97922, 11.979218333333334, 11.979215, 11.979213333333334, 11.97921, 11.979208333333334, 11.979206666666666, 11.979203333333333], "covariance": [[144.0, 144.0, 144.0, 144.0, 144.0, 144.0, 144.0, 144.0, 144.0], [144.0, 144.0, 144.0, 144.0, 144.0, 144.0, 144.0, 144.0, 144.0], [144.0, 144.0, 144.0, 144.0, 144.0, 144.0, 144.0, 144.0, 144.0], [182.25, 182.25, 182.25, 182.25, 182.25, 182.25, 182.25, 182.25, 182.25], [144.0, 144.0, 144.0, 144.0, 144.0, 144.0, 144.0, 144.0, 144.0], [144.0, 144.0, 144.0, 144.0, 144.0, 144.0, 144.0, 144.0, 144.0], [144.0, 144.0, 144.0, 144.0, 144.0, 144.0, 144.0, 144.0, 144.0], [144.0, 144.0, 144.0, 144.0, 144.0, 144.0, 144.0, 144.0, 144.0], [144.0, 144.0, 144.0, 144.0, 144.0, 144.0, 144.0, 144.0, 144.0], [144.0, 144.0, 144.0, 144.0, 144.0, 144.0, 144.0, 144.0, 144.0], [182.25, 182.25, 182.25, 182.25, 182.25, 182.25, 182.25, 182.25, 182.25], [144.0, 144.0, 144.0, 144.0, 144.0, 144.0, 144.0, 144.0, 144.0], [144.0, 144.0, 144.0, 144.0, 144.0, 144.0, 144.0, 144.0, 144.0], [144.0, 144.0, 144.0, 144.0, 144.0, 144.0, 144.0, 144.0, 144.0], [144.0, 144.0, 144.0, 144.0, 144.0, 144.0, 144.0, 144.0, 144.0], [144.0, 144.0, 144.0, 144.0, 144.0, 144.0, 144.0, 144.0, 144.0]], "y_mid": [], "lat_start": [57.68702], "lat": [57.68702, 57.68702, 57.68702, 57.687021666666666, 57.687021666666666, 57.687021666666666, 57.687021666666666, 57.687023333333336, 57.687025, 57.687025, 57.687025, 57.68702666666667, 57.68702666666667, 57.68702833333333, 57.68702833333333, 57.68702833333333, 57.68702833333333], "x_mid": [], "radius": [], "y_gps": [-677599.3102073341, -677599.2108914746, -677599.1034191567, -677599.1034191567, -677599.0041033017, -677599.1034191567, -677598.9959468492, -677598.9877903968, -677598.8884745493, -677598.7891587033, -677598.582370575, -677598.4830547334, -677598.2762666275, -677598.1769507902, -677598.0776349513, -677597.879003275], "angle_north": [0, 0, 0, 0, 0, 0, 0, 0, 0, 0, 0, 0, 0, 0, 0, 0],