{"lon_start": [11.979345], "x_goal": [6397803.081999704], "x_gps": [6397777.224294709, 6397777.409733143, 6397777.599540131, 6397777.789347117, 6397778.164592542, 6397778.354399537, 6397778.544206532, 6397778.738382097, 6397778.751487817, 6397778.760224977, 6397778.945663411, 6397779.1398390075, 6397779.338383208, 6397779.351489001, 6397779.550033246, 6397779.5587704675, 6397779.567507699], "angle": [0.16631483273963032, 0.17106276825355138, 0.17615346675503973, 0.18092425788664898, 0.19519552203675733, 0.20469595164721271, 0.21882090010480026, 0.2188071920598726, 0.22370290344229385, 0.22368919562094727, 0.22819793585599785, 0.22354140638491296, 0.2234713327704289, 0.21858324583903244, 0.21377438069601087, 0.20902644518208985, 0.20905995571249988, 0.20426784704801854, 0.19961435226656238, 0.19951991153409748, 0.1948846962769802, 0.189967684004896, 0.18518319308899533, 0.18512683797252194, 0.18532180122817626, 0.18518166978099, 0.1898199364162639, 0.1804215495290003, 0.1804459193020769, 0.17569189114538, 0.17098660325861212, 0.16624171391760342, 0.16618992772530586, 0.1709256785011582, 0.17090130872808157, 0.1709926965509722, 0.17092567850115822, 0.1709622339031503, 0.17098508148178282, 0.16634225114935963, 0.16153033505836686, 0.15674889000920908, 0.1518791040524046, 0.1520436035421941, 0.156681871959395, 0.15204360799688973, 0.156681871959395, 0.15189738173946463, 0.1614663621793254, 0.15668187195939506, 0.1661777429872372, 0.16619297422300552, 0.1663696651319784, 0.17101097368122076, 0.1710018351439375, 0.17095918742400024, 0.17577719178218112, 0.17116329856578766, 0.17587467469695706, 0.17590209554264394, 0.1709668027228894, 0.1710779946864131, 0.17574063206489324, 0.1758015606502013, 0.17096832703314097, 0.1661594653001588, 0.1662173449240623, 0.16146331639615813, 0.16151663144618333, 0.15668187195939504, 0.1567367040044785, 0.15672756575948718, 0.15667577959500023, 0.1614298074733161, 0.1567823995444458, 0.16153033505836686, 0.1615638452060133, 0.15196592169143974, 0.15679153808170831, 0.1520253246719775, 0.16159430999735286, 0.16652047615241708, 0.16627370047889742, 0.17104448527659363, 0.17106276240674562, 0.17094395570105397, 0.171071902336005, 0.1662843629366501, 0.16630568962235923, 0.1662843629366501, 0.15683418814465, 0.16164762459427, 0.14720580188488813, 0.16156689137890345, 0.1616308681551939, 0.16152576496497634, 0.1663757574962574, 0.1663483397131246, 0.15676716713945762, 0.16145265393838762, 0.16146026996804957, 0.1662051591002624, 0.1662264826818528, 0.17092567850115822, 0.17090130755879343, 0.16608025884665858, 0.17070633272630734, 0.17548168212499674, 0.16593097792587616, 0.1659218319820999, 0.16587613818377112, 0.14688896974376595, 0.14213951114461318, 0.13268324445155863, 0.13732453913653703, 0.13266801349471627, 0.1326908633698548, 0.1279383585909039, 0.13270762049799353, 0.1326984788425137, 0.13271827311265455, 0.13743879888377586, 0.13264058958632374, 0.13743879888377586, 0.14218673439769697, 0.14696818381059903, 0.15186082346993218, 0.15663160851134147, 0.1613932520713239, 0.16122874679143828, 0.16597668230535936, 0.17065149760608478, 0.18003311229837707, 0.17549540181641549, 0.17056923211838912, 0.17062407369769214, 0.17528517678445604, 0.18001635175947572, 0.1895975386239573, 0.19466535607076346, 0.17553652426268604, 0.16595839721238628, 0.1517633377706305, 0.1422400509086116, 0.13744641435643473, 0.13263145099376333, 0.1280236621499813, 0.13274113370791196, 0.13274417988076948, 0.1468965810048145, 0.14699407878681167, 0.15163538217245523, 0.15165670937759815, 0.16107792475133453, 0.17056923211838912, 0.1659035620921637], "lon": [11.979345, 11.979345, 11.979345, 11.979346666666666, 11.979348333333334, 11.97935, 11.979351666666666, 11.979353333333334, 11.979356666666666, 11.979361666666666, 11.979365, 11.979365, 11.979368333333333, 11.979373333333333, 11.979378333333333, 11.979383333333333, 11.979386666666667, 11.97939], "covariance": [[110.25, 110.25, 110.25, 110.25, 110.25, 110.25, 110.25, 110.25, 110.25], [110.25, 110.25, 110.25, 110.25, 110.25, 110.25, 110.25, 110.25, 110.25], [110.25, 110.25, 110.25, 110.25, 110.25, 110.25, 110.25, 110.25, 110.25], [110.25, 110.25, 110.25, 110.25, 110.25, 110.25, 110.25, 110.25, 110.25], [110.25, 110.25, 110.25, 110.25, 110.25, 110.25, 110.25, 110.25, 110.25], [110.25, 110.25, 110.25, 110.25, 110.25, 110.25, 110.25, 110.25, 110.25], [110.25, 110.25, 110.25, 110.25, 110.25, 110.25, 110.25, 110.25, 110.25], [110.25, 110.25, 110.25, 110.25, 110.25, 110.25, 110.25, 110.25, 110.25], [110.25, 110.25, 110.25, 110.25, 110.25, 110.25, 110.25, 110.25, 110.25], [110.25, 110.25, 110.25, 110.25, 110.25, 110.25, 110.25, 110.25, 110.25], [110.25, 110.25, 110.25, 110.25, 110.25, 110.25, 110.25, 110.25, 110.25], [110.25, 110.25, 110.25, 110.25, 110.25, 110.25, 110.25, 110.25, 110.25], [110.25, 110.25, 110.25, 110.25, 110.25, 110.25, 110.25, 110.25, 110.25], [110.25, 110.25, 110.25, 110.25, 110.25, 110.25, 110.25, 110.25, 110.25], [110.25, 110.25, 110.25, 110.25, 110.25, 110.25, 110.25, 110.25, 110.25], [110.25, 110.25, 110.25, 110.25, 110.25, 110.25, 110.25, 110.25, 110.25], [110.25, 110.25, 110.25, 110.25, 110.25, 110.25, 110.25, 110.25, 110.25]], "y_mid": [], "lat_start": [57.687085], "lat": [57.687085, 57.687085, 57.687086666666666, 57.687088333333335, 57.68709, 57.68709333333334, 57.687095, 57.68709666666667, 57.68709833333333, 57.68709833333333, 57.68709833333333, 57.6871, 57.68710166666666, 57.68710333333333, 57.68710333333333, 57.687105, 57.687105, 57.687105], "x_mid": [], "radius": [], "y_gps": [-677606.0435183088, -677606.0353615127, -677606.1265203856, -677606.2176792478, -677606.3006812902, -677606.3918401303, -677606.4829989597, -677606.6734734211, -677606.9714203418, -677607.1700516224, -677607.1618947702, -677607.3523691802, -677607.6421591969, -677607.9401060746, -677608.2298960489, -677608.4285272913, -677608.6271585334], "angle_north": [0, 0, 0, 0, 0, 0, 0, 0, 0, 0, 0, 0, 0, 0, 0, 0, 0],