{"lon_start": [11.979293333333333], "x_goal": [6397770.56883672], "x_gps": [6397755.7634507995, 6397755.357626081, 6397755.159082242, 6397755.150345317, 6397754.960538425, 6397754.761994626, 6397754.567819297, 6397754.369275535, 6397754.170731796, 6397753.976556503, 6397753.786749642, 6397753.791118068, 6397753.799854927, 6397753.610048061, 6397753.618784924, 6397753.821697115, 6397753.63625868, 6397753.653732476, 6397753.658100931, 6397753.472662497, 6397753.265381813, 6397753.062469622, 6397752.4755753325, 6397752.272663247, 6397752.069751198, 6397751.862470797, 6397751.844997271, 6397751.836260523, 6397751.650822088, 6397751.44791018, 6397751.44791018, 6397751.650822088, 6397751.4610152785, 6397751.452278544, 6397751.0770333065, 6397750.882858149, 6397750.904699967, 6397750.7236299, 6397750.529454722, 6397750.520717992, 6397750.317806125, 6397750.119262637, 6397750.123630984, 6397750.313437773, 6397750.123630984, 6397749.92071917, 6397749.735280732, 6397749.739649071, 6397749.748385759, 6397749.765859162, 6397749.580420726, 6397749.576052371, 6397749.377508882, 6397749.390613932, 6397749.774595879, 6397749.783332606, 6397749.977507779, 6397749.990612903, 6397750.20226165, 6397750.405173675, 6397750.400805275, 6397750.396436877, 6397750.387700087], "angle": [0.004680911491839644, 0.00467786414480967, 0.00467786414480967, 0.004714423528391766, 0.004747935513921054, 0.00467786414480967, 0.004680911491839644, 0.004674816691012344, 0.00467786414480967, 0.004712899856035778, 0.00467786414480967, 0.004747935513921053, 0.00467786414480967, 0.004680911491839644, 0.004674816691012344, 0.004680911491839644, 0.004711376130296035, 0.004712899856035778, 0.00467786414480967, 0.004712899856035778, 0.004714423528391766, 0.004680911491839644, 0.004714423528391766, 0.0046839587367489876, 0.00949587102784211, 0.00949587102784211, 0.009349632936753302, 0.009355727862890732, 0.009422752204933398, 0.014243806541763165, 0.014006162404153357, 0.018891205895004714, 0.01899174205568422, 0.02373967756960527, 0.02840839901413072, 0.0285226487414116, 0.033162429774538676, 0.03788294795068891, 0.03788447874159482, 0.04741537836203849, 0.06168203077658828, 0.06640102582578337, 0.07110936115740008, 0.08546283925057899, 0.0950013651453217, 0.1044545813062632, 0.11862526902511764, 0.13753170128256656, 0.15659656216066534, 0.1709256785011579, 0.17085560713204653, 0.18021895820243988, 0.19444143479362794, 0.20389615137847267, 0.21355656196576792, 0.22772418841807046, 0.23735259680163115, 0.24677382546906645, 0.25642660091680913, 0.2659163771438128, 0.27553868842856527, 0.2753802598074212, 0.2801281953213422, 0.2848761308352633, 0.2943506776133508, 0.3086158084048685, 0.31336374391878963, 0.318137573775909, 0.327656292382394, 0.3323265447089421, 0.3465992925162369, 0.356095163544079, 0.3656275939555461, 0.3703389700858423, 0.3750579643342315, 0.3844959526547381, 0.40364763750619825, 0.41321053287608306, 0.42262719036871105, 0.432062131766816, 0.45114526838307223, 0.4652976803642633, 0.47960851092810797, 0.49385231746987096, 0.5080656593731779, 0.5176529249613784, 0.5270208420452369, 0.5365487014373128, 0.5460125841009211, 0.555389633873935, 0.5697522616705265, 0.5839960682122896, 0.5982398747540529, 0.6076306385948755, 0.6123983714970865, 0.6218196095283899, 0.6314175407763688, 0.6407610785650835, 0.6502569495929255, 0.6597528206207677, 0.6693888360937572, 0.6789547784907107, 0.6883653397198233, 0.6978992933926117, 0.7073982126798155, 0.7121202557190465, 0.7168331554150597, 0.7261782226247839, 0.7405926303729551, 0.7453253395249261, 0.7548882347279182, 0.7644496061055234, 0.7691655532552109, 0.7690208460461878, 0.7689066033169795, 0.7784694923929701, 0.7880293413669117, 0.7879836461753119, 0.7879866966360517, 0.797549588571635, 0.8118208064923796, 0.8115923173097706, 0.8210409611863607, 0.8305687901157502, 0.8449619013610603, 0.8545049995421885, 0.8640024039030648, 0.8733398448176798, 0.882823525844902, 0.8924839117567429, 0.8971830958809391, 0.8972257636787319, 0.9020163569824412, 0.9114863361032793, 0.911521365155404, 0.921014192376927, 0.9257179527099951, 0.9304917829614248, 0.9352823710674061, 0.9495322671755011], "lon": [11.979293333333333, 11.979293333333333, 11.97928, 11.979275, 11.979271666666667, 11.97927, 11.979265, 11.979261666666666, 11.979256666666666, 11.979251666666666, 11.979248333333333, 11.979246666666667, 11.979248333333333, 11.979251666666666, 11.97925, 11.979253333333334, 11.97926, 11.97926, 11.979266666666666, 11.979268333333334, 11.979268333333334, 11.97926, 11.979253333333334, 11.979241666666667, 11.979235, 11.979228333333333, 11.97922, 11.979213333333334, 11.97921, 11.97921, 11.979203333333333, 11.979203333333333, 11.97921, 11.979208333333334, 11.979205, 11.979203333333333, 11.9792, 11.979208333333334, 11.97921, 11.979206666666666, 11.979203333333333, 11.979196666666667, 11.979191666666667, 11.979193333333333, 11.979195, 11.979193333333333, 11.979186666666667, 11.979186666666667, 11.979188333333333, 11.979191666666667, 11.979198333333333, 11.979198333333333, 11.979196666666667, 11.979191666666667, 11.979196666666667, 11.979201666666667, 11.979205, 11.979208333333334, 11.979213333333334, 11.979223333333334, 11.97923, 11.979228333333333, 11.979226666666667, 11.979223333333334],