{"lon_start": [11.979533333333332, 11.979533333333332, 11.979533333333332, 11.979533333333332], "x_goal": [6397783.963649057], "x_gps": [6397781.241286836, 6397781.241286836, 6397781.241286836, 6397781.241286836, 6397781.241286836, 6397781.241286836, 6397781.241286836, 6397781.241286836, 6397781.241286836, 6397781.241286836, 6397781.241286836, 6397781.241286836, 6397781.241286836, 6397781.241286836, 6397781.241286836], "angle": [-0.13751953122886715, -0.13754085833686985, -0.13760483472364804, -0.13769926844102348, -0.13766576013063395, -0.1376901299037106, -0.13769012990371055, -0.1376809913663977, -0.13768099131072198, -0.13769012990371057, -0.1376901299037106, -0.13769012990371057, -0.13767794516564194, -0.13766880643346371, -0.1376840375393158, -0.13768708373079241, -0.1376748989463276, -0.13769012990371057, -0.1376901299037106, -0.1376901299037106, -0.13767794516564194, -0.1376809913663977, -0.1376809913663977, -0.13769622226810535, -0.1376946991688874, -0.13767794516564194, -0.1376901299037106, -0.13768708373079241, -0.13767794516564194, -0.1376901299037106, -0.13767794516564194, -0.13768708373079241, -0.13769012990371057, -0.13767794516564194, -0.1376840375393158, -0.13769012990371057, -0.13768099131072198, -0.13767794516564194, -0.13769012990371057, -0.13767794516564194, -0.13769012990371057, -0.1376901299037106, -0.1376901299037106, -0.13768860681841139, -0.13768708373079241, -0.13769012990371057, -0.1376901299037106, -0.13769012990371057, -0.13768708373079241, -0.13768708373079241, -0.13769012990371057, -0.13769012990371057, -0.13768708373079241, -0.1376901299037106, -0.1376840375393158, -0.14243197306715571, -0.14243806541763165, -0.14243806541763165, -0.14243806541763168, -0.14243806541763165, -0.14243806541763165, -0.13769622225418657, -0.13766728343863904, -0.1376718527038149, -0.1376901299037106, -0.13769012990371057, -0.13768556063853377, -0.13769012990371057, -0.13769012990371057, -0.13769012990371057, -0.1376901299037106, -0.1376901299037106, -0.1376901299037106, -0.13768708373079241, -0.1376901299037106, -0.13769012990371057, -0.13769622226810535, -0.13769012990371055, -0.13769622225418657, -0.1376901299037106, -0.13769774537660268, -0.13766728343863904, -0.1376809913663977, -0.14243806541763165, -0.14243806541763168, -0.14243806541763168, -0.14243806541763165, -0.14243806541763168, -0.1424532963750146, -0.14242892688031872, -0.14243806541763168, -0.14243806541763165, -0.14243958850293084, -0.14243197306715571, -0.14243806541763168, -0.14243958850293084, -0.14244415776810762, -0.14242892688031872, -0.1424472039549445, -0.14244568089052376, -0.142425880679563, -0.14242892688031872, -0.14243806541763165, -0.14243806541763165, -0.14243806541763165, -0.14243806541763168, -0.14244415776810762, -0.14244111159054984, -0.14243806541763168, -0.14243501924471338, -0.14243806541763165, -0.14244415776810762, -0.14243806541763165, -0.14243806541763165, -0.14243806541763168, -0.14243806541763168, -0.14243806541763165, -0.14243806541763165, -0.1424472039549445, -0.14243501924471338, -0.14244415776810762, -0.14242892688031872, -0.14243806541763165, -0.14244111159054984, -0.14244263468280846, -0.14243501924471338, -0.1423847564578452, -0.14243806541763168, -0.11830230785374547, -0.10902424668824025, -0.08546283925057901, -0.08103176483783898, -0.08559231175518942], "lon": [11.979533333333332, 11.979533333333332, 11.979533333333332, 11.979533333333332, 11.979533333333332, 11.979533333333332, 11.979533333333332, 11.979533333333332, 11.979533333333332, 11.979533333333332, 11.979533333333332, 11.979533333333332, 11.979533333333332, 11.979533333333332, 11.979533333333332], "covariance": [[7056.0, 7056.0, 7056.0, 7056.0, 7056.0, 7056.0, 7056.0, 7056.0, 7056.0], [7056.0, 7056.0, 7056.0, 7056.0, 7056.0, 7056.0, 7056.0, 7056.0, 7056.0], [7056.0, 7056.0, 7056.0, 7056.0, 7056.0, 7056.0, 7056.0, 7056.0, 7056.0], [7056.0, 7056.0, 7056.0, 7056.0, 7056.0, 7056.0, 7056.0, 7056.0, 7056.0], [7056.0, 7056.0, 7056.0, 7056.0, 7056.0, 7056.0, 7056.0, 7056.0, 7056.0], [7056.0, 7056.0, 7056.0, 7056.0, 7056.0, 7056.0, 7056.0, 7056.0, 7056.0], [7056.0, 7056.0, 7056.0, 7056.0, 7056.0, 7056.0, 7056.0, 7056.0, 7056.0], [7056.0, 7056.0, 7056.0, 7056.0, 7056.0, 7056.0, 7056.0, 7056.0, 7056.0], [7056.0, 7056.0, 7056.0, 7056.0, 7056.0, 7056.0, 7056.0, 7056.0, 7056.0], [7056.0, 7056.0, 7056.0, 7056.0, 7056.0, 7056.0, 7056.0, 7056.0, 7056.0], [7056.0, 7056.0, 7056.0, 7056.0, 7056.0, 7056.0, 7056.0, 7056.0, 7056.0], [7056.0, 7056.0, 7056.0, 7056.0, 7056.0, 7056.0, 7056.0, 7056.0, 7056.0], [7056.0, 7056.0, 7056.0, 7056.0, 7056.0, 7056.0, 7056.0, 7056.0, 7056.0], [7056.0, 7056.0, 7056.0, 7056.0, 7056.0, 7056.0, 7056.0, 7056.0, 7056.0], [7056.0, 7056.0, 7056.0, 7056.0, 7056.0, 7056.0, 7056.0, 7056.0, 7056.0]], "y_mid": [], "lat_start": [57.68711666666667, 57.68711666666667, 57.68711666666667, 57.68711666666667], "lat": [57.68711666666667, 57.68711666666667, 57.68711666666667, 57.68711666666667, 57.68711666666667, 57.68711666666667, 57.68711666666667, 57.68711666666667, 57.68711666666667, 57.68711666666667, 57.68711666666667, 57.68711666666667, 57.68711666666667, 57.68711666666667, 57.68711666666667], "x_mid": [], "radius": [], "y_gps": [-677617.1112004898, -677617.1112004898, -677617.1112004898, -677617.1112004898, -677617.1112004898, -677617.1112004898, -677617.1112004898, -677617.1112004898, -677617.1112004898, -677617.1112004898, -677617.1112004898, -677617.1112004898, -677617.1112004898, -677617.1112004898, -677617.1112004898], "angle_north": [0.0, 0.0, 0.0, 0.0, 0.0, 0.0, 0.0, 0.0, 0.0, 0.0, 0.0, 0.0, 0.0, 0.0, 0.0],