{"x_mid": [], "x_goal": [0.5314404728356412, 1.1001104965859263, 0.06095715504553845], "y_gps": [0.0, 0.0, 0.0, 0.0, 0.0, 0.0, 0.0], "x_gps": [0.0, 0.0, 0.0, 0.0, 0.0, 0.0, 0.0], "y": [-1.2260425895548566, -1.2260425895548566, -1.2266739826060515, -1.2329879131180013, -1.2443529880395108, -1.2582436351658002, -1.2746598544968695, -1.2915913810449284, -1.3106617298390535, -1.3264465561189276, -1.3446322698186945, -1.3621908899426074, -1.3797495100665202, -1.3985623173421413, -1.4153773763711437, -1.4348172772226186, -1.4523758973465315, -1.4729276361597565, -1.4911133498595235, -1.5086719699834363, -1.5254870290124387, -1.5419032483435078, -1.5613431491949827, -1.5847046920891963, -1.6028904057889632, -1.622196584674114, -1.640382298373881, -1.6604492928012098, -1.6760187919021379, -1.6909655110390287, -1.7059122301759195, -1.7194226660215575, -1.7292484375456578, -1.7390742090697582, -1.7488999805938585, -1.7585861582189117, -1.7652934663398514, -1.7708204628221578, -1.775210117853136, -1.7804988015049188, -1.7853860895579514, -1.7883377166378955, -1.7923813520450227, -1.7941079240365005, -1.7959336546346454, -1.7978480126502823, -1.7988417257821292, -1.7988417257821292, -1.7988417257821292, -1.8010105243462091, -1.8010105243462091, -1.8010105243462091, -1.8010105243462091, -1.8010105243462091, -1.8010105243462091, -1.7999501743706274, -1.7989070718566806, -1.7978801990981987, -1.7988972432078378, -1.7978906008980025, -1.8028462414904274, -1.8136193695806315, -1.8289701793910802, -1.8430826785231302, -1.8486270931089879, -1.851373307906605], "x": [-0.2911252717026603, -0.2911252717026603, -0.29022122093023106, -0.2811807132059391, -0.26490779930221364, -0.24501868230877136, -0.2215133622256123, -0.19702332583825788, -0.16999204243042057, -0.14739077311969065, -0.12108665996290252, -0.09568958519083122, -0.07029251041875992, -0.04308135887725495, -0.018511209033333864, 0.009606980892887938, 0.03500405566495924, 0.06503423880752945, 0.09133835196431758, 0.11673542673638888, 0.14130557658030996, 0.16481089666346915, 0.19292908658969102, 0.2263789651695714, 0.2526830783263596, 0.2808932503693802, 0.3071973635261684, 0.33622259183710707, 0.3589727305814785, 0.38081286377607504, 0.4026529969706716, 0.4228023189351156, 0.43745637127289305, 0.4521104236106705, 0.46676447594844794, 0.48151117045867836, 0.4916177911036941, 0.4998606955436939, 0.5062099642367117, 0.5132705296688781, 0.5192452011840171, 0.5225229042408199, 0.5262709887249138, 0.5276431436342272, 0.5288803047877986, 0.5299753359859275, 0.5304533518808746, 0.5304533518808746, 0.5304533518808746, 0.5308535677293285, 0.5308535677293285, 0.5308535677293285, 0.5308535677293285, 0.5308535677293285, 0.5308535677293285, 0.5311562605001557, 0.5315138945723931, 0.5319157618665522, 0.5314896324692141, 0.5319397838262888, 0.5295230192692026, 0.5239488400252658, 0.5152517327978264, 0.5066244800659896, 0.5030141883420005, 0.5011697401471757], "y_goal": [-1.7947126133051416, -0.9721468687668402, -2.6512971646840877], "radius": [], "y_mid": []}