{"x_mid": [], "x_goal": [-1.0194194523629636, -0.01982584798558257, -0.03962111771308865, -0.059369719760586574], "y_gps": [0.0, 0.0, 0.0, 0.0, 0.0, 0.0, 0.0, 0.0, 0.0, 0.0, 0.0, 0.0, 0.0, 0.0, 0.0, 0.0, 0.0], "x_gps": [0.0, 0.0, 0.0, 0.0, 0.0, 0.0, 0.0, 0.0, 0.0, 0.0, 0.0, 0.0, 0.0, 0.0, 0.0, 0.0, 0.0], "y": [-0.0007900318662456651, -0.0007900318662456651, -0.0007900318662456651, -0.0007533895068929825, -0.0007952641288057502, -0.0007481581883061884, -0.0007481581883061884, -0.0008422840681597182, -0.0008422840681597182, -0.0010350059192173254, -0.0007655128818497535, -0.0011104107739171958, -0.0011104107739171958, -0.0016145190884079993, -0.0010241077432995432, -0.002342889706777616, -0.0016143840773359208, -0.0016143840773359208, -0.0016143840773359208, -0.0006910911925776922, -0.0016649446007935566, -0.0016649446007935566, -0.0006156746638103885, -0.0006156746638103885, 0.0004780932089499012, 0.0004780932089499012, -0.0006227768079847382, 0.00046937791900074073, 0.00046937791900074073, 0.00046937791900074073, -0.0005338245853037163, -0.0005338245853037163, 0.00034950458674499595, -0.0004846154095819352, -0.0004846154095819352, 0.0002267412413895967, -0.0004058163583214792, -0.0004058163583214792, 6.861936792116469e-05, 6.861936792116469e-05, 6.861936792116469e-05, 6.861936792116469e-05, 6.861936792116469e-05, 6.861936792116469e-05, 6.861936792116469e-05, 0.00014539211413806406, 0.00018556901799131716, 0.0003010238691642628, 0.0001095696235794996, -0.0007009270906514498, -0.0024085817172088417, -0.004745983848677147, -0.007086550662901361, -0.009767645121050127, -0.01317994715869401, -0.016592249196337894, -0.019760815374150073, -0.022910718026762908, -0.026098084569674232, -0.02923011207091129, -0.031948160598064206, -0.033821643153611775, -0.03640109796063748, -0.038060427884412634, -0.03962213116479038, -0.040798581660389445, -0.041791804798162066, -0.04248865125101946, -0.04301079919352336, -0.04348542219420088, -0.043686520817934484, -0.04358749360717158, -0.04333310020677525, -0.04295489801478101, -0.04243535118450275, -0.04197353177981097, -0.04131988914050584, -0.04060682444308207, -0.039953181803776945, -0.03922999753441839, -0.03882822849588586, -0.03822055862556532, -0.0377177409691227, -0.03731979890359621, -0.03692920220800707, -0.03620679763705658, -0.035421985185412376, -0.03381491314444961, -0.03284494886515795, -0.03245721323025586, -0.0319970038273863, -0.03144838953241327, -0.0308158319327022, -0.030120604617145483, -0.030120604617145483, -0.029286484620818554, -0.029286484620818554, -0.028318399337739168, -0.029325903433873986, -0.029325903433873986, -0.029325903433873986, -0.028235243140760445, -0.028235243140760445, -0.029336748475209787, -0.028244360565688006, -0.02931634091112416, -0.02931634091112416, -0.02931634091112416, -0.03028523849978282, -0.028456014812683735, -0.029317982944093122, -0.030107212096248757, -0.030107212096248757, -0.030107212096248757, -0.030107212096248757, -0.030107212096248757, -0.030107212096248757, -0.030107212096248757, -0.030107212096248757, -0.030107212096248757, -0.030330781603199602, -0.030330781603199602, -0.030330781603199602, -0.030330781603199602, -0.029598900553942313, -0.028594211701873803, -0.028091663369563192, -0.02797124533055162, -0.028233020725614025, -0.028939758527169523, -0.029787808837943658, -0.03099700669658217, -0.03194970803975191, -0.032986213975142516, -0.03374530272496138, -0.03435259426026287, -0.03498082688298854, -0.035253073293853444, -0.03542584700200046, -0.03525830886076697, -0.03497559143409955, -0.03430547663652547, -0.03365108978323333, -0.032803039472459175, -0.03137930232742506, -0.030107441933936878, -0.028495614260203424, -0.026423443502812127, -0.023906725077056358, -0.021866571990879057, -0.0185721661960055, -0.016689648598934896, -0.014807131001864293, -0.01292515116091698, -0.011252280191186037, -0.009825332112618304, -0.008383180530039428, -0.00734841845767156], "x": [-0.01982584798558257, -0.01982584798558257, -0.01982584798558257, -0.018723748932988754, -0.019825661588450512, -0.018723960170371742, -0.018723960170371742, -0.01982264361111749, -0.01982264361111749, -0.02090837989233501, -0.01983910982025896, -0.020886492476347246, -0.020886492476347246, -0.021867226788731778, -0.020935894717022476, -0.022703569480578657, -0.021875774498654462, -0.021875774498654462, -0.021875774498654462, -0.021272868840046134, -0.02179014490128758, -0.02179014490128758, -0.02145103196498102, -0.02145103196498102, -0.021310900509752206, -0.021310900509752206, -0.021247259406356352, -0.021399453481636545, -0.021399453481636545, -0.021399453481636545, -0.020941687471993646, -0.020941687471993646, -0.021601759102981417, -0.020880504074607488, -0.020880504074607488, -0.02172308148906012, -0.02081984515936845, -0.02081984515936845, -0.02181527256801849, -0.02181527256801849, -0.02181527256801849, -0.02181527256801849, -0.02181527256801849, -0.02181527256801849, -0.02181527256801849, -0.022915304808303033, -0.024017280670390714, -0.030632521377237057, -0.04276079859881016, -0.059281549687284385, -0.0812694988724004, -0.10541620886862416, -0.12845448799342668, -0.15256545613807837, -0.18325214286763508, -0.2139388295971918, -0.24243361013178016, -0.2720396329443876, -0.30496696475742, -0.3390071285874276, -0.37197651890645606, -0.39948048549776805, -0.44019906204834797, -0.4710302665632242, -0.5062823477317542, -0.5360322122311595, -0.5690985394176342, -0.5966574312705932, -0.6297345509657926, -0.6727375447454897, -0.7047154450999304, -0.7355911109428818, -0.7675686317306608, -0.7973393461427057, -0.8271079293235143, -0.8535688921508997, -0.8778196612864552, -0.9042750457979701, -0.9285258149335256, -0.9483613804511039, -0.9593811390719806, -0.9725996751126097, -0.9825113015243933, -0.9891155714722877, -0.9935090750820539, -0.9989750842515986, -1.0033155345926783, -1.009733638587421, -1.0128963674969138, -1.0139286591522392, -1.0149307431256354, -1.0158872928313896, -1.0167905291610813, -1.0176464637169504, -1.0176464637169504, -1.0183677187453244, -1.0183677187453244, -1.0188957110453745, -1.0184474918127453, -1.0184474918127453, -1.0184474918127453, -1.0186100498308577, -1.0186100498308577, -1.0186615375226564, -1.0185110262627528, -1.018769527951772, -1.018769527951772, -1.018769527951772, -1.019296028138779, -1.0180640376195524, -1.0187517700709183, -1.019521888457671, -1.019521888457671, -1.019521888457671, -1.019521888457671, -1.019521888457671, -1.019521888457671, -1.019521888457671, -1.019521888457671, -1.019521888457671, -1.0206016947642784, -1.0206016947642784, -1.0206016947642784, -1.0206016947642784, -1.0129175139779574, -0.9953028145404799, -0.9776666448561115, -0.9523046461937027, -0.924738188518033, -0.8949734611518799, -0.8652124248095083, -0.8288431560739125, -0.8001885807064733, -0.7638139807324635, -0.7318444587465954, -0.6998716930118931, -0.6667964181139252, -0.6381273021312287, -0.6017383475286422, -0.5664520885200734, -0.5366803142303502, -0.5014000210058511, -0.4738400882594131, -0.44407905191704145, -0.4066140216313417, -0.3768680833432149, -0.3460343589625267, -0.3097040413727293, -0.26898153909484385, -0.24038381008146775, -0.20192988965536657, -0.1799562208404516, -0.15798255202553663, -0.138223230003568, -0.12065938820626257, -0.1063953810022734, -0.09324170636202286, -0.08337142616458239], "y_goal": [-0.029296629134875542, -0.0007900318662456651, -0.002144910131033238, -0.004063533561170736], "radius": [], "y_mid": []}