{"x_mid": [], "x_goal": [2.0034820078621918], "y_gps": [], "x_gps": [], "y": [0.5070538826880943, 0.5070538826880943, 0.5070538826880943, 0.5070538826880943, 0.5070538826880943, 0.5070538826880943, 0.5070538826880943, 0.5070538826880943, 0.5070538826880943, 0.5070538826880943, 0.5070538826880943, 0.5070538826880943, 0.5070538826880943, 0.5070538826880943, 0.5070538826880943, 0.5070538826880943, 0.5070538826880943, 0.5070538826880943, 0.5070538826880943, 0.5070538826880943, 0.5070538826880943, 0.5070538826880943, 0.5070538826880943, 0.5070538826880943, 0.5070538826880943, 0.5070538826880943, 0.5070538826880943, 0.5070538826880943, 0.5070538826880943, 0.5070538826880943, 0.5070538826880943, 0.5070538826880943, 0.5070538826880943, 0.5070538826880943, 0.5070538826880943, 0.5070538826880943, 0.5070538826880943, 0.5070538826880943, 0.5070538826880943, 0.5070538826880943, 0.5070538826880943, 0.5070538826880943, 0.5070538826880943, 0.5070538826880943, 0.5070538826880943, 0.5070538826880943, 0.5070538826880943, 0.5070538826880943, 0.5070538826880943, 0.5070538826880943, 0.5070538826880943, 0.5070538826880943, 0.5070538826880943, 0.5070538826880943, 0.5070538826880943, 0.5070538826880943, 0.5070538826880943, 0.5070538826880943, 0.5070538826880943, 0.5070538826880943, 0.5070538826880943, 0.5070538826880943, 0.5070538826880943, 0.5070538826880943, 0.5070538826880943, 0.5070538826880943, 0.5070538826880943, 0.5070538826880943, 0.5070538826880943, 0.5070538826880943, 0.5070538826880943, 0.5070538826880943, 0.5070538826880943, 0.5070538826880943, 0.5070538826880943, 0.5070538826880943, 0.5070538826880943, 0.5070538826880943, 0.5070538826880943, 0.5070538826880943, 0.5070538826880943, 0.5070538826880943, 0.5070538826880943, 0.5070538826880943, 0.5070538826880943, 0.5070538826880943, 0.5070538826880943, 0.5070538826880943, 0.5070538826880943, 0.5070538826880943, 0.5070538826880943], "x": [1.0967255309249175, 1.0967255309249175, 1.0967255309249175, 1.0967255309249175, 1.0967255309249175, 1.0967255309249175, 1.0967255309249175, 1.0967255309249175, 1.0967255309249175, 1.0967255309249175, 1.0967255309249175, 1.0967255309249175, 1.0967255309249175, 1.0967255309249175, 1.0967255309249175, 1.0967255309249175, 1.0967255309249175, 1.0967255309249175, 1.0967255309249175, 1.0967255309249175, 1.0967255309249175, 1.0967255309249175, 1.0967255309249175, 1.0967255309249175, 1.0967255309249175, 1.0967255309249175, 1.0967255309249175, 1.0967255309249175, 1.0967255309249175, 1.0967255309249175, 1.0967255309249175, 1.0967255309249175, 1.0967255309249175, 1.0967255309249175, 1.0967255309249175, 1.0967255309249175, 1.0967255309249175, 1.0967255309249175, 1.0967255309249175, 1.0967255309249175, 1.0967255309249175, 1.0967255309249175, 1.0967255309249175, 1.0967255309249175, 1.0967255309249175, 1.0967255309249175, 1.0967255309249175, 1.0967255309249175, 1.0967255309249175, 1.0967255309249175, 1.0967255309249175, 1.0967255309249175, 1.0967255309249175, 1.0967255309249175, 1.0967255309249175, 1.0967255309249175, 1.0967255309249175, 1.0967255309249175, 1.0967255309249175, 1.0967255309249175, 1.0967255309249175, 1.0967255309249175, 1.0967255309249175, 1.0967255309249175, 1.0967255309249175, 1.0967255309249175, 1.0967255309249175, 1.0967255309249175, 1.0967255309249175, 1.0967255309249175, 1.0967255309249175, 1.0967255309249175, 1.0967255309249175, 1.0967255309249175, 1.0967255309249175, 1.0967255309249175, 1.0967255309249175, 1.0967255309249175, 1.0967255309249175, 1.0967255309249175, 1.0967255309249175, 1.0967255309249175, 1.0967255309249175, 1.0967255309249175, 1.0967255309249175, 1.0967255309249175, 1.0967255309249175, 1.0967255309249175, 1.0967255309249175, 1.0967255309249175, 1.0967255309249175], "y_goal": [0.9287085892102702], "radius": [], "y_mid": []}