{"lon_start": [11.97958], "x_goal": [677619.1462836475], "x_gps": [-6411305.50053, -6411305.50053, -6411305.50053, -6411305.50053, -6411305.50053, -6411305.50053, -6411305.50053, -6411305.50053, -6411305.50053, -6411305.50053, -6411305.50053, -6411305.50053, -6411305.50053, -6411305.50053, -6411305.50053, -6411305.50053, -6411305.50053, -6411305.50053, -6411305.50053, -6411305.50053, -6411305.50053, -6411305.50053, -6411305.50053], "angle": [-0.004747935513921052, -0.004747935513921054, 0.004754027878315842, 0.0380383165044378, 0.0854872088009493, 0.14243349615245487, 0.20414294989870962, 0.28488222318573925, 0.3797815321538978, 0.46522913971634566, 0.5459577517078521, 0.6361700499056347, 0.7121050319080957, 0.7975709173315819, 0.8877573211538243, 0.9684600380644593, 1.0492206386634697, 1.1252393933290428, 1.2058842323094443, 1.2724071157940173, 1.3246572539353112, 1.3721533635231846, 1.400640976606711, 1.4338765252041585, 1.467131874754941, 1.495599686885132, 1.5288352354825796, 1.557377680611189, 1.580852310321452, 1.5948919963714039, 1.6046833824504878, 1.6052135230803088, 1.6050824934491104, 1.5952743443132402, 1.5760967735008358, 1.557231460339602, 1.5477660523632222, 1.5430927500704166, 1.5433120958449171, 1.5383981305325034, 1.523922775725003, 1.5235845916110096, 1.52392736496963, 1.5098191224845303, 1.5050650931212985, 1.5048761996631514, 1.5047116836120378, 1.4953437680828288, 1.4859438730620216, 1.4622544667362687, 1.4288391697634988, 1.4099357739355607, 1.3957011092027074, 1.376832756161962, 1.3626117973032352, 1.3483070640553263, 1.3388568897506956, 1.3246283145838817, 1.3056457109262976, 1.2818039803966528, 1.2627726345043369, 1.2485425376372004, 1.2438677139847572, 1.2344084004468971, 1.2248333248589347, 1.210595609414747, 1.201168282041402, 1.1821719700871836, 1.167810873814044, 1.1488297976430077, 1.1440453007971516, 1.1298593807463702, 1.120427483961611, 1.106200431868462, 1.0871492860527994, 1.0681148919573937, 1.0490865905187303, 1.0443645504520964, 1.0348945745955127, 1.0254398324177996, 1.0111960258760364, 0.9921966669554355, 0.9684508994715403, 0.9542284163998785, 0.9495368393361572, 0.9447599631554009, 0.9399541478507814, 0.9257621300345432, 0.9067551555738707, 0.8878395713301604, 0.8783223768320805, 0.8735028519919108, 0.8687762415558926, 0.8545004471374351, 0.8307820930379312, 0.8117781661050648, 0.8022457344133813, 0.797537400835929, 0.7879866966360517, 0.773834284654243, 0.7595935255845895, 0.7405682730749643, 0.7168194558266437, 0.7025360459005948, 0.6930797782570385, 0.6883227041501981, 0.6788710057370703, 0.6646378609222788, 0.6503209384540698, 0.6361548159902779, 0.6171249949114838, 0.6076519730282546, 0.5980936478009383, 0.5886708907506691, 0.5791201860632466, 0.5601467235459643, 0.5459059622026681, 0.5220809843865749, 0.5079102932141175, 0.48900080253187667, 0.4794500979139224, 0.4746351412323841, 0.4604705407354535, 0.44144072022509495, 0.4224748725124704, 0.40821278264579497, 0.3986422786203291, 0.38918144057468573, 0.37019273199475355, 0.36084309905800027, 0.33689320567413605, 0.3225549447559529, 0.3131885645625399, 0.3037795150348595, 0.2894457962172405, 0.2704449044872161, 0.251530883949104, 0.2368619555365693, 0.22748493680818732, 0.22315296915428975, 0.2134620918233937, 0.1941778299255271, 0.17477157594211906, 0.1605764911437896, 0.15589556255512393, 0.1518607855813572, 0.13783338033081508, 0.12315982163647438, 0.10391976114677988, 0.08959064482043415, 0.08053205890695693, 0.0710971363102091, 0.051899671617846525, 0.03276015494932457, 0.014000048106480034, 0.009288669885491449, -0.00020110356942802223, -0.009660395271497245, -0.028789269967904343, -0.04784196017320066, -0.06666610349794845, -0.07606142260218132, -0.09054136886622573, -0.0999504042276253, -0.1142886977398695, -0.13314939553214014, -0.14740539817663884, -0.15694694767952727, -0.1663986388042561, -0.17599353883551297, -0.19025868444373237, -0.21385820169587544, -0.2282117079582896, -0.23759178199910636, -0.24233971751302746, -0.261349728898734, -0.2803110079740581, -0.2994977606451847, -0.3041420932612789, -0.30880471773878715, -0.3185260867624243, -0.33267541079490776, -0.35636938391441036, -0.3658561102920536, -0.38007097832017644, -0.3895668493480185, -0.394330027691069, -0.41338119300121057, -0.4227978554247439, -0.4465009446116327, -0.46108300378845024, -0.470447827913837, -0.4797303962399451, -0.48916989488611384, -0.4986520502165387, -0.5224313351524598, -0.5414352687038871, -0.5509737952479182, -0.5604209148863396, -0.5699990492882498, -0.5842017239864472, -0.6080891825859636, -0.6270809246416477, -0.6412698820836779, -0.6458837541369185, -0.655397898952411, -0.6648328274030121, -0.6838839766151672], "lon": [11.97958, -0.0, -0.0, -0.0, -0.0, -0.0, -0.0, -0.0, -0.0, -0.0, -0.0, -0.0, -0.0, -0.0, -0.0, -0.0, -0.0, -0.0, -0.0, -0.0, -0.0, -0.0, -0.0, -0.0], "covariance": [[0.0, 0.0, 0.0, 0.0, 0.0, 0.0, 0.0, 0.0, 0.0], [0.0, 0.0, 0.0, 0.0, 0.0, 0.0, 0.0, 0.0, 0.0], [0.0, 0.0, 0.0, 0.0, 0.0, 0.0, 0.0, 0.0, 0.0], [0.0, 0.0, 0.0, 0.0, 0.0, 0.0, 0.0, 0.0, 0.0], [0.0, 0.0, 0.0, 0.0, 0.0, 0.0, 0.0, 0.0, 0.0], [0.0, 0.0, 0.0, 0.0, 0.0, 0.0, 0.0, 0.0, 0.0], [0.0, 0.0, 0.0, 0.0, 0.0, 0.0, 0.0, 0.0, 0.0], [0.0, 0.0, 0.0, 0.0, 0.0, 0.0, 0.0, 0.0, 0.0], [0.0, 0.0, 0.0, 0.0, 0.0, 0.0, 0.0, 0.0, 0.0], [0.0, 0.0, 0.0, 0.0, 0.0, 0.0, 0.0, 0.0, 0.0], [0.0, 0.0, 0.0, 0.0, 0.0, 0.0, 0.0, 0.0, 0.0], [0.0, 0.0, 0.0, 0.0, 0.0, 0.0, 0.0, 0.0, 0.0], [0.0, 0.0, 0.0, 0.0, 0.0, 0.0, 0.0, 0.0, 0.0], [0.0, 0.0, 0.0, 0.0, 0.0, 0.0, 0.0, 0.0, 0.0], [0.0, 0.0, 0.0, 0.0, 0.0, 0.0, 0.0, 0.0, 0.0], [0.0, 0.0, 0.0, 0.0, 0.0, 0.0, 0.0, 0.0, 0.0], [0.0, 0.0, 0.0, 0.0, 0.0, 0.0, 0.0, 0.0, 0.0], [0.0, 0.0, 0.0, 0.0, 0.0, 0.0, 0.0, 0.0, 0.0], [0.0, 0.0, 0.0, 0.0, 0.0, 0.0, 0.0, 0.0, 0.0], [0.0, 0.0, 0.0, 0.0, 0.0, 0.0, 0.0, 0.0, 0.0], [0.0, 0.0, 0.0, 0.0, 0.0, 0.0, 0.0, 0.0, 0.0], [0.0, 0.0, 0.0, 0.0, 0.0, 0.0, 0.0, 0.0, 0.0], [0.0, 0.0, 0.0, 0.0, 0.0, 0.0, 0.0, 0.0, 0.0]], "y_mid": [], "lat_start": [57.68727], "lat": [57.68727, -0.0, -0.0, -0.0, -0.0, -0.0, -0.0, -0.0, -0.0, -0.0, -0.0, -0.0, -0.0, -0.0, -0.0, -0.0, -0.0, -0.0, -0.0, -0.0, -0.0, -0.0, -0.0, -0.0], "x_mid": [], "radius": [], "y_gps": [-1331398.54162, -1331398.54162, -1331398.54162, -1331398.54162, -1331398.54162, -1331398.54162, -1331398.54162, -1331398.54162, -1331398.54162, -1331398.54162, -1331398.54162, -1331398.54162, -1331398.54162, -1331398.54162, -1331398.54162, -1331398.54162, -1331398.54162, -1331398.54162, -1331398.54162, -1331398.54162, -1331398.54162, -1331398.54162, -1331398.54162], "angle_north": [0, 0, 0, 0, 0, 0, 0, 0, 0, 0, 0, 0, 0, 0, 0, 0, 0, 0, 0, 0, 0, 0, 0],