{"x_mid": [], "x_goal": [0.46856584262926265, -0.47374753924572516, -0.4722701040846008, -0.8084795071533684, 0.3036389152367523], "y_gps": [0.0, 0.0, 0.0, 0.0, 0.0, 0.0, 0.0, 0.0, 0.0, 0.0, 0.0, 0.0, 0.0, 0.0, 0.0, 0.0, 0.0, 0.0], "x_gps": [0.0, 0.0, 0.0, 0.0, 0.0, 0.0, 0.0, 0.0, 0.0, 0.0, 0.0, 0.0, 0.0, 0.0, 0.0, 0.0, 0.0, 0.0], "y": [-0.8021231622056895, -0.8021231622056895, -0.8021231622056895, -0.7948618679900405, -0.7834709271431256, -0.7555602423916915, -0.7318266631521548, -0.707061189163073, -0.6751300368194669, -0.6504091446824816, -0.6236281782007475, -0.5937032304639402, -0.5616576294530344, -0.5358602607144076, -0.501747201573766, -0.47378761949497483, -0.43333183743635945, -0.4042866605737638, -0.3731668282209827, -0.34095497532600916, -0.3139385825753862, -0.2806876376515426, -0.25159306084317945, -0.21626393186159562, -0.18399811231646776, -0.1455517072482736, -0.11636029927118671, -0.08299869015451598, -0.049637081037845254, -0.022530773630550283, 0.0004053326371608462, 0.022334460400055392, 0.04214291581307864, 0.05989506685923137, 0.07246580257194046, 0.08503653828464955, 0.09238082957837589, 0.09973631743882977, 0.10396409659477136, 0.1103728206761816, 0.11682577399826756, 0.1211616235857392, 0.1255310234111888, 0.131032576588273, 0.1332379037622899, 0.13543837315472634, 0.13653195952830557, 0.13761270176961388, 0.13973471070455443, 0.14076804120215736, 0.1417713590001975, 0.14272938040522692, 0.14272938040522692, 0.14356368208177833, 0.14433713164532996, 0.14362957040291396, 0.14300971227861398, 0.14300971227861398, 0.14300971227861398, 0.14263645782190199, 0.14263645782190199, 0.14263645782190199, 0.14263645782190199, 0.1426245657914713, 0.14273574496656835, 0.14251591206674508, 0.14251591206674508, 0.14211060928791677, 0.14305565943487417, 0.14248630441587953, 0.14312141508083803, 0.14312141508083803, 0.14385098690540954, 0.14385098690540954, 0.14464485059264398, 0.14383304337461786, 0.1387956763145439, 0.12741108940778909, 0.1166774564565372, 0.09939647129567875, 0.0746020011072345, 0.05157195642174515, 0.02747215142713064, 0.006218562181342539, -0.019655372552660366, -0.05455129355861894, -0.08026407745774632, -0.10581339197741521, -0.13119693331322196, -0.16101454941508644, -0.18435010161960852, -0.22000599852696923, -0.24221363198011792, -0.274192624152652, -0.2963224548685148, -0.3219022286351149, -0.34387495903323084, -0.37024223551096996, -0.3966095119887091, -0.4255088479827789, -0.4535324465224829, -0.47805309524472395, -0.5078281686931595, -0.534100292324132, -0.5576590330062461, -0.5838354115419284, -0.6160007983405523, -0.6413046309250452, -0.6647766699402572, -0.6916258941947693, -0.7193412224574914, -0.7460896875799228, -0.7788781286977419, -0.8003677278943002, -0.8269128680777065, -0.8543143031057387, -0.880003148444519, -0.9013278088961202, -0.9252114286019135, -0.9447535801453433, -0.9676040028958409, -0.9862228658777279, -0.9997638571372821, -1.0200753440266135, -1.0336163352861676, -1.0446618992020191, -1.0522787067855184, -1.0599256356503386, -1.0668284653593532, -1.0721582973881087, -1.0785661319158824, -1.0842274525358078, -1.0871436271914667, -1.091178700171976, -1.091178700171976, -1.092244607243923, -1.0933279147174586, -1.0944242994026117, -1.0944242994026117, -1.0955218219048568, -1.0955218219048568, -1.0955218219048568, -1.0955218219048568, -1.0955218219048568, -1.0964942078454176, -1.0964942078454176, -1.0964942078454176, -1.0956276741408681, -1.0964642841143504, -1.0956520070291171, -1.0956520070291171, -1.0979461919658748, -1.106063166435721, -1.1152966791615682, -1.1303877145955197, -1.1443583505340342, -1.1591750814211499, -1.176974073629, -1.1940216860112642, -1.205936463952491, -1.2147157740144476, -1.2228119135469304], "x": [0.1338338747216194, 0.1338338747216194, 0.1338338747216194, 0.1364522502754528, 0.1406209706682792, 0.15098591882095375, 0.15992810497070356, 0.1692590818226164, 0.1814633376316233, 0.1909117937418222, 0.2011476211945377, 0.21242255155726572, 0.2243230475844106, 0.2340428151384865, 0.24671108510286652, 0.2569433987943495, 0.271531491165707, 0.2820049933810406, 0.2932266028974695, 0.30466945581598803, 0.3142666872960358, 0.3260786645022485, 0.33641414455768454, 0.3489643703392855, 0.3602541550548372, 0.3739117536995206, 0.38397049357831897, 0.3954661962969456, 0.4069618990155723, 0.4163021574744565, 0.4242054530935123, 0.4316454741689399, 0.4384710476581245, 0.44449392186204206, 0.4486261804901927, 0.45275843911834335, 0.4551340800045095, 0.4574748240233728, 0.4587323307455098, 0.46037640953940284, 0.4618372766980302, 0.46264712119079154, 0.46325026703799177, 0.4636136363341528, 0.46363343513338856, 0.46348580590234406, 0.4633442649974828, 0.46312526455894665, 0.4625244833866876, 0.46213952486041393, 0.4616820116033787, 0.46113597133770906, 0.46113597133770906, 0.4604149264731336, 0.45962896161586014, 0.4604747287661195, 0.46138672706105566, 0.46138672706105566, 0.46138672706105566, 0.46242434264245935, 0.46242434264245935, 0.46242434264245935, 0.46242434264245935, 0.4613216987453469, 0.4624187877003783, 0.461338214481951, 0.461338214481951, 0.46031269283824905, 0.46230536445109555, 0.4613610129029035, 0.4622624558725267, 0.4622624558725267, 0.4630893113236295, 0.4630893113236295, 0.46385465139857507, 0.46310837127356314, 0.4588188873262499, 0.4501074429398735, 0.44236870393429223, 0.43052256907197617, 0.41404007164058193, 0.39888767391196117, 0.38335732528229144, 0.36951787367366673, 0.35266984562838444, 0.3294722566508666, 0.3123792963516429, 0.29504294508590373, 0.27746476608785475, 0.25660581985787556, 0.2399491595489314, 0.21398377893367654, 0.19764979192644097, 0.17412885063602176, 0.15768960772069243, 0.1384984189668773, 0.12184977836190114, 0.10187140963592974, 0.08189304090995833, 0.05977937439069489, 0.038335818978075795, 0.01957270799203409, -0.003211069633873697, -0.023314402833204094, -0.041519462870854965, -0.061747307357133706, -0.08684798375243898, -0.10640156675584175, -0.12471827655782128, -0.14587628938448294, -0.16771681875394012, -0.1890020710060591, -0.21509367054091458, -0.23236142203070692, -0.25389971078551676, -0.27613278304854627, -0.29697628829513645, -0.31444732065632974, -0.33401487690086623, -0.35018119341730786, -0.36926775029970826, -0.3848197596112938, -0.3961303118379014, -0.41309614017781293, -0.4244066924044206, -0.4335441756528441, -0.4399063612803109, -0.4462323112215272, -0.4517252795446547, -0.4556454364263913, -0.4599491488809824, -0.46337320908351715, -0.46493513425321537, -0.4667166015668638, -0.4667166015668638, -0.4669991030680993, -0.46720503971371885, -0.46732296174893334, -0.46732296174893334, -0.46721614723075877, -0.46721614723075877, -0.46721614723075877, -0.46721614723075877, -0.46721614723075877, -0.4666961178404098, -0.4666961178404098, -0.4666961178404098, -0.46737808875115816, -0.4666597234287091, -0.46740549210667315, -0.46740549210667315, -0.4650221330623832, -0.4560084496561753, -0.4450430347038809, -0.42604862231767776, -0.40758076132844445, -0.38699654498497055, -0.36176734713765585, -0.33735797628206765, -0.3201242469724479, -0.3074257095864123, -0.29559563743933925], "y_goal": [0.14019021966929834, 0.4749221875769416, -1.0895701696166498, -0.4673911942980462, -1.720414995018092], "radius": [], "y_mid": []}