{"lon_start": [11.979178333333333], "x_goal": [6397755.613904365], "x_gps": [6397751.938700344, 6397751.943068671, 6397751.9474369995, 6397751.951805331, 6397751.770735223, 6397751.57656012, 6397751.404226681, 6397751.39549001, 6397751.572191792, 6397751.391121679, 6397751.39549001, 6397751.39549001, 6397751.223156583, 6397751.046454829, 6397751.236261615, 6397751.240629964, 6397751.439173462, 6397751.44791018, 6397751.642085349, 6397751.650822088, 6397751.65519046, 6397751.663927214, 6397751.866839184, 6397752.061014406, 6397752.065382801, 6397751.879944362, 6397751.884312759, 6397752.078488, 6397752.078488, 6397751.893049561, 6397751.513435887, 6397751.50906749, 6397751.513435887, 6397751.52217269, 6397751.9061547825, 6397752.281400068], "angle": [0.37298772180006057, 0.25168997175818675, 0.2817718672733521, 0.21018258666216982, 0.0656948015524646, 0.3337021765375503, 0.1516054874382729, 0.2020251564035923, 0.15499674192394047, -0.37941467448929883, -0.40786796797391, -0.43083111152422054, 0.15892703823623927, 0.1687501024203008, 0.1765801890609676, 0.18534794999569468, 0.1980973141206506, 0.24156570709532596, 0.31111265782110065, 0.30205944553312836, 0.570203436318867, 0.5455410944135248, 0.6633090260001502, 0.6549948555083146, 0.6443296090179701, 0.6968054567147138, 0.6760796295095479, 0.6460630160833167, 0.672112827380794, 0.675453700477764, 0.6346517822770265, 0.6747409422235524, 0.6963485807629505, 0.694738276196703, 0.6348433164635373, 0.6657379700381819, 0.5996450270381901, 0.6197178539223276, 0.7140906986121578, 0.6240230529767565, 0.7027466474345991, 0.648005582831852, 0.7005583163021041, 0.6250700163991849, 0.649124292260465, 0.6827699667684104, 0.6644953990947569, 0.7062952740185435, 0.6953000738904078, 0.7216548508647614, 0.7200706937740964, 0.6899792401442872, 0.6700587021931903, 0.7431697612844459, 0.7889823774397408, 0.769651433547579, 0.7717935606196733, 0.7655332271462831, 0.7320138199067131, 0.8063741074314708, 0.8165299704697051, 0.6127568308091789, 0.5798616707798039, 0.6573891047242514, 0.6352216291707344, 0.6521714117570696, 0.6130633189172737, 0.6127568308091789, 0.577508236195185, 0.6067671568834986, 0.6484515634021276, 0.6699715030305234, 0.6226707887570672, 0.687963312105192, 0.6600741769059014, 0.70862627212767, 0.6656727654043982, 0.6610431688506864, 0.6926418432093046, 0.7253201730960609, 0.8198672643969563, 0.8426044005766086, 0.8224182792713781, 0.8090904118678727, 0.8304127791719755, 0.8775062755089557, 0.8862692201187599, 0.8846381832530519], "lon": [11.979178333333333, 11.979178333333333, 11.97918, 11.979181666666667, 11.979183333333333, 11.979185, 11.979181666666667, 11.979186666666667, 11.979183333333333, 11.97918, 11.979181666666667, 11.979183333333333, 11.979183333333333, 11.979188333333333, 11.979191666666667, 11.979193333333333, 11.979195, 11.9792, 11.979203333333333, 11.979206666666666, 11.97921, 11.979211666666666, 11.979215, 11.979221666666668, 11.979225, 11.979226666666667, 11.979226666666667, 11.979228333333333, 11.979231666666667, 11.979231666666667, 11.979231666666667, 11.979228333333333, 11.979226666666667, 11.979228333333333, 11.979231666666667, 11.979236666666667, 11.979238333333333], "covariance": [[182.25, 182.25, 182.25, 182.25, 182.25, 182.25, 182.25, 182.25, 182.25], [182.25, 182.25, 182.25, 182.25, 182.25, 182.25, 182.25, 182.25, 182.25], [182.25, 182.25, 182.25, 182.25, 182.25, 182.25, 182.25, 182.25, 182.25], [182.25, 182.25, 182.25, 182.25, 182.25, 182.25, 182.25, 182.25, 182.25], [182.25, 182.25, 182.25, 182.25, 182.25, 182.25, 182.25, 182.25, 182.25], [182.25, 182.25, 182.25, 182.25, 182.25, 182.25, 182.25, 182.25, 182.25], [182.25, 182.25, 182.25, 182.25, 182.25, 182.25, 182.25, 182.25, 182.25], [182.25, 182.25, 182.25, 182.25, 182.25, 182.25, 182.25, 182.25, 182.25], [182.25, 182.25, 182.25, 182.25, 182.25, 182.25, 182.25, 182.25, 182.25], [182.25, 182.25, 182.25, 182.25, 182.25, 182.25, 182.25, 182.25, 182.25], [182.25, 182.25, 182.25, 182.25, 182.25, 182.25, 182.25, 182.25, 182.25], [182.25, 182.25, 182.25, 182.25, 182.25, 182.25, 182.25, 182.25, 182.25], [182.25, 182.25, 182.25, 182.25, 182.25, 182.25, 182.25, 182.25, 182.25], [182.25, 182.25, 182.25, 182.25, 182.25, 182.25, 182.25, 182.25, 182.25], [182.25, 182.25, 182.25, 182.25, 182.25, 182.25, 182.25, 182.25, 182.25], [182.25, 182.25, 182.25, 182.25, 182.25, 182.25, 182.25, 182.25, 182.25], [182.25, 182.25, 182.25, 182.25, 182.25, 182.25, 182.25, 182.25, 182.25], [182.25, 182.25, 182.25, 182.25, 182.25, 182.25, 182.25, 182.25, 182.25], [182.25, 182.25, 182.25, 182.25, 182.25, 182.25, 182.25, 182.25, 182.25], [182.25, 182.25, 182.25, 182.25, 182.25, 182.25, 182.25, 182.25, 182.25], [182.25, 182.25, 182.25, 182.25, 182.25, 182.25, 182.25, 182.25, 182.25], [182.25, 182.25, 182.25, 182.25, 182.25, 182.25, 182.25, 182.25, 182.25], [182.25, 182.25, 182.25, 182.25, 182.25, 182.25, 182.25, 182.25, 182.25], [182.25, 182.25, 182.25, 182.25, 182.25, 182.25, 182.25, 182.25, 182.25], [182.25, 182.25, 182.25, 182.25, 182.25, 182.25, 182.25, 182.25, 182.25], [182.25, 182.25, 182.25, 182.25, 182.25, 182.25, 182.25, 182.25, 182.25], [182.25, 182.25, 182.25, 182.25, 182.25, 182.25, 182.25, 182.25, 182.25], [182.25, 182.25, 182.25, 182.25, 182.25, 182.25, 182.25, 182.25, 182.25], [144.0, 144.0, 144.0, 144.0, 144.0, 144.0, 144.0, 144.0, 144.0], [225.0, 225.0, 225.0, 225.0, 225.0, 225.0, 225.0, 225.0, 225.0], [182.25, 182.25, 182.25, 182.25, 182.25, 182.25, 182.25, 182.25, 182.25], [182.25, 182.25, 182.25, 182.25, 182.25, 182.25, 182.25, 182.25, 182.25], [182.25, 182.25, 182.25, 182.25, 182.25, 182.25, 182.25, 182.25, 182.25], [182.25, 182.25, 182.25, 182.25, 182.25, 182.25, 182.25, 182.25, 182.25], [182.25, 182.25, 182.25, 182.25, 182.25, 182.25, 182.25, 182.25, 182.25], [182.25, 182.25, 182.25, 182.25, 182.25, 182.25, 182.25, 182.25, 182.25]], "y_mid": [], "lat_start": [57.686861666666665], "lat": [57.686861666666665, 57.686861666666665, 57.686861666666665, 57.686861666666665, 57.686861666666665, 57.68686, 57.68685833333333, 57.686856666666664, 57.686856666666664, 57.68685833333333, 57.686856666666664, 57.686856666666664, 57.686856666666664, 57.686855, 57.68685333333333, 57.686855, 57.686855, 57.686856666666664, 57.686856666666664, 57.68685833333333, 57.68685833333333, 57.68685833333333, 57.68685833333333, 57.68686, 57.686861666666665, 57.686861666666665, 57.68686, 57.68686, 57.686861666666665, 57.686861666666665, 57.68686, 57.686856666666664, 57.686856666666664, 57.686856666666664, 57.686856666666664, 57.68686, 57.686863333333335], "x_mid": [], "radius": [], "y_gps": [-677597.2048983577, -677597.3042146543, -677597.4035309493, -677597.5028472457, -677597.6103198777, -677597.4198436053, -677597.7259488603, -677597.5273162433, -677597.3205273012, -677597.4279999331, -677597.5273162433, -677597.5273162433, -677597.833421516, -677598.0402104983, -677598.1313704561, -677598.2306867689, -677598.5204793318, -677598.7191119476, -677598.9095881683, -677599.1082207758, -677599.2075370788, -677599.406169686, -677599.7952784621, -677599.9857546126, -677600.0850709057, -677600.0932273573, -677600.1925436564, -677600.3830197866, -677600.3830197866, -677600.3911762517, -677600.208856568, -677600.1095402596, -677600.208856568, -677600.4074891815, -677600.6891251472, -677600.7721284777],