{"lon_start": [11.97958], "x_goal": [6397799.232361878], "x_gps": [-6411305.50053, -6411305.50053, -6411305.50053, -6411305.50053, -6411305.50053, -6411305.50053, -6411305.50053, -6411305.50053, -6411305.50053, -6411305.50053, -6411305.50053, -6411305.50053, -6411305.50053, -6411305.50053, -6411305.50053], "angle": [-0.031823903780467844, -0.03657336238664703, -0.022392004629520693, 0.01563108169702188, 0.05366025877333096, 0.10593781294408003, 0.18183928669181726, 0.24356092528517162, 0.30530084101114635, 0.409834625764062, 0.4857223905401472, 0.5759468734203127, 0.6709284308458374, 0.761090465581663, 0.8512768707818732, 0.9604367396269119, 1.0648852280584038, 1.136146907874669, 1.2073385228000226, 1.2501339160283986, 1.2928653356536874, 1.3261313464442752, 1.3498649316494906, 1.3691400009320505, 1.3925780737686657, 1.4116368338045169, 1.4447870872219017, 1.4875916198227328, 1.5065498559074264, 1.5207540554446388, 1.5256695519066694, 1.5254715261668839, 1.5112581844167958, 1.5018537194370623, 1.4968239608901368, 1.4877013194999051, 1.478475126310562, 1.4780226358193462, 1.4732747003054256, 1.4592015138805488, 1.4544109231101567, 1.4543652201211237, 1.4447429083274765, 1.4352912161940554, 1.4257953451662122, 1.4257953451662122, 1.4163467012921522, 1.4068036031105267, 1.3973077320826837, 1.3925597965687628, 1.3831370443638282, 1.3640401951210017, 1.3213742758454756, 1.2881052152624988, 1.2644005733507793, 1.2406624195069145, 1.2170613619099342, 1.1932653262389077, 1.1694068274144747, 1.1505201925458097, 1.1362718149777062, 1.1218939602897338, 1.1172709313219145, 1.117149071969667, 1.1124011364557467, 1.0982197830698919, 1.0934688004572695, 1.0935266831646053, 1.0839180938206963, 1.0744481171360518, 1.0696742872789327, 1.0696742872789327, 1.0601753693287563, 1.0508455293188383, 1.0412399863220827, 1.041176013832593, 0.9937179821636224, 0.9604611093999507, 0.9414297661034795, 0.9177662451766542, 0.8987592718852011, 0.875034825551365, 0.8655389545235219, 0.856043083495679, 0.851349981154335, 0.8465152272218717, 0.8275219614893112, 0.8037731457721492, 0.7800349910512127, 0.7610432489955287, 0.7468222889884177, 0.7325967601337324, 0.7231237366845467, 0.7135547546299927, 0.7136050180780463, 0.7088784068138804, 0.6993612115362827, 0.6945218877958588, 0.6946909592096805, 0.6898150770603879, 0.6803892704339337, 0.6756002097169236, 0.6756215339666778, 0.6755392849595231, 0.6708735984527572, 0.6566297919109939, 0.6328901143413889, 0.5995951627633165, 0.5806491156421829, 0.56638855465176, 0.537931404062966, 0.528435533035123, 0.5189000600704551, 0.5046501616654244, 0.4904185400009108, 0.48091962249391773, 0.4761579789339357, 0.4761945343359153, 0.4666666775540541, 0.4571555751512617, 0.45245485676630864, 0.45243505588954064, 0.44293918486169764, 0.4334768227566967, 0.428728887242776, 0.42392611933578617, 0.4144485259950031, 0.4144607109279358, 0.4097371451870918, 0.400224519710586, 0.3954430751972746, 0.3954933386453282, 0.39549333864532826], "lon": [11.97958, -0.0, -0.0, -0.0, -0.0, -0.0, -0.0, -0.0, -0.0, -0.0, -0.0, -0.0, -0.0, -0.0, -0.0, -0.0], "covariance": [[0.0, 0.0, 0.0, 0.0, 0.0, 0.0, 0.0, 0.0, 0.0], [0.0, 0.0, 0.0, 0.0, 0.0, 0.0, 0.0, 0.0, 0.0], [0.0, 0.0, 0.0, 0.0, 0.0, 0.0, 0.0, 0.0, 0.0], [0.0, 0.0, 0.0, 0.0, 0.0, 0.0, 0.0, 0.0, 0.0], [0.0, 0.0, 0.0, 0.0, 0.0, 0.0, 0.0, 0.0, 0.0], [0.0, 0.0, 0.0, 0.0, 0.0, 0.0, 0.0, 0.0, 0.0], [0.0, 0.0, 0.0, 0.0, 0.0, 0.0, 0.0, 0.0, 0.0], [0.0, 0.0, 0.0, 0.0, 0.0, 0.0, 0.0, 0.0, 0.0], [0.0, 0.0, 0.0, 0.0, 0.0, 0.0, 0.0, 0.0, 0.0], [0.0, 0.0, 0.0, 0.0, 0.0, 0.0, 0.0, 0.0, 0.0], [0.0, 0.0, 0.0, 0.0, 0.0, 0.0, 0.0, 0.0, 0.0], [0.0, 0.0, 0.0, 0.0, 0.0, 0.0, 0.0, 0.0, 0.0], [0.0, 0.0, 0.0, 0.0, 0.0, 0.0, 0.0, 0.0, 0.0], [0.0, 0.0, 0.0, 0.0, 0.0, 0.0, 0.0, 0.0, 0.0], [0.0, 0.0, 0.0, 0.0, 0.0, 0.0, 0.0, 0.0, 0.0]], "y_mid": [], "lat_start": [57.68727], "lat": [57.68727, -0.0, -0.0, -0.0, -0.0, -0.0, -0.0, -0.0, -0.0, -0.0, -0.0, -0.0, -0.0, -0.0, -0.0, -0.0], "x_mid": [], "radius": [], "y_gps": [-1331398.54162, -1331398.54162, -1331398.54162, -1331398.54162, -1331398.54162, -1331398.54162, -1331398.54162, -1331398.54162, -1331398.54162, -1331398.54162, -1331398.54162, -1331398.54162, -1331398.54162, -1331398.54162, -1331398.54162], "angle_north": [1.5707963267948966, 1.5707963267948966, 1.5707963267948966, 1.5707963267948966, 1.5707963267948966, 1.5707963267948966, 1.5707963267948966, 1.5707963267948966, 1.5707963267948966, 1.5707963267948966, 1.5707963267948966, 1.5707963267948966, 1.5707963267948966, 1.5707963267948966, 1.5707963267948966], "y": [-677617.056664225, -677617.0555622542, -677617.054459821, -677617.0456392382, -677617.0390325068, -677617.0357429046, -677617.0335738487, -677617.0282230366, -677617.0250678733, -677617.0250678733, -677617.0250678733, -677617.0259927084, -677617.0259927084, -677617.0283880831, -677617.0305681685, -677617.0324640949, -677617.0335327204, -677617.0330684028, -677617.0318924974, -677617.0308497541, -677617.0299420765, -677617.0291406084, -677617.0284155532, -677617.0284155532, -677617.0286110571, -677617.0282613385, -677617.0270140828, -677617.0256382076, -677617.0243630883, -677617.0234253856, -677617.0232755975, -677617.0232755975, -677617.0230787543, -677617.0229266265, -677617.0228453403, -677617.0226618904, -677617.0224575792, -677617.0224575792, -677617.0223502116, -677617.021981247, -677617.0218530572, -677617.0218530572, -677617.0218530572, -677617.0212571943, -677617.0215758624, -677617.0215758624, -677617.0212364865, -677617.0208764332, -677617.0212571312, -677617.0210616274, -677617.0206500271, -677617.0206500271, -677617.0176554684, -677617.0130416121, -677617.0060561663, -677616.9992636153, -677616.992002507, -677616.9883430245, -677616.9861888967, -677616.9843887985, -677616.9829958455, -677616.9815602959, -677616.9810770679, -677616.9810770679, -677616.9805891392, -677616.9790832467, -677616.9785766264, -677616.9785766264, -677616.9775448308, -677616.9764945728, -677616.9770242997, -677616.9770242997, -677616.9759465264, -677616.9748505307, -677616.9759646499, -677616.9759646499, -677616.9675422657, -677616.955534732, -677616.943852332, -677616.9391623264, -677616.936416277, -677616.9328822625, -677616.931452646, -677616.9300071478, -677616.9292804527, -677616.9285498279, -677616.9195956936, -677616.901995172, -677616.8933725907, -677616.8901787577, -677616.8877511278, -677616.8852917355, -677616.8836382084, -677616.8819708982, -677616.8819708982, -677616.8811338255, -677616.8794461231, -677616.8785989111, -677616.8785989111, -677616.8777483574, -677616.8760339986, -677616.8751735352, -677616.8751735352, -677616.8751735352, -677616.8743098073, -677616.8716895941, -677616.8672439086, -677616.8535891201, -677616.833305707, -677616.815626285, -677616.8042626092, -677616.7985488378, -677616.7928036482, -677616.7899079757, -677616.7869898132, -677616.785034595, -677616.7840545749, -677616.7840545749, -677616.7820850229, -677616.7801061367, -677616.7791143934, -677616.7791143934, -677616.7771218409, -677616.7751204019, -677616.7761233092, -677616.7751182367, -677616.7730995668, -677616.7730995668, -677616.7741109988, -677616.7720798834, -677616.7710622972, -677616.7710622972, -677616.7710622972],