{"x_mid": [], "x_goal": [-0.9999999874549186], "y_gps": [], "x_gps": [], "y": [5.235566913546264e-06, 5.235566913546264e-06, 5.235566913546264e-06, 5.235566913546264e-06, 5.235566913546264e-06, 5.235566913546264e-06, 5.235566913546264e-06, 5.235566913546264e-06, 5.235566913546264e-06, 5.235566913546264e-06, 5.235566913546264e-06, 5.235566913546264e-06, 5.235566913546264e-06, 5.235566913546264e-06, 5.235566913546264e-06, 5.235566913546264e-06, 5.235566913546264e-06, 5.235566913546264e-06, 5.235566913546264e-06, 5.235566913546264e-06, 5.235566913546264e-06, 5.235566913546264e-06, 5.235566913546264e-06, 5.235566913546264e-06, 5.235566913546264e-06, 5.235566913546264e-06, 5.235566913546264e-06, 5.235566913546264e-06, 5.235566913546264e-06, 5.235566913546264e-06, 5.235566913546264e-06, 5.235566913546264e-06, 5.235566913546264e-06, 5.235566913546264e-06, 5.235566913546264e-06, 5.235566913546264e-06, 5.235566913546264e-06, 5.235566913546264e-06, 5.235566913546264e-06, 5.235566913546264e-06, 5.235566913546264e-06, 5.235566913546264e-06, 5.235566913546264e-06, 5.235566913546264e-06, 5.235566913546264e-06, 5.235566913546264e-06, 5.235566913546264e-06, 5.235566913546264e-06, 5.235566913546264e-06, 5.235566913546264e-06, 5.235566913546264e-06, 5.235566913546264e-06, 5.235566913546264e-06, 5.235566913546264e-06, 5.235566913546264e-06, 5.235566913546264e-06, 5.235566913546264e-06, 5.235566913546264e-06, 5.235566913546264e-06, 5.235566913546264e-06, 5.235566913546264e-06, 5.235566913546264e-06, 5.235566913546264e-06, 5.235566913546264e-06, 5.235566913546264e-06, 5.235566913546264e-06, 5.235566913546264e-06, 5.235566913546264e-06, 5.235566913546264e-06, 5.235566913546264e-06, 5.235566913546264e-06], "x": [1.242909039122879e-08, 1.242909039122879e-08, 1.242909039122879e-08, 1.242909039122879e-08, 1.242909039122879e-08, 1.242909039122879e-08, 1.242909039122879e-08, 1.242909039122879e-08, 1.242909039122879e-08, 1.242909039122879e-08, 1.242909039122879e-08, 1.242909039122879e-08, 1.242909039122879e-08, 1.242909039122879e-08, 1.242909039122879e-08, 1.242909039122879e-08, 1.242909039122879e-08, 1.242909039122879e-08, 1.242909039122879e-08, 1.242909039122879e-08, 1.242909039122879e-08, 1.242909039122879e-08, 1.242909039122879e-08, 1.242909039122879e-08, 1.242909039122879e-08, 1.242909039122879e-08, 1.242909039122879e-08, 1.242909039122879e-08, 1.242909039122879e-08, 1.242909039122879e-08, 1.242909039122879e-08, 1.242909039122879e-08, 1.242909039122879e-08, 1.242909039122879e-08, 1.242909039122879e-08, 1.242909039122879e-08, 1.242909039122879e-08, 1.242909039122879e-08, 1.242909039122879e-08, 1.242909039122879e-08, 1.242909039122879e-08, 1.242909039122879e-08, 1.242909039122879e-08, 1.242909039122879e-08, 1.242909039122879e-08, 1.242909039122879e-08, 1.242909039122879e-08, 1.242909039122879e-08, 1.242909039122879e-08, 1.242909039122879e-08, 1.242909039122879e-08, 1.242909039122879e-08, 1.242909039122879e-08, 1.242909039122879e-08, 1.242909039122879e-08, 1.242909039122879e-08, 1.242909039122879e-08, 1.242909039122879e-08, 1.242909039122879e-08, 1.242909039122879e-08, 1.242909039122879e-08, 1.242909039122879e-08, 1.242909039122879e-08, 1.242909039122879e-08, 1.242909039122879e-08, 1.242909039122879e-08, 1.242909039122879e-08, 1.242909039122879e-08, 1.242909039122879e-08, 1.242909039122879e-08, 1.242909039122879e-08], "y_goal": [-9.995390468849943e-06], "radius": [], "y_mid": []}