{"x_mid": [2.2471644782301547], "x_goal": [1.3729126236279754], "y_gps": [0.0, 0.0, 0.0, 0.0, 0.0, 0.0, 0.0, 0.0, 0.0, 0.0, 0.0, 0.0, 0.0, 0.0], "x_gps": [0.0, 0.0, 0.0, 0.0, 0.0, 0.0, 0.0, 0.0, 0.0, 0.0, 0.0, 0.0, 0.0, 0.0], "y": [0.7382123647738681, 0.7382123647738681, 0.7410813677897453, 0.7485597439739949, 0.761921831016427, 0.7737611792289163, 0.7827224919351068, 0.7867781276761712, 0.7884144958159016, 0.7900648302461669, 0.7925917248188383, 0.7960143714625826, 0.7986492783302294, 0.7995431599832503, 0.8004521172568042, 0.8023048595273096, 0.803245168549444, 0.8041935864385652, 0.8070468209349555, 0.8154349053802793, 0.8253346065389123, 0.8365010149481777, 0.8472732169678049, 0.8530005054568616, 0.8571089299771537, 0.8596051578401698, 0.8612829771692022, 0.8638300317820314, 0.8655413551039036, 0.8672787881336002, 0.8699136950012469, 0.8725768246152539, 0.8725768246152539, 0.8734857818888078, 0.8744035391917024, 0.8780745684032811, 0.8808191020861071, 0.887076273657254, 0.8956985532754849, 0.903248740256131, 0.9082411959821632, 0.9107680905548347, 0.9124661269633875, 0.9141774502852597, 0.9150364047782801, 0.9167673687653816, 0.9185112316709821, 0.9202678362494133, 0.9220370241060787, 0.923806211962744, 0.9298872275666819, 0.937437414547328, 0.9471709403258826, 0.9550661415374089, 0.9574456403309752, 0.9590464499885492, 0.9606615924282228, 0.9639483320444565, 0.9664445599074727, 0.9681358953663998, 0.9707028803492079, 0.9715618348422284, 0.9741288198250365, 0.9783571584723542, 0.9833496141983864, 0.9891500306704933, 0.9908072925196668, 0.9908072925196668, 0.9908072925196668, 0.9916393684740056, 0.993317187803038, 0.9967265859622374, 0.9984444949482782, 1.0010114799310865, 1.0068838475827002, 1.0125865011230033, 1.022754769920834, 1.0281519385627436, 1.0304762137486296, 1.0320405627944498, 1.033619603036755, 1.035213192092083, 1.036821186265092, 1.0376287574849288, 1.0376287574849288, 1.0392721272930456, 1.0409154971011625, 1.04417415626705, 1.0497007971151182, 1.0558389763713378, 1.0618557248100833, 1.0626116387242939, 1.0641386455759885, 1.0656806937593912, 1.0672376442266465, 1.0696062045901042, 1.0711997936454323, 1.0728077878184412, 1.0736224526099132, 1.0760558340545519, 1.0800578581984865, 1.085533079858857, 1.0915498282976022, 1.098073758996043, 1.1030084216943736, 1.1065532708616388, 1.1079871865325328, 1.109436948909964, 1.11090242726757, 1.1131356334464224, 1.1131356334464224, 1.113891547360633, 1.1154185542123276, 1.1154185542123276, 1.1162080743334801, 1.1193661548180907, 1.1255642219804536, 1.1337100640490736, 1.1413756141534164, 1.1473131385599786, 1.1531367935601482, 1.154447838148728, 1.1557756635522385, 1.1571201500394823, 1.1591740255396663, 1.161264630113578, 1.1633915396139372, 1.1648254552848312, 1.167011910480574, 1.1677601667217181, 1.1677601667217181, 1.1722033533046017, 1.1751028780594641, 1.175823805697427, 1.175823805697427, 1.175823805697427], "x": [2.732637129081518, 2.732637129081518, 2.7309901601829254, 2.7263108815379433, 2.71656168919593, 2.7066541682743304, 2.6984794121511575, 2.6947443159888773, 2.6932657493694165, 2.6918027879190736, 2.689667726168995, 2.6868854735385352, 2.6848852358884367, 2.684239526530738, 2.6836152175855186, 2.6824188873568646, 2.6818428804757257, 2.6812803251523825, 2.67960618723493, 2.6743021130404534, 2.6672929989693857, 2.6583035937848436, 2.648845383278478, 2.6436704001103655, 2.639993448578629, 2.6378226120315933, 2.6363912552500626, 2.6342802844645448, 2.632889158149315, 2.631530781763983, 2.6295305441138845, 2.62756803920509, 2.62756803920509, 2.6269437302598706, 2.62633243121913, 2.623887235056167, 2.6220402862962175, 2.617520320792327, 2.610646254120571, 2.6042051486036835, 2.599863475509612, 2.597728413759534, 2.596321099902522, 2.594929973587292, 2.594238480880789, 2.5928718706173024, 2.5915217587317985, 2.590188266965066, 2.588871515559243, 2.58755476415342, 2.5828004468047574, 2.57635934128787, 2.567395110498398, 2.5596969096532507, 2.5573987211602285, 2.5558817279574995, 2.554380004002682, 2.5514384427772927, 2.549267606230257, 2.5478522460986, 2.545765556625755, 2.5450740639192517, 2.542987374446407, 2.539448974117264, 2.5351073010231926, 2.530014418442842, 2.5285593091341707, 2.5285593091341707, 2.5285593091341707, 2.5278356969518256, 2.526404340170295, 2.5236058684552902, 2.522222883042284, 2.520136193569439, 2.515126444834082, 2.509924327301154, 2.4998196555108656, 2.4943012449717776, 2.4919472208176283, 2.4903926559268146, 2.488853015757785, 2.4873284391412627, 2.485819063549676, 2.485068201572267, 2.485068201572267, 2.483597420959572, 2.4821266403468774, 2.479154001756633, 2.47376526116503, 2.4674292912780236, 2.460977896295898, 2.4601750518909666, 2.4585837913806206, 2.457007102655167, 2.4554451278860294, 2.4531356676324854, 2.451611091015963, 2.4501017154243763, 2.449358555776815, 2.447117498079447, 2.443325015072624, 2.437884037954776, 2.4314326429726507, 2.4239539069855778, 2.4180183035385108, 2.413795369844144, 2.412119736893384, 2.4104577955629236, 2.4088096957114895, 2.4063691066389947, 2.4063691066389947, 2.4055662622340632, 2.403975001723717, 2.403975001723717, 2.4032051816392026, 2.4001259013011436, 2.3938485035567454, 2.3848608998669634, 2.3754603092105584, 2.3675080159787996, 2.359471959348748, 2.357698538354268, 2.3559376466384885, 2.3541894429825816, 2.351596128445587, 2.34903233099384, 2.34649857077722, 2.3448229378264602, 2.342340378958064, 2.3415303927965674, 2.3415303927965674, 2.3366280635112315, 2.3333041808503103, 2.3324697778750947, 2.3324697778750947, 2.3324697778750947], "y_goal": [1.1269915685246843], "radius": [1], "y_mid": [1.6124642193760477]}