{"x_mid": [], "x_goal": [1.9778641832664325], "y_gps": [0.0, 0.0, 0.0, 0.0], "x_gps": [0.0, 0.0, 0.0, 0.0], "y": [0.014674447955140306, 0.014674447955140306, 0.014674447955140306, 0.014779153392261253, 0.01501474682193499, 0.015297458937543473, 0.01564299596773162, 0.015988532997919767, 0.016250308392982183, 0.016674376566394908, 0.01714556342574238, 0.01755392537051019, 0.017930874857988166, 0.01843347417462547, 0.01893607349126277, 0.01934443543603058, 0.019951726971332077, 0.020470032516614296, 0.020972631833251598, 0.021600880979048227, 0.022124408164652967, 0.022579888795355524, 0.02318718033065702, 0.023642660961359578, 0.024051022906127387, 0.024658314441428884, 0.02532842923900295, 0.025914779686880256, 0.026778570333225876, 0.027218344735283517, 0.027699989746039877, 0.028160693669372048, 0.02852193692820511, 0.028804649043813593, 0.029118773616711908, 0.02937007327503056, 0.029548080543673003], "x": [0.9779658850578445, 0.9779658850578445, 0.9779658850578445, 0.9834784308741725, 1.000017373318809, 1.0198641042523726, 1.0441212198378393, 1.068378335423306, 1.0959447930989759, 1.1257148894993214, 1.1587927743885942, 1.187460274625964, 1.2139225825373823, 1.2492056597526067, 1.284488736967831, 1.3131562372052008, 1.3451290029399032, 1.3815146763181034, 1.4167977535333278, 1.4609016000523583, 1.4884643291339983, 1.5204396178602955, 1.552412383594998, 1.584387672321295, 1.6130551725586648, 1.6450279382933672, 1.6803082315178663, 1.711178488089303, 1.7475575993146013, 1.7784302918779227, 1.8037880026330315, 1.8280432042248747, 1.8534029159733172, 1.873249646906881, 1.8953015701663962, 1.9129431087740083, 1.9316882999934637], "y_goal": [0.02893604813077308], "radius": [], "y_mid": []}