{"lat_start": [57.68101333333333], "x_gps": [6397110.507051807, 6397110.317239816, 6397110.317239816, 6397109.937615839, 6397109.5536179505, 6397109.359432053, 6397109.165246167, 6397108.971060291, 6397108.776874425, 6397108.763752731, 6397110.7747813, 6397110.804528926, 6397110.685548915, 6397110.774786521, 6397110.655806493, 6397110.685554059, 6397110.56657401, 6397110.4475939525], "y_goal": [-677837.0285341092], "x_ordometry": [6397121.617563238, 6397121.617563238, 6397121.624178816, 6397121.637409969, 6397121.652846316, 6397121.668282662, 6397121.688129392, 6397121.709077067, 6397121.730026394, 6397121.755387535, 6397121.776336862, 6397121.799492687, 6397121.823751169, 6397121.848009652, 6397121.870062819, 6397121.892115984, 6397121.913067201, 6397121.9351211125, 6397121.953866304, 6397121.97591947, 6397121.996868797, 6397122.020024622, 6397122.042077787, 6397122.0674375, 6397122.091694615, 6397122.111541346, 6397122.135798462, 6397122.156748969, 6397122.1765968185, 6397122.200855302, 6397122.219599436, 6397122.242755261, 6397122.261499396, 6397122.28465522, 6397122.304503069, 6397122.327657589, 6397122.348605263, 6397122.371759783, 6397122.391606513, 6397122.415863629, 6397122.43571036, 6397122.458863053, 6397122.486427956, 6397122.507378465, 6397122.529431631, 6397122.54927948, 6397122.5713326465, 6397122.588975179, 6397122.611028345, 6397122.633081512, 6397122.654030838, 6397122.678287954, 6397122.700339877, 6397122.724596993, 6397122.746648916, 6397122.774215374, 6397122.795164701, 6397122.8172166245, 6397122.835961815, 6397122.858014981, 6397122.880068148, 6397122.903222667, 6397122.923069398, 6397122.947326514, 6397122.971583629, 6397122.993635552, 6397123.016791377, 6397123.0410498595, 6397123.066411858, 6397123.088463781, 6397123.110515704, 6397123.129260896, 6397123.151314062, 6397123.172263389, 6397123.193213897, 6397123.213061746, 6397123.236216266, 6397123.254961457, 6397123.277014623, 6397123.29906779, 6397123.321120956, 6397123.343174122, 6397123.372944218, 6397123.390585757, 6397123.411536264, 6397123.434690784, 6397123.457846609, 6397123.485413998, 6397123.503057128, 6397123.52511104, 6397123.548266864, 6397123.572525347, 6397123.591269482, 6397123.614425306, 6397123.6364784725, 6397123.656326322, 6397123.676174171, 6397123.698227338, 6397123.721381857, 6397123.742332364, 6397123.767692077, 6397123.788642584, 6397123.811797104, 6397123.834952928, 6397123.86031264, 6397123.883465332, 6397123.907720534, 6397123.9275656985, 6397123.950720218, 6397123.974977334, 6397123.998130026, 6397124.021284546, 6397124.043336469, 6397124.06869418, 6397124.090744363, 6397124.113898883, 6397124.135950806, 6397124.158002729, 6397124.1800546525, 6397124.204311768, 6397124.224158498, 6397124.245109007, 6397124.263853141, 6397124.285905065, 6397124.307956988, 6397124.332214103, 6397124.356471219, 6397124.378523142, 6397124.398369873, 6397124.419317547, 6397124.440266875, 6397124.461214549, 6397124.4865742605, 6397124.506420991, 6397124.526267722, 6397124.546114453, 6397124.572576761, 6397124.591319417, 6397124.611164582, 6397124.634319101, 6397124.661881831, 6397124.682831157, 6397124.703778831, 6397124.724728159, 6397124.746780082, 6397124.765522738, 6397124.78978122, 6397124.811834387, 6397124.834988906, 6397124.854835637, 6397124.879092752, 6397124.898939484, 6397124.920991407, 6397124.9386329455, 6397124.959580619, 6397124.982735138, 6397125.004787062, 6397125.026838985, 6397125.047789493, 6397125.077559589], "x_goal": [6397141.615558638], "lon": [11.982713333333333, 11.982713333333333, 11.982711666666667, 11.982711666666667, 11.982708333333333, 11.982703333333333, 11.9827, 11.982696666666667, 11.982693333333334, 11.98269, 11.982685, 11.982683333333334, 11.98268, 11.982676666666666, 11.982675, 11.982671666666667, 11.982668333333333, 11.982665, 11.982661666666667], "k2": -0.00625, "k1": -0.828125, "m1": 4619770.527093743, "y_gps": [-677836.5081872989, -677836.4170205853, -677836.4170205853, -677836.2346871287, -677835.9530214319, -677835.7625224581, -677835.5720234656, -677835.3815244546, -677835.1910254247, -677834.8930287587, -677838.94173621, -677839.2121305766, -677839.3714662154, -677839.5621927711, -677839.721528409, -677839.991922793, -677840.1512584253, -677840.3105940522], "m2": -637854.7405003725, "y_ordometry": [-677836.7453733857, -677836.7453733857, -677836.7454676231, -677836.7456560978, -677836.745875985, -677836.7460958723, -677836.7463785843, -677836.746776465, -677836.7470748833, -677836.7473157167, -677836.747614135, -677836.7478340263, -677836.7480643888, -677836.748294751, -677836.7485041714, -677836.7487135917, -677836.7488130674, -677836.7489177788, -677836.749095786, -677836.7493052064, -677836.7496036247, -677836.7498235161, -677836.7500329363, -677836.7503941796, -677836.7507397167, -677836.7510224287, -677836.7513679658, -677836.7515669151, -677836.7517553933, -677836.7519857557, -677836.7522527616, -677836.7524726529, -677836.7527396588, -677836.7529595502, -677836.7531480285, -677836.7534778593, -677836.75387574, -677836.7542055708, -677836.7544882828, -677836.7548338199, -677836.755116532, -677836.7555562948, -677836.7559489505, -677836.7561478999, -677836.7563573201, -677836.7565457985, -677836.7567552187, -677836.756922755, -677836.7571321754, -677836.7573415956, -677836.7576400139, -677836.757985551, -677836.7582996757, -677836.7586452126, -677836.7589593373, -677836.7592211126, -677836.7595195309, -677836.7598336556, -677836.7600116627, -677836.7602210831, -677836.7604305034, -677836.7607603342, -677836.7610430464, -677836.7613885833, -677836.7617341204, -677836.762048245, -677836.7622681363, -677836.7624984987, -677836.7626189167, -677836.7629330412, -677836.7632471658, -677836.7634251731, -677836.7636345935, -677836.7639330118, -677836.764131961, -677836.7643204393, -677836.7646502701, -677836.7648282774, -677836.7650376977, -677836.7652471181, -677836.7654565384, -677836.7656659586, -677836.7660900268, -677836.7663413265, -677836.7665402758, -677836.7668701066, -677836.7670899979, -677836.7672208871, -677836.7673046562, -677836.7674093675, -677836.7676292588, -677836.7678596212, -677836.7681266271, -677836.7683465184, -677836.7685559387, -677836.768744417, -677836.7689328953, -677836.7691423156, -677836.7694721464, -677836.7696710958, -677836.770032339, -677836.7702312883, -677836.7705611191, -677836.7707810104, -677836.7711422537, -677836.7715820165, -677836.7720427205, -677836.77241966, -677836.7727494908, -677836.7730950279, -677836.7735347907, -677836.7738646215, -677836.774178746, -677836.774660391, -677836.7750792128, -677836.7754090437, -677836.7757231682, -677836.7760372928, -677836.7763514173, -677836.7766969544, -677836.7769796664, -677836.7771786158, -677836.7774456217, -677836.7777597462, -677836.7780738708, -677836.7784194078, -677836.7787649449, -677836.7790790694, -677836.7793617815, -677836.7797596622, -677836.7800580806, -677836.7804559612, -677836.7808172045, -677836.7810999166, -677836.7813826287, -677836.7816653409, -677836.7820422903, -677836.7823982888, -677836.7827752284, -677836.7831050592, -677836.7836285863, -677836.7839270047, -677836.7843248853, -677836.7846233037, -677836.7849374283, -677836.7852934267, -677836.7855237891, -677836.7857332095, -677836.7860630403, -677836.7863457523, -677836.7866912894, -677836.7869740014, -677836.7872881261, -677836.7875394258, -677836.7879373063, -677836.7882671371, -677836.7885812618, -677836.7888953864, -677836.7890943356, -677836.7895184038],