{"x_mid": [], "x_goal": [0.05148198249801417, 0.03171053877147125, 0.022169550579676754, -0.009163709969535139], "y_gps": [0.0, 0.0, 0.0, 0.0, 0.0, 0.0, 0.0, 0.0, 0.0, 0.0, 0.0, 0.0, 0.0, 0.0, 0.0, 0.0, 0.0, 0.0], "x_gps": [0.0, 0.0, 0.0, 0.0, 0.0, 0.0, 0.0, 0.0, 0.0, 0.0, 0.0, 0.0, 0.0, 0.0, 0.0, 0.0, 0.0, 0.0], "y": [0.00891576786062168, 0.00891576786062168, 0.00891576786062168, 0.00891576786062168, 0.00891576786062168, 0.00891576786062168, 0.00891576786062168, 0.00891576786062168, 0.00891576786062168, 0.00891576786062168, 0.00891576786062168, 0.011116199990807334, 0.011116199990807334, 0.011116199990807334, 0.011116199990807334, 0.013207126953163832, 0.013207126953163832, 0.01418506454474193, 0.013245862352533529, 0.014135419560172745, 0.014135419560172745, 0.014135419560172745, 0.014135419560172745, 0.014135419560172745, 0.014135419560172745, 0.014135419560172745, 0.013792135733824611, 0.014039618829987976, 0.014189288547982161, 0.014128191706293028, 0.014089851434891798, 0.014227317018411307, 0.014227317018411307, 0.013890762105499372, 0.014320549798209192, 0.014320549798209192, 0.013719895946745733, 0.013719895946745733, 0.01298229888790406, 0.01298229888790406, 0.01298229888790406, 0.012052408383500206, 0.012052408383500206, 0.011041425981742448, 0.01207764373983184, 0.011020137101492859, 0.011020137101492859, 0.00993677778045509, 0.008845621773587022, 0.008845621773587022, 0.008845621773587022, 0.007745903606316479, 3.6561868616237156e-05, -0.01319589511660242, -0.03082807799286629, -0.05394426188144626, -0.07594627406888094, -0.09902337479205203, -0.125375174307643, -0.1560904666870731, -0.19446548761044707, -0.2240838052620404, -0.2570235546565291, -0.28557133746508595, -0.3163408050959807, -0.3460227518249603, -0.37902577010611227, -0.4120488899469408, -0.4439798755546479, -0.47262120554871284, -0.5045737808511388, -0.5387361351739001, -0.5740108191747425, -0.603777180442015, -0.6423666727071384, -0.6710363670112255, -0.7030148142883028, -0.7305824330075084, -0.7614560594418373, -0.7923296858761661, -0.8209935121626281, -0.848551768366793, -0.8694932033672346, -0.8926353395424027, -0.9113660642748129, -0.9256866478507172, -0.9377950344971142, -0.9465957629300429, -0.9498949174318545, -0.9498949174318545, -0.9520908750408948, -0.9586507518845794, -0.9640723698068115, -0.9672820398385339, -0.9704361849940998, -0.9714573345438713, -0.9743958432870649, -0.9753143107632909, -0.9753143107632909, -0.9761119911102563, -0.9746367969925729, -0.9753059021138616, -0.9758933233857287, -0.9758933233857287, -0.9758933233857287, -0.9758933233857287, -0.9756680905340297, -0.9756680905340297, -0.9756680905340297, -0.9756680905340297, -0.9756680905340297, -0.9759359358741901, -0.9759359358741901, -0.9759359358741901, -0.9759359358741901, -0.9765598880679661, -0.9758565643750406, -0.9758565643750406, -0.9758565643750406, -0.9767789272937942, -0.9758108420107149, -0.9758108420107149, -0.9768422348590715, -0.9768422348590715, -0.9757744681933839, -0.9779293766639596, -0.9779293766639596, -0.9768411423755085, -0.9768411423755085, -0.9757475916952137, -0.9702702932637913, -0.9592756642058881, -0.9405473625350874, -0.9207008552712307, -0.8986468692722329, -0.8721842788374226, -0.840211054775313, -0.8093470895123475, -0.7729769000883625, -0.7465258532345552, -0.716764172445267, -0.6836956382349468, -0.6462097893345425, -0.6131298079550203, -0.5833569268563733, -0.5546869547791378, -0.5227101072805097, -0.4940452969599465, -0.4609782144765165, -0.4334264520026709, -0.40257983748605813, -0.3684356717132593, -0.3387043578886755, -0.30126492566512547, -0.27043245206926075, -0.23299301984571075, -0.19886604932073687, -0.16254771960796696, -0.13724275011083195, -0.10863713241841845, -0.08554024288929539, -0.06355926000499797, -0.04488287968701478, -0.029502331189852155, -0.016330420245112748, -0.005353827791163241], "x": [0.03171053877147125, 0.03171053877147125, 0.03171053877147125, 0.03171053877147125, 0.03171053877147125, 0.03171053877147125, 0.03171053877147125, 0.03171053877147125, 0.03171053877147125, 0.03171053877147125, 0.03171053877147125, 0.03156235517806397, 0.03156235517806397, 0.03156235517806397, 0.03156235517806397, 0.030861010487487996, 0.030861010487487996, 0.030351497925125155, 0.030929307778258565, 0.030277653760727608, 0.030277653760727608, 0.030277653760727608, 0.030277653760727608, 0.030277653760727608, 0.030277653760727608, 0.030277653760727608, 0.03132556654278292, 0.0302509889042009, 0.029158485375720255, 0.030259499526475244, 0.029157458235136303, 0.03025156435319559, 0.03025156435319559, 0.02920147113122815, 0.03021697471242434, 0.03021697471242434, 0.029292215319420282, 0.029292215319420282, 0.02847251076104865, 0.02847251076104865, 0.02847251076104865, 0.027879831561104313, 0.027879831561104313, 0.02743951398529881, 0.02781663166195599, 0.027504150151949232, 0.027504150151949232, 0.027298486431892182, 0.02713928984617863, 0.02713928984617863, 0.02713928984617863, 0.027058142222663003, 0.026673000432562575, 0.026640753525068544, 0.02726778062187475, 0.02863985950937176, 0.030155594774786958, 0.03207600625589586, 0.034521102001448506, 0.03766551954372623, 0.04177828926847731, 0.044810406184245144, 0.047866775866185984, 0.05051562959053471, 0.05307617823201327, 0.05540437751033738, 0.057677980408460235, 0.05963809310488459, 0.061381282668703206, 0.06267223019227162, 0.0639604395222352, 0.06517530452229725, 0.06609444133979493, 0.06672864194511444, 0.06736754130980081, 0.06756992176274039, 0.06764382360432916, 0.06757664254704994, 0.06720821558336446, 0.06683978861967897, 0.06622546626369269, 0.06550391922603528, 0.06485610796627632, 0.06403021978126999, 0.06327270315418428, 0.0626254254858504, 0.06190519225082561, 0.0612977895504885, 0.061054346679941605, 0.061054346679941605, 0.06085031208433051, 0.059988479601844315, 0.05898589109651964, 0.05818482733781657, 0.057187303806432936, 0.05677110844217634, 0.05525161799330233, 0.05464138649678479, 0.05464138649678479, 0.05388002518420558, 0.05551943430094884, 0.054642927985573755, 0.05370970709340232, 0.05370970709340232, 0.05370970709340232, 0.05370970709340232, 0.05478916767477743, 0.05478916767477743, 0.05478916767477743, 0.05478916767477743, 0.05478916767477743, 0.05585885167390121, 0.05585885167390121, 0.05585885167390121, 0.05585885167390121, 0.05676805387589437, 0.05591875959992353, 0.05591875959992353, 0.05591875959992353, 0.05652308701973454, 0.05599509471968442, 0.05599509471968442, 0.056385214927551115, 0.056385214927551115, 0.05610982550895749, 0.056579111584128206, 0.056579111584128206, 0.05640103542719987, 0.05640103542719987, 0.05625921901822686, 0.05562808789174426, 0.054782729800861706, 0.053967501630884575, 0.05366950110191156, 0.0537572236580613, 0.0541137883707026, 0.054696450201565376, 0.055552134653051685, 0.05673331587825947, 0.05759235676931968, 0.05841748106182434, 0.05933428583127396, 0.06001740659849239, 0.06030605471448099, 0.060424480165283144, 0.06026627008955059, 0.05993797786532135, 0.05937142811140345, 0.0584036771938415, 0.057466394031323025, 0.05612366528077246, 0.05447494046386344, 0.05289777472568652, 0.05091171416650077, 0.04927613488246545, 0.047290074323279696, 0.04531720011800824, 0.04304458165071874, 0.041340470326534956, 0.03941408361224024, 0.03774847497764309, 0.03595337466538453, 0.03433884728571976, 0.03300923650246642, 0.03174443620496521, 0.030690435957047537], "y_goal": [-0.9908887580408008, 0.00891576786062168, 0.040443830440575965, 0.03028135194974131], "radius": [], "y_mid": []}