{"lat_start": [57.684315], "x_gps": [6397468.938295033, 6397468.93392633, 6397468.93392633, 6397468.93392633, 6397468.938295033, 6397468.942663739, 6397468.947032447, 6397468.947032447, 6397468.761594074, 6397468.761594074, 6397469.20947328, 6397469.20947328, 6397469.20947328, 6397469.20947328, 6397469.142330265, 6397469.279222483], "y_goal": [-677617.6183886584], "x_ordometry": [6397468.938295033, 6397468.938295033, 6397468.938295033, 6397468.938295033, 6397468.938295033, 6397468.938295033, 6397468.938295033, 6397468.938295033, 6397468.938295033, 6397468.938295033, 6397468.938295033, 6397468.938295033, 6397468.938295033, 6397468.938295033, 6397468.938295033, 6397468.938295033, 6397468.938295033, 6397468.938295033, 6397468.938295033, 6397468.938295033, 6397468.938295033, 6397468.938295033, 6397468.938295033, 6397468.938295033, 6397468.938295033, 6397468.938295033, 6397468.938295033, 6397468.938295033, 6397468.938295033, 6397468.938295033, 6397468.938295033, 6397468.938295033, 6397468.938295033, 6397468.938295033, 6397468.938295033, 6397468.938295033, 6397468.938295033, 6397468.938295033, 6397468.938295033, 6397468.938295033, 6397468.938295033, 6397468.938295033, 6397468.938295033, 6397468.938295033, 6397468.938295033, 6397468.938295033, 6397468.938295033, 6397468.938295033, 6397468.938295033, 6397468.938295033, 6397468.938295033, 6397468.938295033, 6397468.938295033, 6397468.938295033, 6397468.938295033, 6397468.938295033, 6397468.938295033, 6397468.938295033, 6397468.938295033, 6397468.938295033, 6397468.938295033, 6397468.938295033, 6397468.938295033, 6397468.938295033, 6397468.938295033, 6397468.938295033, 6397468.938295033, 6397468.938295033, 6397468.938295033, 6397468.938295033, 6397468.938295033, 6397468.938295033, 6397468.938295033, 6397468.938295033, 6397468.938295033, 6397468.938295033, 6397468.938295033, 6397468.938295033, 6397468.938295033, 6397468.938295033, 6397468.938295033, 6397468.938295033, 6397468.938295033, 6397468.938295033, 6397468.937192338, 6397468.938295045, 6397468.938295045, 6397468.938295045, 6397468.938295045, 6397468.938295045, 6397468.938295045, 6397468.938295045, 6397468.938295045, 6397468.938295045, 6397468.938295045, 6397468.938295045, 6397468.938295045, 6397468.938295045, 6397468.938295045, 6397468.938295045, 6397468.938295045, 6397468.938295045, 6397468.938295045, 6397468.938295045, 6397468.938295045, 6397468.938295045, 6397468.938295045, 6397468.938295045, 6397468.938295045, 6397468.938295045, 6397468.938295045, 6397468.938295045, 6397468.938295045, 6397468.938295045, 6397468.938295045, 6397468.938295045, 6397468.938295045, 6397468.938295045, 6397468.938295045, 6397468.938295045, 6397468.938295045, 6397468.938295045, 6397468.938295045, 6397468.938295045, 6397468.938295045, 6397468.938295045, 6397468.938295045, 6397468.938295045, 6397468.938295045, 6397468.938295045, 6397468.938295045, 6397468.938295045, 6397468.938295045, 6397468.938295045, 6397468.938295045, 6397468.938295045, 6397468.938295045, 6397468.938295045, 6397468.938295045, 6397468.940500362, 6397468.947116312, 6397468.964758845, 6397468.994528941, 6397469.036427596], "x_goal": [6397518.938294788], "lon": [11.979311666666666, 11.979311666666666, 11.97931, 11.97931, 11.97931, 11.979311666666666, 11.979313333333334, 11.979315, 11.979315, 11.979315, 11.979315, 11.979315, 11.979315, 11.979315, 11.979315, 11.979313333333334, 11.979313333333334], "k2": -0.125, "k1": Infinity, "m1": -Infinity, "y_gps": [-677617.61343839, -677617.5141151219, -677617.5141151219, -677617.5141151219, -677617.61343839, -677617.7127616564, -677617.8120849243, -677617.8120849243, -677617.8202413861, -677617.8202413861, -677617.5921530353, -677617.5921530353, -677617.5921530353, -677617.5921530353, -677617.665474339, -677617.7908315854], "m2": 122066.00384744613, "y_ordometry": [-677617.61343839, -677617.61343839, -677617.61343839, -677617.61343839, -677617.61343839, -677617.61343839, -677617.61343839, -677617.61343839, -677617.61343839, -677617.61343839, -677617.61343839, -677617.61343839, -677617.61343839, -677617.61343839, -677617.61343839, -677617.61343839, -677617.61343839, -677617.61343839, -677617.61343839, -677617.61343839, -677617.61343839, -677617.61343839, -677617.61343839, -677617.61343839, -677617.61343839, -677617.61343839, -677617.61343839, -677617.61343839, -677617.61343839, -677617.61343839, -677617.61343839, -677617.61343839, -677617.61343839, -677617.61343839, -677617.61343839, -677617.61343839, -677617.61343839, -677617.61343839, -677617.61343839, -677617.61343839, -677617.61343839, -677617.61343839, -677617.61343839, -677617.61343839, -677617.61343839, -677617.61343839, -677617.61343839, -677617.61343839, -677617.61343839, -677617.61343839, -677617.61343839, -677617.61343839, -677617.61343839, -677617.61343839, -677617.61343839, -677617.61343839, -677617.61343839, -677617.61343839, -677617.61343839, -677617.61343839, -677617.61343839, -677617.61343839, -677617.61343839, -677617.61343839, -677617.61343839, -677617.61343839, -677617.61343839, -677617.61343839, -677617.61343839, -677617.61343839, -677617.61343839, -677617.61343839, -677617.61343839, -677617.61343839, -677617.61343839, -677617.61343839, -677617.61343839, -677617.61343839, -677617.61343839, -677617.61343839, -677617.61343839, -677617.61343839, -677617.61343839, -677617.61343839, -677617.6134331544, -677617.6134331544, -677617.6134331544, -677617.6134331544, -677617.6134331544, -677617.6134331544, -677617.6134331544, -677617.6134331544, -677617.6134331544, -677617.6134331544, -677617.6134331544, -677617.6134331544, -677617.6134331544, -677617.6134331544, -677617.6134331544, -677617.6134331544, -677617.6134331544, -677617.6134331544, -677617.6134331544, -677617.6134331544, -677617.6134331544, -677617.6134331544, -677617.6134331544, -677617.6134331544, -677617.6134331544, -677617.6134331544, -677617.6134331544, -677617.6134331544, -677617.6134331544, -677617.6134331544, -677617.6134331544, -677617.6134331544, -677617.6134331544, -677617.6134331544, -677617.6134331544, -677617.6134331544, -677617.6134331544, -677617.6134331544, -677617.6134331544, -677617.6134331544, -677617.6134331544, -677617.6134331544, -677617.6134331544, -677617.6134331544, -677617.6134331544, -677617.6134331544, -677617.6134331544, -677617.6134331544, -677617.6134331544, -677617.6134331544, -677617.6134331544, -677617.6134331544, -677617.6134331544, -677617.6134331544, -677617.6134331544, -677617.6134540965, -677617.6135169226, -677617.6136844588, -677617.614108527, -677617.6147053636], "covariance": [81.0, 81.0, 81.0, 81.0, 81.0, 81.0, 81.0, 81.0, 81.0, 81.0, 81.0, 81.0, 81.0, 81.0, 81.0, 81.0], "y_mid": [],