{"x_mid": [], "x_goal": [0.04733228950057, 0.11032984811999337, 0.8060422233399551], "y_gps": [0.0, 0.0, 0.0, 0.0, 0.0, 0.0, 0.0, 0.0], "x_gps": [0.0, 0.0, 0.0, 0.0, 0.0, 0.0, 0.0, 0.0], "y": [-0.9897515550891984, -0.9897515550891984, -0.9901248657665725, -0.9916567693749427, -0.9933729395746151, -0.9955703987322215, -0.997481232782314, -1.0007296506674712, -1.0030470502566162, -1.0056266762242412, -1.0081107604893615, -1.010785928159491, -1.0135859953273776, -1.0158838507399328, -1.0182668119085085, -1.0208199845891255, -1.022976875435546, -1.0256151538721834, -1.0285708931802409, -1.0307360951090108, -1.0327497896179818, -1.0348329218686416, -1.036951910693714, -1.0390066877362083, -1.0408352033906803, -1.0429586409249056, -1.044492234699624, -1.0460258284743422, -1.0476922533034165, -1.0493049224928432, -1.0504875465650896, -1.0517262184600544, -1.052640064334063, -1.0532851320098338, -1.0540130173829207, -1.054498274298312, -1.054974515443069, -1.05515341065229, -1.0551172107171543, -1.0547241881811784, -1.0540115887233301, -1.0529255788648886, -1.0521823174408336, -1.0508679636904963, -1.049630799653804, -1.048653169992253, -1.0480952576518847, -1.0480952576518847, -1.0473876964094686, -1.0473876964094686, -1.0473876964094686, -1.0464918293702676, -1.0464918293702676, -1.0474817083796735, -1.0474817083796735, -1.0474817083796735, -1.0485569475856167, -1.0485569475856167, -1.0485569475856167, -1.0485569475856167, -1.0496556796733103, -1.0485619471387557, -1.0485619471387557, -1.0474830960834711, -1.0474830960834711, -1.0474830960834711, -1.043249394042231, -1.032790248709873, -1.0142161432180616, -0.9957093284639044, -0.9712196842383406, -0.9458610776589168, -0.9307398642965244, -0.9063465910858072, -0.878849640098088, -0.8472171829734014, -0.8196130555282561, -0.8030733904903693, -0.7916824496434544], "x": [1.0453459705731254, 1.0453459705731254, 1.0398450830316612, 1.020055542202621, 0.9991744953143122, 0.9739075871159039, 0.9519363625955487, 0.914585280910945, 0.8893290908617635, 0.8596679377592841, 0.8311053458828224, 0.8003456315543253, 0.7662765550523479, 0.7365922438087876, 0.7058085136302806, 0.6728259455818804, 0.6431310588944691, 0.6090490719111221, 0.5683560790431881, 0.5364509313026955, 0.5045358629781636, 0.4715202750562339, 0.43519265809361785, 0.39996587800865685, 0.36583086840936696, 0.3261902121005142, 0.2975608492107872, 0.2689314863210602, 0.23478817983016353, 0.2017462703228442, 0.17751553668414335, 0.15439182050397926, 0.13566807178316498, 0.12245130798023725, 0.1059267110309998, 0.0949103130648415, 0.08278987753374271, 0.0739700274502859, 0.06955934390775759, 0.061850399913062605, 0.05527263878598824, 0.048746129610361184, 0.04552258384311114, 0.04131213090232103, 0.038244051697939416, 0.03626716015266832, 0.03531600359105936, 0.03531600359105936, 0.0344702364408, 0.0344702364408, 0.0344702364408, 0.03382728447346466, 0.03382728447346466, 0.03431319036040673, 0.03431319036040673, 0.03431319036040673, 0.03455778315308455, 0.03455778315308455, 0.03455778315308455, 0.03455778315308455, 0.034464226840097326, 0.03460463384520797, 0.03460463384520797, 0.034832768421145514, 0.034832768421145514, 0.034832768421145514, 0.03607018782200878, 0.03956343521366724, 0.04656166785260194, 0.053735959632624036, 0.06376856431038005, 0.07458148193200052, 0.08128528890267825, 0.09154998826418517, 0.10296735047620843, 0.11592613151830995, 0.12708187539730553, 0.13322406689518682, 0.13739278728801327], "y_goal": [-1.0527491137086218, -2.050762794781177, 1.0499872596625943], "radius": [], "y_mid": []}