{"lon_start": [-0.0], "x_goal": [166020.44370637918], "x_gps": [0.0, 0.0, 0.0, 0.0, 0.0, 0.0, 0.0, 0.0, 0.0, 0.0, 0.0, 0.0, 0.0, 0.0, 0.0, 0.0, 0.0, 0.0, 0.0, 0.0, 0.0, 0.0, 0.0, 0.0, 0.0, 0.0, 0.0], "angle": [1.5383280603375036, 1.5383311065104215, 1.5383280603375036, 1.5383311065104215, 1.5383311065104215, 1.5383250141460267, 1.5383250141599458, 1.5383311065104215, 1.5383311065104215, 1.5383311065104217, 1.5383311065104215, 1.5383280603375036, 1.5383311065104215, 1.5383311065104217, 1.5383311065104217, 1.5383265372452446, 1.5383265372452446, 1.5383219679731088, 1.538318921772353, 1.5383311065104215, 1.5383311065104217, 1.5383265372452446, 1.538318921772353, 1.5383250141460267, 1.5383250141460267, 1.5383311065104217, 1.5383311065104217, 1.5383311065104215, 1.5383311065104213, 1.5383311065104215, 1.5383311065104215, 1.5383250141460267, 1.5383341526833396, 1.5383311065104217, 1.5383265372452446, 1.5383311065104215, 1.5383311065104215, 1.5383311065104215, 1.5383311065104215, 1.5383265372452446, 1.5383311065104215, 1.5383219679731088, 1.5383311065104217, 1.5383311065104215, 1.5383311065104217, 1.5383311065104215, 1.5383265372452446, 1.538318921772353, 1.5383265372452446, 1.5383311065104215, 1.5383311065104215, 1.5383311065104215, 1.5383265372452446, 1.5383311065104215, 1.538318921772353, 1.5383311065104215, 1.5383311065104217, 1.5383250141460267, 1.5383311065104215, 1.5383311065104213, 1.5383311065104215, 1.5383265372452446, 1.5383311065104215, 1.5383250141599458, 1.5383280603375036, 1.5383311065104215, 1.5383311065104215, 1.5383311065104217, 1.5383311065104215, 1.538318921772353, 1.5383311065104215, 1.5383311065104215, 1.5383311065104217, 1.5383250141460267, 1.5383311065104215, 1.5383250141460267, 1.5383311065104217, 1.5383311065104217, 1.5383311065104215, 1.5383311065104215, 1.5383219679731088, 1.5383311065104215, 1.5383311065104217, 1.5383311065104217, 1.5383311065104215, 1.5383219679731088, 1.5383311065104215, 1.5383265372452446, 1.5383311065104213, 1.5383311065104215, 1.5383311065104217, 1.5383265372452446, 1.538318921772353, 1.5383311065104215, 1.5383311065104215, 1.5383311065104215, 1.5383311065104215, 1.5383280603375036, 1.5383311065104215, 1.5383311065104215, 1.5383311065104215, 1.5383311065104213, 1.5383311065104215, 1.5383311065104215, 1.5383311065104217, 1.5383311065104215, 1.5383280603375036, 1.5383280603375036, 1.5383311065104213, 1.5383311065104215, 1.5383311065104215, 1.5383265372452446, 1.5383311065104215, 1.5383311065104215, 1.5383250141460267, 1.5383280603375036, 1.5383311065104215, 1.5383265372452446, 1.5383311065104215, 1.5383311065104215, 1.5383311065104215, 1.5383280603375036, 1.5383250141460267, 1.5383280603375036, 1.538318921772353, 1.5383311065104215, 1.5383311065104215, 1.5383311065104213, 1.5383219679731088, 1.5383311065104217, 1.5383311065104215, 1.5383311065104217, 1.5383311065104217, 1.5383311065104215, 1.5383250141460267, 1.5383280603375036, 1.5383250141460267, 1.5383311065104215, 1.538318921772353, 1.5383311065104215, 1.5383280603375036, 1.5383311065104215, 1.5383311065104215, 1.5383265372452446, 1.5383311065104215, 1.5383311065104215, 1.5383311065104215, 1.5383311065104217, 1.5383280603375036, 1.5383311065104215, 1.5383280603375036, 1.5383311065104215, 1.5383311065104215, 1.5383311065104215, 1.5383311065104215, 1.5383250141460267, 1.5383250141460267, 1.5383311065104215, 1.5383311065104215, 1.5383265372452446, 1.5383311065104215, 1.5383311065104215, 1.5383250141460267, 1.5383311065104215, 1.5383250141599458, 1.5383311065104213, 1.5383265372452446, 1.5383311065104217, 1.5383311065104215, 1.5383311065104215, 1.5383311065104215, 1.5383265372452446, 1.5383311065104215, 1.5383265372452446, 1.5383250141599458, 1.538318921772353, 1.5383250141460267, 1.5383311065104215, 1.5383311065104215, 1.5383311065104215, 1.5383250141599458, 1.5383311065104215, 1.5383311065104215, 1.5383219679731088, 1.5383158755530384, 1.5383219679731088, 1.5383311065104217, 1.5383280603375036, 1.5383311065104215, 1.5383311065104215, 1.5383311065104215, 1.5383250141460267, 1.5383311065104217, 1.5383311065104217, 1.5383311065104217, 1.5383311065104215, 1.5383311065104213, 1.5383265372452446, 1.5383311065104217, 1.5383311065104215, 1.5383311065104215, 1.5383311065104217, 1.5383265372452446, 1.5383219679731088, 1.5383311065104215, 1.538318921772353, 1.5383311065104215, 1.5383250141460267, 1.538318921772353, 1.5383311065104215, 1.5383158755530384, 1.5383311065104215, 1.5383265372452446, 1.5383219679731088, 1.5383265372452446, 1.5383311065104217, 1.5383311065104215, 1.5383219679731088, 1.5383265372452446, 1.5383311065104215, 1.5383265372452446, 1.5383250141460267, 1.5383311065104213, 1.5383311065104215, 1.5383311065104215, 1.5383280603375036, 1.5383311065104217, 1.5383250141460267, 1.5383250141460267, 1.5383265372452446, 1.5383219679731088, 1.5383311065104215, 1.5383265372452446, 1.5383311065104217, 1.5383280603375036, 1.5383280603375036, 1.5383311065104215, 1.5383311065104217, 1.5383311065104217, 1.5383311065104213, 1.5383311065104215, 1.5383265372452446, 1.5383265372452446], "lon": [-0.0, -0.0, -0.0, -0.0, -0.0, -0.0, -0.0, -0.0, -0.0, -0.0, -0.0, -0.0, -0.0, -0.0, -0.0, -0.0, -0.0, -0.0, -0.0, -0.0, -0.0, -0.0, -0.0, -0.0, -0.0, -0.0, -0.0], "covariance": [[0.0, 0.0, 0.0, 0.0, 0.0, 0.0, 0.0, 0.0, 0.0], [0.0, 0.0, 0.0, 0.0, 0.0, 0.0, 0.0, 0.0, 0.0], [0.0, 0.0, 0.0, 0.0, 0.0, 0.0, 0.0, 0.0, 0.0], [0.0, 0.0, 0.0, 0.0, 0.0, 0.0, 0.0, 0.0, 0.0], [0.0, 0.0, 0.0, 0.0, 0.0, 0.0, 0.0, 0.0, 0.0], [0.0, 0.0, 0.0, 0.0, 0.0, 0.0, 0.0, 0.0, 0.0], [0.0, 0.0, 0.0, 0.0, 0.0, 0.0, 0.0, 0.0, 0.0], [0.0, 0.0, 0.0, 0.0, 0.0, 0.0, 0.0, 0.0, 0.0], [0.0, 0.0, 0.0, 0.0, 0.0, 0.0, 0.0, 0.0, 0.0], [0.0, 0.0, 0.0, 0.0, 0.0, 0.0, 0.0, 0.0, 0.0], [0.0, 0.0, 0.0, 0.0, 0.0, 0.0, 0.0, 0.0, 0.0], [0.0, 0.0, 0.0, 0.0, 0.0, 0.0, 0.0, 0.0, 0.0], [0.0, 0.0, 0.0, 0.0, 0.0, 0.0, 0.0, 0.0, 0.0], [0.0, 0.0, 0.0, 0.0, 0.0, 0.0, 0.0, 0.0, 0.0], [0.0, 0.0, 0.0, 0.0, 0.0, 0.0, 0.0, 0.0, 0.0], [0.0, 0.0, 0.0, 0.0, 0.0, 0.0, 0.0, 0.0, 0.0], [0.0, 0.0, 0.0, 0.0, 0.0, 0.0, 0.0, 0.0, 0.0], [0.0, 0.0, 0.0, 0.0, 0.0, 0.0, 0.0, 0.0, 0.0], [0.0, 0.0, 0.0, 0.0, 0.0, 0.0, 0.0, 0.0, 0.0], [0.0, 0.0, 0.0, 0.0, 0.0, 0.0, 0.0, 0.0, 0.0], [0.0, 0.0, 0.0, 0.0, 0.0, 0.0, 0.0, 0.0, 0.0], [0.0, 0.0, 0.0, 0.0, 0.0, 0.0, 0.0, 0.0, 0.0], [0.0, 0.0, 0.0, 0.0, 0.0, 0.0, 0.0, 0.0, 0.0], [0.0, 0.0, 0.0, 0.0, 0.0, 0.0, 0.0, 0.0, 0.0], [0.0, 0.0, 0.0, 0.0, 0.0, 0.0, 0.0, 0.0, 0.0], [0.0, 0.0, 0.0, 0.0, 0.0, 0.0, 0.0, 0.0, 0.0], [0.0, 0.0, 0.0, 0.0, 0.0, 0.0, 0.0, 0.0, 0.0]], "y_mid": [], "lat_start": [-0.0], "lat": [-0.0, -0.0, -0.0, -0.0, -0.0, -0.0, -0.0, -0.0, -0.0, -0.0, -0.0, -0.0, -0.0, -0.0, -0.0, -0.0, -0.0, -0.0, -0.0, -0.0, -0.0, -0.0, -0.0, -0.0, -0.0, -0.0, -0.0], "x_mid": [], "radius": [], "y_gps": [0.0, 0.0, 0.0, 0.0, 0.0, 0.0, 0.0, 0.0, 0.0, 0.0, 0.0, 0.0, 0.0, 0.0, 0.0, 0.0, 0.0, 0.0, 0.0, 0.0, 0.0, 0.0, 0.0, 0.0, 0.0, 0.0, 0.0], "angle_north": [0, 0, 0, 0, 0, 0, 0, 0, 0, 0, 0, 0, 0, 0, 0, 0, 0, 0, 0, 0, 0, 0, 0, 0, 0, 0, 0],