{"lon_start": [11.981178333333334], "x_goal": [6397661.381415684, 6397661.371926047, 6397660.3719710745, 6397660.381460711], "x_gps": [6397660.383666015, 6397660.383666015, 6397660.383666015, 6397660.383666015, 6397660.383666015, 6397660.383666015, 6397660.383666015, 6397660.383666015, 6397660.383666015, 6397660.383666015, 6397660.383666015, 6397660.383666015, 6397660.383666015, 6397660.383666015, 6397660.383666015, 6397660.383666015, 6397660.383666015, 6397660.383666015, 6397660.383666015, 6397660.383666015, 6397660.383666015, 6397660.383666015, 6397660.383666015], "angle": [0.00948977867736615, 0.00948977867736615, 0.009465408533108616, 0.004717470722245619, -9.750285474700004e-05, -0.0096284079800877, -0.009520241970206877, -0.019022204550417712, -0.018987172790507437, -0.019014588520755778, -0.02373967756960527, -0.0190130655259311, -0.023725969523531246, -0.014220960076691602, -0.014243806541763155, -0.014274268549319975, -0.009518717492913656, -0.004747935513921041, 0.004706811292189874, 0.004740320041028979, 0.00474793551392107, 0.014243806541763188, 0.018991742055684237, 0.023733585219129338, 0.02373663139668709, 0.028475428345457687, 0.03320508658989058, 0.033223363859378734, 0.03798348411136845, 0.03798348411136845, 0.038007853661738776, 0.0427344657982077, 0.04747935513921057, 0.047490016866214936, 0.04274969682518522, 0.04747935513921057, 0.05228212304620098, 0.07600961529313625, 0.1139367445107376, 0.1471860009315527, 0.1900133780485025, 0.24697794190395747, 0.31343228456670746, 0.3988539992823939, 0.47480268998509423, 0.5460399999355613, 0.6314860850785047, 0.7121720498882624, 0.7881161710891641, 0.8925692295467588, 0.9732171142315029, 1.0587576343584293, 1.1346804311843526, 1.201181991778712, 1.2629325695726996, 1.3151827066213087, 1.3721625021161734, 1.4149304769485667, 1.4339222190042504, 1.4528682672598425, 1.4717868982888578, 1.5050376753378425, 1.5383646184959505, 1.576384661990901, 1.5954891307087797, 1.6191008458557892, 1.6333157111320409, 1.6426562153120745, 1.6522038756572086, 1.6474483260068484, 1.6522571879021617, 1.6427643635669305, 1.6427856878166849, 1.6285205578046749, 1.6238046074880048, 1.609496830259451, 1.5999933434339406, 1.5952789168428343, 1.585804369285237, 1.576310021356613, 1.5715712243730453, 1.5620707840800268, 1.5525733899668854, 1.5525749130521849, 1.5478087004079626, 1.5383128293105262, 1.5335786017313235, 1.524087299968658, 1.5193500261817414, 1.509846539599813, 1.5051412511562885, 1.5003750382336927, 1.5003476223990533, 1.490851751371211, 1.505209796502122, 1.5431536750227206, 1.5810853726007825, 1.6285723432824786, 1.6855262459792866, 1.7520186666444255, 1.8232620693907684, 1.894439977877868, 1.9846598912840723, 2.0558560775278165, 2.1270659716993197, 2.2077625981386504, 2.3026954152919252, 2.383399657058003, 2.468865542481494, 2.5448568809505447, 2.630310580912172, 2.6920428816872284, 2.758527687123061, 2.8202858801463653, 2.877276337549184, 2.9248013864884523, 2.96750082042239, 2.995947309284185, 3.0291767655172377, 3.0434556056889273, 3.052989559473319, 3.090906019562606, 3.1335734624107237, -3.1163123193942437, -3.097160634543291, -3.0830767707967963, -3.0783288352828753, -3.0736007007222894, -3.0735123568938105, -3.0783288352828753, -3.0830265073487424, -3.0878094750749487, -3.0926274742177076, -3.0973358082959423, -3.102065466679562, -3.1068255869037142, -3.1163199348671355, -3.130546987343018, -3.135291876711859, -3.140029150498777, 3.1336435315522904, 3.1193936326461325, 3.119390586473214, 3.1098977616182903, 3.105146779931451, 3.1004018905904482, 3.0908923117392386, 3.0862494730407892, 3.081426902983427, 3.07664545857218, 3.0719447400016553, 3.0719447400016553, 3.0672089905249837, 3.0814969725076313, 3.1194119098460282, -3.125712232930425, -3.078267910525421, -3.0165752115943447, -2.959616739611481, -2.8931410730400584, -2.8219464098955327, -2.7412254137944805, -2.6510146390299805, -2.5608069104383984, -2.4658558157140638, -2.3898781857643225, -2.2997039657058314, -2.233238960875327, -2.1477608903889887, -2.06227063530377, -1.9910302791247068, -1.9150846343722163, -1.8486272450006898, -1.7916139412371928, -1.7440827992282797, -1.7108137411512976, -1.6823398366984241, -1.6680640337043378, -1.6349869038425486, -1.587443571926133, -1.5587914345994975, -1.5351218283981152, -1.520896308343257, -1.5113699725239735, -1.5067484721289301, -1.511510115688926, -1.5115101156889257, -1.5115603791369794, -1.5163220240820063, -1.5210227411654318, -1.5305170889803794, -1.5305140426218704, -1.5400464684670687, -1.54479897324616, -1.549568232798673, -1.5542780898253563, -1.5637495910801271, -1.5684853418559794, -1.573219569546533, -1.5779812128838222, -1.5827291483977428, -1.5827230560333474, -1.5922113116022174, -1.5922250194255854, -1.6017208904534268, -1.6064551179212747, -1.6112289463585294, -1.6159586046307965, -1.6207354789741846], "lon": [11.981178333333334, 11.981178333333334, 11.981178333333334, 11.981178333333334, 11.981178333333334, 11.981178333333334, 11.981178333333334, 11.981178333333334, 11.981178333333334, 11.981178333333334, 11.981178333333334, 11.981178333333334, 11.981178333333334, 11.981178333333334, 11.981178333333334, 11.981178333333334, 11.981178333333334, 11.981178333333334, 11.981178333333334, 11.981178333333334, 11.981178333333334, 11.981178333333334, 11.981178333333334, 11.981178333333334], "covariance": [[1190.25, 1190.25, 1190.25, 1190.25, 1190.25, 1190.25, 1190.25, 1190.25, 1190.25], [1190.25, 1190.25, 1190.25, 1190.25, 1190.25, 1190.25, 1190.25, 1190.25, 1190.25], [1190.25, 1190.25, 1190.25, 1190.25, 1190.25, 1190.25, 1190.25, 1190.25, 1190.25], [1190.25, 1190.25, 1190.25, 1190.25, 1190.25, 1190.25, 1190.25, 1190.25, 1190.25], [1190.25, 1190.25, 1190.25, 1190.25, 1190.25, 1190.25, 1190.25, 1190.25, 1190.25], [1190.25, 1190.25, 1190.25, 1190.25, 1190.25, 1190.25, 1190.25, 1190.25, 1190.25], [1190.25, 1190.25, 1190.25, 1190.25, 1190.25, 1190.25, 1190.25, 1190.25, 1190.25], [1190.25, 1190.25, 1190.25, 1190.25, 1190.25, 1190.25, 1190.25, 1190.25, 1190.25], [1190.25, 1190.25, 1190.25, 1190.25, 1190.25, 1190.25, 1190.25, 1190.25, 1190.25], [1190.25, 1190.25, 1190.25, 1190.25, 1190.25, 1190.25, 1190.25, 1190.25, 1190.25], [1190.25, 1190.25, 1190.25, 1190.25, 1190.25, 1190.25, 1190.25, 1190.25, 1190.25], [1190.25, 1190.25, 1190.25, 1190.25, 1190.25, 1190.25, 1190.25, 1190.25, 1190.25], [1190.25, 1190.25, 1190.25, 1190.25, 1190.25, 1190.25, 1190.25, 1190.25, 1190.25], [1190.25, 1190.25, 1190.25, 1190.25, 1190.25, 1190.25, 1190.25, 1190.25, 1190.25], [1190.25, 1190.25, 1190.25, 1190.25, 1190.25, 1190.25, 1190.25, 1190.25, 1190.25], [1190.25, 1190.25, 1190.25, 1190.25, 1190.25, 1190.25, 1190.25, 1190.25, 1190.25], [1190.25, 1190.25, 1190.25, 1190.25, 1190.25, 1190.25, 1190.25, 1190.25, 1190.25], [1190.25, 1190.25, 1190.25, 1190.25, 1190.25, 1190.25, 1190.25, 1190.25, 1190.25], [1190.25, 1190.25, 1190.25, 1190.25, 1190.25, 1190.25, 1190.25, 1190.25, 1190.25], [1190.25, 1190.25, 1190.25, 1190.25, 1190.25, 1190.25, 1190.25, 1190.25, 1190.25], [1190.25, 1190.25, 1190.25, 1190.25, 1190.25, 1190.25, 1190.25, 1190.25, 1190.25], [1190.25, 1190.25, 1190.25, 1190.25, 1190.25, 1190.25, 1190.25, 1190.25, 1190.25], [1190.25, 1190.25, 1190.25, 1190.25, 1190.25, 1190.25, 1190.25, 1190.25, 1190.25]], "y_mid": [], "lat_start": [57.685991666666666], "lat": [57.685991666666666, 57.685991666666666, 57.685991666666666, 57.685991666666666, 57.685991666666666, 57.685991666666666, 57.685991666666666, 57.685991666666666, 57.685991666666666, 57.685991666666666, 57.685991666666666, 57.685991666666666, 57.685991666666666, 57.685991666666666, 57.685991666666666, 57.685991666666666, 57.685991666666666, 57.685991666666666, 57.685991666666666, 57.685991666666666, 57.685991666666666, 57.685991666666666, 57.685991666666666, 57.685991666666666], "x_mid": [], "radius": [],