{"x_mid": [], "x_goal": [-0.9360008483766764], "y_gps": [0.0, 0.0, 0.0, 0.0, 0.0, 0.0, 0.0, 0.0, 0.0, 0.0, 0.0, 0.0, 0.0, 0.0, 0.0, 0.0, 0.0, 0.0, 0.0], "x_gps": [0.0, 0.0, 0.0, 0.0, 0.0, 0.0, 0.0, 0.0, 0.0, 0.0, 0.0, 0.0, 0.0, 0.0, 0.0, 0.0, 0.0, 0.0, 0.0], "y": [-0.000607318916544804, -0.000607318916544804, -0.000607318916544804, -0.000607318916544804, -0.000607318916544804, -0.000607318916544804, -0.000607318916544804, -0.000607318916544804, -0.000607318916544804, -0.000607318916544804, -0.000607318916544804, -0.000607318916544804, -0.000607318916544804, -0.000607318916544804, -0.000607318916544804, -0.000607318916544804, -0.000607318916544804, -0.000607318916544804, -0.000607318916544804, -0.000607318916544804, -0.000607318916544804, -0.000607318916544804, -0.000607318916544804, -0.000607318916544804, -0.000607318916544804, -0.000607318916544804, -0.000607318916544804, -0.000607318916544804, -0.000607318916544804, -0.000607318916544804, -0.000607318916544804, -0.0005916126878998881, -0.0005916126878998881, -0.0006020837037023848, -0.0006020837037023848, -0.0006020837037023848, -0.0006020837037023848, -0.0006020837037023848, -0.0006020837037023848, -0.0006020837037023848, -0.0006020837037023848, -0.0006020837037023848, -0.0006020837037023848, -0.0006020837037023848, -0.0006020837037023848, -0.0006020837037023848, -0.0006020837037023848, -0.0006020837037023848, -0.0006020837037023848, -0.0006020837037023848, -0.0006020837037023848, -0.0006020837037023848, -0.0003929748324860177, -3.849921950201731e-05, 0.0002157365190979156, 0.0005556576370491727, 0.0001322644883351182, -0.0022002453064288927, -0.0026714859846606385, -0.002204984025707836, -0.002204984025707836, -0.002204984025707836, -0.002204984025707836, -0.002204984025707836, -0.002204984025707836, -0.002204984025707836, -0.002204984025707836, -0.002204984025707836, -0.002204984025707836, -0.002204984025707836, -0.002204984025707836, -0.002204984025707836, 0.000758768015290544, 0.005864933687697786, 0.007564539277454071, 0.012288407607230264, 0.015257909850626507, 0.014922973169581969, 0.014233177385447085, 0.012384862883925098, 0.009970577639453004, 0.007521509401036038, 0.006427331042663057, 0.005697878803747737, 0.005697878803747737, 0.005697878803747737, 0.005697878803747737, 0.005697878803747737, 0.005697878803747737, 0.005697878803747737, 0.005697878803747737, 0.005697878803747737, 0.005697878803747737, 0.005697878803747737, 0.005697878803747737, 0.005697878803747737, 0.005697878803747737, 0.005697878803747737, 0.005697878803747737, 0.005697878803747737, 0.005697878803747737, 0.005697878803747737, 0.005697878803747737, 0.005697878803747737, 0.005697878803747737, 0.005697878803747737, 0.005697878803747737, 0.005697878803747737, 0.005697878803747737, 0.005697878803747737, 0.005697878803747737, 0.005697878803747737, 0.005697878803747737, 0.005697878803747737, 0.005697878803747737, 0.005697878803747737, 0.005697878803747737, 0.005697878803747737, 0.005697878803747737, 0.005697878803747737, 0.005697878803747737, 0.005697878803747737, 0.005697878803747737, 0.005697878803747737, 0.005697878803747737, 0.005697878803747737, 0.005697878803747737, 0.005697878803747737, 0.005697878803747737, 0.005697878803747737, 0.005697878803747737, 0.005697878803747737, 0.005697878803747737, 0.005697878803747737, 0.005697878803747737, 0.005697878803747737, 0.005697878803747737, 0.005697878803747737, 0.005697878803747737, 0.005697878803747737, 0.005697878803747737, 0.005697878803747737, 0.005697878803747737, 0.005697878803747737, 0.005697878803747737, 0.005697878803747737, 0.005697878803747737, 0.005697878803747737, 0.005697878803747737, 0.005697878803747737, 0.005697878803747737, 0.005697878803747737, 0.005697878803747737, 0.005697878803747737, 0.005697878803747737, 0.005697878803747737, 0.005697878803747737, 0.005697878803747737, 0.005697878803747737, 0.005697878803747737, 0.005697878803747737, 0.005697878803747737, 0.005697878803747737, 0.005697878803747737, 0.005697878803747737, 0.005328215903443339, 0.005328215903443339, 0.005328215903443339, 0.005328215903443339, 0.005328215903443339, 0.005328215903443339, 0.005328215903443339, 0.005328215903443339, 0.005328215903443339, 0.005328215903443339], "x": [0.06395418180755368, 0.06395418180755368, 0.06395418180755368, 0.06395418180755368, 0.06395418180755368, 0.06395418180755368, 0.06395418180755368, 0.06395418180755368, 0.06395418180755368, 0.06395418180755368, 0.06395418180755368, 0.06395418180755368, 0.06395418180755368, 0.06395418180755368, 0.06395418180755368, 0.06395418180755368, 0.06395418180755368, 0.06395418180755368, 0.06395418180755368, 0.06395418180755368, 0.06395418180755368, 0.06395418180755368, 0.06395418180755368, 0.06395418180755368, 0.06395418180755368, 0.06395418180755368, 0.06395418180755368, 0.06395418180755368, 0.06395418180755368, 0.06395418180755368, 0.06395418180755368, 0.06285158564457792, 0.06285158564457792, 0.0639542439516047, 0.0639542439516047, 0.0639542439516047, 0.0639542439516047, 0.0639542439516047, 0.0639542439516047, 0.0639542439516047, 0.0639542439516047, 0.0639542439516047, 0.0639542439516047, 0.0639542439516047, 0.0639542439516047, 0.0639542439516047, 0.0639542439516047, 0.0639542439516047, 0.0639542439516047, 0.0639542439516047, 0.0639542439516047, 0.0639542439516047, 0.06175876372694153, 0.059582021441619705, 0.058509021360796935, 0.05746001296340544, 0.058478199206609065, 0.06347404975111176, 0.06447099368504526, 0.06347182357614473, 0.06347182357614473, 0.06347182357614473, 0.06347182357614473, 0.06347182357614473, 0.06347182357614473, 0.06347182357614473, 0.06347182357614473, 0.06347182357614473, 0.06347182357614473, 0.06347182357614473, 0.06347182357614473, 0.06347182357614473, 0.056344519873719336, 0.04177550449743378, 0.03653046251047627, 0.02067873738498791, 0.011209037276280073, 0.012259647767336576, 0.014354413079513148, 0.019548915761112368, 0.02688059435373037, 0.034200727480300265, 0.03732265934664717, 0.039403947257545105, 0.039403947257545105, 0.039403947257545105, 0.039403947257545105, 0.039403947257545105, 0.039403947257545105, 0.039403947257545105, 0.039403947257545105, 0.039403947257545105, 0.039403947257545105, 0.039403947257545105, 0.039403947257545105, 0.039403947257545105, 0.039403947257545105, 0.039403947257545105, 0.039403947257545105, 0.039403947257545105, 0.039403947257545105, 0.039403947257545105, 0.039403947257545105, 0.039403947257545105, 0.039403947257545105, 0.039403947257545105, 0.039403947257545105, 0.039403947257545105, 0.039403947257545105, 0.039403947257545105, 0.039403947257545105, 0.039403947257545105, 0.039403947257545105, 0.039403947257545105, 0.039403947257545105, 0.039403947257545105, 0.039403947257545105, 0.039403947257545105, 0.039403947257545105, 0.039403947257545105, 0.039403947257545105, 0.039403947257545105, 0.039403947257545105, 0.039403947257545105, 0.039403947257545105, 0.039403947257545105, 0.039403947257545105, 0.039403947257545105, 0.039403947257545105, 0.039403947257545105, 0.039403947257545105, 0.039403947257545105, 0.039403947257545105, 0.039403947257545105, 0.039403947257545105, 0.039403947257545105, 0.039403947257545105, 0.039403947257545105, 0.039403947257545105, 0.039403947257545105, 0.039403947257545105, 0.039403947257545105, 0.039403947257545105, 0.039403947257545105, 0.039403947257545105, 0.039403947257545105, 0.039403947257545105, 0.039403947257545105, 0.039403947257545105, 0.039403947257545105, 0.039403947257545105, 0.039403947257545105, 0.039403947257545105, 0.039403947257545105, 0.039403947257545105, 0.039403947257545105, 0.039403947257545105, 0.039403947257545105, 0.039403947257545105, 0.039403947257545105, 0.039403947257545105, 0.039403947257545105, 0.039403947257545105, 0.039403947257545105, 0.039403947257545105, 0.04044284779386495, 0.04044284779386495, 0.04044284779386495, 0.04044284779386495, 0.04044284779386495, 0.04044284779386495, 0.04044284779386495, 0.04044284779386495, 0.04044284779386495, 0.04044284779386495], "y_goal": [0.00887622521292736],