{"x_mid": [], "x_goal": [-0.3163704358200388], "y_gps": [0.0, 0.0, 0.0, 0.0], "x_gps": [0.0, 0.0, 0.0, 0.0], "y": [3.8448599458086465, 3.8448599458086465, 3.844203392926478, 3.840213776928317, 3.8314076026653603, 3.8211847785059785, 3.8067865519167032, 3.7854051510534052, 3.7702312536665485, 3.7514986582271286, 3.736414801800269, 3.7172171663479023, 3.698250021781534, 3.677928081174711, 3.659750083872317, 3.640898827410575, 3.622280619419158, 3.603118814651317, 3.5822439642443205, 3.5652831482886356, 3.5451917208453376, 3.5260034267703473, 3.5080943523003563, 3.485068399410368, 3.466643604762585, 3.4470810123506226, 3.4223028402380864, 3.406526556034891, 3.388857117727312, 3.3719348470970316, 3.3541453901957237, 3.341438635266218, 3.327461204843762, 3.3172958009001574, 3.3058597214636025, 3.295694317519998, 3.284258238083443, 3.278501749860946], "x": [0.4898710860714152, 0.4898710860714152, 0.4889851383883419, 0.48370709863674893, 0.47239562759250264, 0.4593923207954814, 0.4412558484502856, 0.4145841772059632, 0.39565589438741183, 0.372514409093581, 0.3535142952081378, 0.3293323320812101, 0.3049691636782181, 0.2788657689607266, 0.25528614030428415, 0.23083319206797343, 0.20620233989387288, 0.18060054718761606, 0.15215078858874415, 0.12903535972716074, 0.101378951913908, 0.07443126451227566, 0.049280089604085475, 0.016942864722126666, -0.009194340444494051, -0.037227309034454245, -0.07237734356887522, -0.09498457630271409, -0.12030467696461362, -0.14480110997468915, -0.17003703220452984, -0.18806269094013034, -0.2078909155492909, -0.2223114425377713, -0.23853453539981173, -0.25295506238829213, -0.26917815525033256, -0.2772624614708223], "y_goal": [3.2532734277251527], "radius": [], "y_mid": []}