{"x_mid": [], "x_goal": [1.93724442080589, 1.065113094469581], "y_gps": [0.0, 0.0, 0.0, 0.0, 0.0, 0.0, 0.0, 0.0, 0.0, 0.0, 0.0, 0.0, 0.0, 0.0, 0.0, 0.0, 0.0, 0.0], "x_gps": [0.0, 0.0, 0.0, 0.0, 0.0, 0.0, 0.0, 0.0, 0.0, 0.0, 0.0, 0.0, 0.0, 0.0, 0.0, 0.0, 0.0, 0.0], "y": [0.4933887073981544, 0.4933887073981544, 0.4933887073981544, 0.492328007586351, 0.4912673077745476, 0.4902250166438344, 0.48821462967587237, 0.48728470562014575, 0.4868823060522093, 0.4862156707438814, 0.4859579949082899, 0.4859579949082899, 0.4858707800161106, 0.48586370664391326, 0.4857783239125854, 0.4857783239125854, 0.4860443861224174, 0.4860443861224174, 0.4856049748607629, 0.4861245000992652, 0.4861245000992652, 0.4861245000992652, 0.4861245000992652, 0.4861245000992652, 0.4861245000992652, 0.4851701401268753, 0.4851701401268753, 0.4862063578849647, 0.48514310774346514, 0.48514310774346514, 0.4840433895761946, 0.4851460701263518, 0.4840476071427445, 0.48296231913769394, 0.4840256060958633, 0.482989340842127, 0.482989340842127, 0.4839384829227834, 0.4830316906991161, 0.4830316906991161, 0.4830316906991161, 0.4830316906991161, 0.48233372174320815, 0.48233372174320815, 0.4816982704710953, 0.4816982704710953, 0.48581104221788246, 0.4946379124529857, 0.5055505153192288, 0.5139895623277116, 0.5256785744178571, 0.5361863440838598, 0.5502313405671867, 0.5624036708527367, 0.5770636189632156, 0.593780525250038, 0.6087330487834255, 0.6257795247482211, 0.6396791315857223, 0.653839911148983, 0.6700236592212809, 0.6865044311057814, 0.6994956249941661, 0.717476857406588, 0.7310415608025262, 0.7473192048776522, 0.7693863804654104, 0.7837300445974532, 0.8005516715413341, 0.8169431310843231, 0.8334647746143474, 0.8522660168853744, 0.8680097626222408, 0.8845847183113389, 0.8994940493330525, 0.914732144183768, 0.9263958634692164, 0.9356691978514955, 0.9448773972873757, 0.9511029041415747, 0.9567446895431689, 0.9611025443411082, 0.9635927470827877, 0.9642196121274094, 0.9667955329290013, 0.9695055634058422, 0.9738137851365352, 0.9776552473126668, 0.9792794256666787, 0.9810250270471002, 0.9828563014556222, 0.9828563014556222, 0.9838521536982512, 0.9838521536982512, 0.9838521536982512, 0.9849365025324346, 0.9849365025324346, 0.9849365025324346, 0.9860372649548343, 0.9849439521475536, 0.987098075503103, 0.988149457221625, 0.9871283076718534, 0.9881125759810889, 0.9881125759810889, 0.9881125759810889, 0.9889138622178936, 0.9881685147221551, 0.9895150330408509, 0.9889231875340896, 0.9889231875340896, 0.9885127623710239, 0.9888293146896321, 0.9888293146896321, 0.9887126516284243, 0.9887195860637255, 0.9887195860637255, 0.9887195860637255, 0.9887195860637255, 0.9887195860637255, 0.9890578906171558, 0.9894505231175212, 0.9898771796902344, 0.9894265065532744, 0.9894265065532744, 0.9859083293593408, 0.9778843164405885, 0.9672885352055107, 0.9552940542658951, 0.9418495666025527, 0.9261925163327942, 0.9100518749917201, 0.8916566192964908, 0.8731247718308132, 0.8582898882056281, 0.8393012371653913, 0.8186870847939187, 0.8024443709089439, 0.7822970468587768, 0.7673304632786526, 0.7480633156587451, 0.7340087383819706, 0.7178362301810625, 0.7006885885335926, 0.6852003960778135, 0.6670961243437035, 0.6480537971218433, 0.6349962013125677, 0.6178783070858962, 0.5993160603793362, 0.5851207115155437, 0.5716910427699251, 0.5588936869536109, 0.5492559140630707, 0.5387013824812702, 0.5302365563439672, 0.5238242552314331, 0.5170501222108024, 0.5122114557674948, 0.5078990464929183, 0.5041414131226131], "x": [1.065113094469581, 1.065113094469581, 1.065113094469581, 1.063179503032346, 1.0612459115951112, 1.0593023352174649, 1.0553762959936819, 1.0533765207094339, 1.0523498564157372, 1.0502476058829513, 1.0491754267244244, 1.0491754267244244, 1.0480761730927228, 1.0458707683896549, 1.0469701658489106, 1.0469701658489106, 1.0459000369385794, 1.0459000369385794, 1.0469114135881805, 1.045938758196592, 1.045938758196592, 1.045938758196592, 1.045938758196592, 1.045938758196592, 1.045938758196592, 1.0464911729206237, 1.0464911729206237, 1.0461140552439665, 1.046406397715784, 1.046406397715784, 1.0464875453392997, 1.0464953292028742, 1.0463986645357433, 1.0462034340813553, 1.0464956426178733, 1.0461186554720368, 1.0461186554720368, 1.0466799880783892, 1.046052538600484, 1.046052538600484, 1.046052538600484, 1.046052538600484, 1.0451988382310242, 1.0451988382310242, 1.0442976353321178, 1.0442976353321178, 1.050829663561233, 1.0661062272394557, 1.0865306160118968, 1.1032696830716302, 1.1270133733339136, 1.1488791874969435, 1.1788309246683955, 1.2047890968836539, 1.235669969138827, 1.27045649167092, 1.301196764763815, 1.3358229797296448, 1.3633932078280293, 1.3908302060201567, 1.4221867753825879, 1.4533882545452754, 1.4777030030838958, 1.5106017994554504, 1.5346013189698524, 1.563400742387135, 1.6015921515826914, 1.626416567559803, 1.6549016751208656, 1.682359763287844, 1.7097397166625634, 1.7396004171385187, 1.764870418002675, 1.7909201280113969, 1.814108270749161, 1.8370817028058333, 1.854486328964882, 1.868182948653168, 1.8819234429892593, 1.8910250671756907, 1.8991898342394076, 1.9055609711699095, 1.9092016208444822, 1.9101088171848952, 1.913689329965428, 1.9171694412513252, 1.9221907921603296, 1.926145826035662, 1.9276377726202514, 1.9289856360248956, 1.930214576209608, 1.930214576209608, 1.9306881195498395, 1.9306881195498395, 1.9306881195498395, 1.930888500661804, 1.930888500661804, 1.930888500661804, 1.9308230249131653, 1.9309666636602463, 1.9304937868200598, 1.9301612789762652, 1.9305774743405217, 1.9300803014534271, 1.9300803014534271, 1.9300803014534271, 1.9293227360430931, 1.9301353996234407, 1.9283887604637042, 1.9293191818093072, 1.9293191818093072, 1.9303426641832393, 1.929286368952818, 1.929286368952818, 1.9303828883162477, 1.9292802020971291, 1.9292802020971291, 1.9292802020971291, 1.9292802020971291, 1.9292802020971291, 1.9303297329510611, 1.9313601720341145, 1.9323769951028869, 1.9313705862854325, 1.9313705862854325, 1.9245000176438123, 1.9100360161874104, 1.8919613715346277, 1.8721529646064228, 1.8506473553817024, 1.8266296721839461, 1.8016113155112872, 1.7727988717109187, 1.7440740918274953, 1.7208382500530046, 1.6910963725816566, 1.6584679520301813, 1.6322097953301213, 1.5992910705781542, 1.5748371607624072, 1.5426745653391638, 1.5189586008276132, 1.491370985304945, 1.46179902669933, 1.4350888705394194, 1.4035227302495321, 1.3699527007640844, 1.346933251974063, 1.316076715533739, 1.282238865382126, 1.2560676876452186, 1.230737146262917, 1.2063198204623182, 1.187716683817753, 1.1671049778928924, 1.1503789323678177, 1.1375578373764927, 1.1236855535440693, 1.1137767793780526, 1.104838306915101, 1.096856956750818], "y_goal": [0.9826605639593817, 0.4933887073981544], "radius": [], "y_mid": []}