{"x_mid": [], "x_goal": [2.242208233275848, 1.2569180642629583, -1.58481518428963], "y_gps": [0.0, 0.0, 0.0, 0.0, 0.0], "x_gps": [0.0, 0.0, 0.0, 0.0, 0.0], "y": [3.0251981297521606, 3.0251981297521606, 3.0251981297521606, 3.030635012409997, 3.0491349953136666, 3.0741446555397154, 3.098066939234197, 3.124163975991813, 3.1546105188756983, 3.1807075556333144, 3.2100898814214953, 3.241623800836948, 3.2698955906576987, 3.301403924259128, 3.3339987521226755, 3.3644205914619865, 3.395954510877439, 3.428575806824459, 3.45684759664521, 3.4872941395290953, 3.5177406824129807, 3.54924901601441, 3.584016832402194, 3.619841219901955, 3.6470035764549116, 3.6774254157942226, 3.7154209782939693, 3.749045322528557, 3.779415697966249, 3.8087265604660536, 3.83478066046588, 3.8575584420441493, 3.888985758864968, 3.9052556028494463, 3.9236785127099263, 3.9420847606102636, 3.9561728681506305, 3.967009873950913, 3.9756794785911387, 3.983272072450562, 3.9897561946542783, 3.994052206013927, 4.000450888638816, 4.006723669525885, 4.009800864366856, 4.012797295725293], "x": [2.4130979136153905, 2.4130979136153905, 2.4130979136153905, 2.412181708632544, 2.4091544139647625, 2.404939871043669, 2.4009085691191445, 2.3965107852014813, 2.3913800372975413, 2.386982253379878, 2.382174197142813, 2.3768602082423036, 2.372095942331502, 2.366632292873856, 2.3609802417107737, 2.3557049939585637, 2.350391005058054, 2.3448937751609753, 2.3401295092501737, 2.3349987613462337, 2.3298680134422938, 2.3244043639846477, 2.3183755094106933, 2.31198808989337, 2.307278047257468, 2.302002799505258, 2.2952282636535513, 2.28906824542012, 2.283504357983473, 2.2782782874692993, 2.2736328914567006, 2.269459975879215, 2.2635480972286595, 2.2605674432447413, 2.2571018592082086, 2.2535488437743894, 2.2508986912758644, 2.248860112430845, 2.2472292493548296, 2.245838277495668, 2.2445226412695605, 2.2435227782062355, 2.24184004230951, 2.239736008237782, 2.2385216949467606, 2.237119880418295], "y_goal": [4.0104882987650505, 3.8395986184255086, 3.6074793611902827], "radius": [], "y_mid": []}