{"x_mid": [], "x_goal": [-1.1153560640219027, -0.5469668501073403], "y_gps": [0.0, 0.0, 0.0, 0.0, 0.0, 0.0, 0.0, 0.0, 0.0], "x_gps": [0.0, 0.0, 0.0, 0.0, 0.0, 0.0, 0.0, 0.0, 0.0], "y": [3.2677181821356482, 3.2677181821356482, 3.2646060019791827, 3.255204740517916, 3.242669725236227, 3.230134709954538, 3.2143584257513425, 3.198689656649231, 3.1803891669735243, 3.1647203978714127, 3.145917874948879, 3.125093179800661, 3.108685844229338, 3.0930170751272263, 3.0742145522046926, 3.049144521641314, 3.0328490017751184, 3.013286409363156, 2.9963641387328757, 2.975054612754004, 2.955492020342042, 2.9360627466554234, 2.9195439652470663, 2.8987192700988484, 2.8790237999581145, 2.8619854130186635, 2.8443159747110847, 2.827393704080804, 2.8123516857427773, 2.7960561658765815, 2.7804952650942543, 2.769291416530979, 2.7580875679677037, 2.7463435298943226, 2.734517245299754, 2.7277180653625335, 2.7215369926923327, 2.7165921345561723, 2.714119705488092, 2.713497269456799, 2.711565667137109, 2.7075012790157444, 2.7038917922129366, 2.7015759715368945, 2.6990979199565586, 2.697352488374457, 2.697352488374457, 2.6954333633248866, 2.6954333633248866, 2.6944007732921373, 2.6933347950830546, 2.6944200584871667, 2.6944200584871667, 2.693317428971655, 2.693317428971655, 2.693317428971655, 2.693317428971655, 2.693317428971655, 2.693317428971655, 2.693317428971655, 2.693317428971655, 2.69233309804353, 2.693300368723161, 2.6942547982732514, 2.6905237258408934, 2.680483922107452, 2.665325996803197, 2.652186137432024, 2.6331976487044937, 2.615140905307312, 2.595440086486911, 2.570695823520531, 2.5458556606600253, 2.522639847720792, 2.4993357933733686, 2.4759440229575405, 2.452465063790463, 2.430645046535195, 2.4060285438004723, 2.3831703626896585, 2.3575833384588067, 2.335292271834903, 2.308359373713468, 2.2794376801339284, 2.252144847695122, 2.217350633933204, 2.1933934340846024], "x": [-0.2925962561158616, -0.2925962561158616, -0.29714746027293704, -0.310756589722979, -0.32890209565636824, -0.3470476015897575, -0.36965483432359636, -0.39233671674033294, -0.41856110671158603, -0.4412429891283226, -0.4684612480284065, -0.49830279523707377, -0.5218143172802662, -0.5444961996970028, -0.5717144585970867, -0.6080054704638652, -0.6315946281772713, -0.6596275967672315, -0.684124029777307, -0.7149713898640688, -0.743004358454029, -0.7711298926507824, -0.794563249007063, -0.8244047962157303, -0.852344567255911, -0.876760378608457, -0.9020804792703565, -0.926576912280432, -0.9483515194004992, -0.9719406771139053, -0.9946966978992826, -1.0110810328647541, -1.0274653678302257, -1.0448158989182634, -1.0621104747151502, -1.0721555190292773, -1.0812873774966656, -1.0885928642705762, -1.0922456076575315, -1.0931558484889465, -1.0958414764111672, -1.1010621553546656, -1.1052299760833, -1.1075923180260465, -1.109783880305161, -1.1111319635848993, -1.1111319635848993, -1.1122186185352037, -1.1122186185352037, -1.1126055588516528, -1.1128877918086013, -1.1126924246467689, -1.1126924246467689, -1.1127055827526149, -1.1127055827526149, -1.1127055827526149, -1.1127055827526149, -1.1127055827526149, -1.1127055827526149, -1.1127055827526149, -1.1127055827526149, -1.112208533853448, -1.1127380170132868, -1.1132903115163753, -1.1109377515804477, -1.104130835679288, -1.0931012762632337, -1.083054574458318, -1.0679560861826534, -1.0534579974833627, -1.0374854205321669, -1.01722837232702, -0.9970890361711644, -0.9784486364149335, -0.9599186735311631, -0.941499565238014, -0.9231917267546687, -0.9063434341966152, -0.8877062578883473, -0.8704003084592414, -0.851218787592928, -0.8349988472752011, -0.8157898003289104, -0.7955738713534766, -0.7768797604285987, -0.753529896919064, -0.7377804555082804], "y_goal": [2.699328968221086, 1.8765691603150447], "radius": [], "y_mid": []}