{"x_goal": [-0.017257944362623616, -1.0160938603315337], "y_mid": [0.4335524275175375], "x_mid": [-0.5166759023470786], "radius": [0.5], "y": [0.4576709524027187, 0.4576709524027187, 0.4576709524027187, 0.4576709524027187, 0.4576709524027187, 0.4576709524027187, 0.4609744317165614, 0.4675813903442467, 0.4752874804627892, 0.48299559886175536, 0.49070168898029787, 0.5006066879928714, 0.5105086325787069, 0.5171099289692639, 0.5237112253598208, 0.5347133860107491, 0.5468117567164803, 0.5600003464470588, 0.5698878419095205, 0.5775678670075161, 0.5830451654389385, 0.5863258174798227, 0.5885101269337937, 0.5928663969875272, 0.6015510969874693, 0.6102048245220212, 0.6177547176187056, 0.6263653418188508, 0.635998343751335, 0.6455963676886675, 0.6551574663588489, 0.6646527161714666, 0.6751401785245895, 0.6855610430913164, 0.6948926465739114, 0.7041751822091209, 0.7123655680679541, 0.7204922429278654, 0.7285522756969439, 0.7385403802250683, 0.7474688629153845, 0.7563347227869711, 0.7660897972382473, 0.7738143372974895, 0.7805195239675563, 0.78809821878187, 0.7983686231290923, 0.8057475264791212, 0.8139173469607249, 0.8228743972713798, 0.8299410306477695, 0.8360578963068201, 0.8437765325317874, 0.8514055322833701, 0.8614149722392933, 0.8679771522953313, 0.8760384439508045, 0.8839553946819076, 0.8894201674660781, 0.8955461795354883, 0.903051629568403, 0.9089321719265507, 0.9161254265801108, 0.9217520161235143, 0.9272485621148974, 0.9326793399447713, 0.9399176535524243, 0.9457258802392141, 0.952684013836036, 0.958260668929702, 0.9642826113411476, 0.9689589548762232, 0.9730196333474669, 0.9775170980760347, 0.9818696300124599, 0.9860756593054354, 0.9911481713530881, 0.995131618947113, 0.9999231848077536, 1.0053312624512734, 1.0088600323188974, 1.0126999414733153, 1.0172333753319032, 1.0200160189353173, 1.0233729562688223, 1.0261987086234186, 1.0288652498567301, 1.0316397041849983, 1.0340253464710072, 1.036572832707918, 1.0392004682038734, 1.0414278160693435, 1.0432440687981062, 1.0454118154939642, 1.048386060817186, 1.0497077841613165, 1.051054811623264, 1.0524154489194002, 1.0533217192640494, 1.054106653293663, 1.0546372427143649, 1.0550929951171053, 1.0554144103479313, 1.0556836576561335, 1.055818354982502, 1.0558572585295873, 1.0557477301448157, 1.0554968654217871, 1.0551047152565873, 1.0545713592096595, 1.0540136392513837, 1.0533429100216043, 1.0521762794095255, 1.0512503942513554, 1.0498264275229952, 1.0484778350128359, 1.046728285696632, 1.0450085062361198, 1.0423620700089, 1.0400590729607975, 1.0376188121066976, 1.0348060379677688, 1.0321381180028086, 1.0287112489768133, 1.0261387373495547, 1.0224366333075234, 1.0188722721062295, 1.0158627619494482, 1.0127746446938324, 1.0091684531591083, 1.0058074502036942, 1.0027652195731456, 0.9987242626966889, 0.9945546081657253, 0.9912121033161713, 0.9858043981438235, 0.9822650673108251, 0.9775893401643039, 0.972210311580531, 0.9666494468814304, 0.9621286191193856, 0.957464748760797, 0.9526595179490893, 0.9483631659671529, 0.9426451262488753, 0.9374941867297018, 0.9302721050258451, 0.9249526170282973, 0.9195665437535139, 0.913469961571467, 0.9072624580950256, 0.8995414781905067, 0.8931159325570008, 0.8858969589513853, 0.8792936872535878, 0.8718017117097129, 0.8657469363646546, 0.8596315120741135, 0.8526504797385871, 0.8455039714623434, 0.8398698530187596, 0.832530097808804, 0.8267479774546863, 0.8192209314432274, 0.8124222449305628, 0.8046844233621492, 0.7951198611012164, 0.7872081684561825, 0.7801252975528485, 0.7712096882360645, 0.7621724548492711, 0.7539587715813895, 0.7475092904125076, 0.7410000568816806, 0.7335162448773601, 0.7269103646312441, 0.7144697281759105, 0.7086969398762838, 0.6999695715263153, 0.6902230795571986, 0.681386009444479, 0.669491011139545, 0.661489046988876, 0.6524282458230398, 0.6433106914397196, 0.6330991959420051, 0.6248987512308318, 0.6176835625982855, 0.6094082381602346, 0.6011042653432613, 0.5885657342493825, 0.5801803189504923, 0.5675264183025911, 0.5590663651958793, 0.5463073634978849, 0.537779537825223, 0.528150527730056, 0.5195715090470132, 0.5098881665186012, 0.49910644523951064, 0.48937422728509605, 0.4807073527167939, 0.47093174388716114, 0.4633102990779059, 0.45239130347522083, 0.44473342619198325, 0.4381549400403376, 0.42937508356831044, 0.42058051965115767, 0.411779791218229, 0.39966812144249275, 0.38644404362811097, 0.3765244165226386, 0.36660142499931225, 0.35777998851203574, 0.3478556457731217, 0.3379319652950246, 0.32801096041978767, 0.3202982698295469, 0.3103886536064654, 0.30158506929459744, 0.29168416381025186, 0.2806908502069261, 0.2708089253885795, 0.26203312756588515, 0.25107453862584317, 0.2423173846610359, 0.23139819514017307, 0.22267492671843644, 0.21396452807652205, 0.206361109103486, 0.19770193165360747, 0.18798835083277235, 0.1793899586365579, 0.16974935003895908, 0.16227796221235968, 0.1537828614816785, 0.14322235080341728, 0.13479843212539816, 0.12430009559890669, 0.11383426753778529, 0.1034018916550544, 0.09300390864732178, 0.08471378661743162, 0.07645267649151077, 0.06415139509213863, 0.055981779348269534, 0.047876847750471, 0.039805355943737075, 0.030744044804894923, 0.022759329902890143, 0.014810588517606634, 0.0049672792363529075, -0.002869254426209087, -0.010666967699123035, -0.01937240381580405, -0.028009082435671462, -0.0365752513269582, -0.04598575688457961, -0.0525151336412063, -0.060833801403233224, -0.06912667827390287, -0.07734106314671842, -0.08640898538339135, -0.09541691789099936, -0.10344170187560472, -0.11143867147058477, -0.11759279715426534, -0.12547671277696903, -0.13158631760844397, -0.13935433572425165, -0.14620679444439114, -0.1538260057342489, -0.15972850835837815, -0.16722557856274414, -0.17462926600111217, -0.18193806859416517, -0.1891505035130697, -0.19468408437648352, -0.2039933121587411, -0.20934500914173326, -0.21619172864060665, -0.22293542386341564, -0.2288680913934518, -0.23620609683415053, -0.24201370866965308, -0.24911428551727882, -0.2533263718445407, -0.260914512634366, -0.2656570659688373, -0.2729725808020962, -0.2788446403458398, -0.28588159276112807, -0.29093091494112006, -0.2971564217953188, -0.3020674614944548, -0.3056983848060278, -0.31102604913466625, -0.3168570660742462, -0.32198447268701214, -0.32759168166830555, -0.33410273929835566, -0.3383703229489678, -0.3425644003516803, -0.34724123015149855, -0.35124990196362094, -0.35518377310528687, -0.36043765793828797, -0.36368160489019474, -0.3673127940679966, -0.37086747705100775, -0.3752147973751274, -0.380199700820384, -0.38425660373376197, -0.38777600407366863, -0.3908258948716842, -0.39379704559865586, -0.39668918834328126, -0.39911568936786246, -0.4018091868550792, -0.40470445820749207, -0.40782112610817683, -0.4108372127074834, -0.41316939937525815, -0.41574763617671023, -0.4187316582240126, -0.421035871258581, -0.4232942258464849, -0.4249434864589116, -0.42648517506467865, -0.42791897888200164, -0.42947522764057716, -0.4313173829589941, -0.4331732076226816, -0.43475676752464765, -0.4361353236758605, -0.4372776956337476, -0.43842256788891387, -0.43935697736124196, -0.44042081543787803, -0.4412374758926179, -0.44191317684693326, -0.4423009435319479, -0.4427343183344621, -0.44308063014832216, -0.4433047318829336, -0.44341551032055543, -0.44338493026934434, -0.4432739814983734, -0.44307927622852394, -0.4427312209635481, -0.4423708781315477, -0.4418658741447111, -0.44125629263214133, -0.44068500937470445, -0.4401938720309304, -0.4394555147533577, -0.43848408701776553, -0.4374540272032505, -0.4361549383386317, -0.4349171973806229, -0.43338492228463776, -0.4317131415423745, -0.430144610146712, -0.42849371611771364, -0.4263273313680236, -0.4242391816014913, -0.4215183565237013, -0.41967995600580904, -0.41717924954250174, -0.41429948056006266, -0.41191490811483006, -0.40953033566959746, -0.40706522098410075, -0.40388342767887814, -0.4009747300495623, -0.3983092480827054, -0.39517613600936213, -0.39199834889557267, -0.3894920451594596, -0.3865485976958523, 