{
  "x_goal": [0.07272412255753083, -0.47329310166892047],
  "y_mid": [0.1353482684502587],
  "x_mid": [-0.2002844895556948],
  "radius": [0.5],
  "y": [
    -0.28353870641528933, -0.28353870641528933, -0.28353870641528933,
    -0.28353870641528933, -0.2823345506658425, -0.2811303949163957,
    -0.2787220834175021, -0.2756897965626178, -0.27263568058285176,
    -0.26839047898601376, -0.26223872647367086, -0.2579629641019984,
    -0.25365673734335836, -0.24873533533348402, -0.24381393332360968,
    -0.23882323203887026, -0.23376368149523738, -0.2286357379168815,
    -0.22405978171470312, -0.2174386694449227, -0.21136723483648936,
    -0.20590438382333143, -0.1989126240304743, -0.1925113694447203,
    -0.19034182722645446, -0.1881604522361267, -0.1881604522361267,
    -0.1881604522361267, -0.18742939937346603, -0.18595168124104033,
    -0.18445848394866798, -0.1798420197714705, -0.17670492785077738,
    -0.1726926656830947, -0.16695140800582012, -0.161137244564522,
    -0.15181388886652716, -0.1466489643988529, -0.13608774556819292,
    -0.1298614197662086, -0.1226478826656088, -0.11627339064683834,
    -0.10710833491664937, -0.0978854670471665, -0.08854947493966348,
    -0.08103643973509056, -0.07255967480013112, -0.05922350833732075,
    -0.05156098841971667, -0.04287148470612216, -0.033117057984538546,
    -0.025236793076582165, -0.017282646855832848, -0.011263777854479013,
    0.0008761371035394781, 0.010072243069305046, 0.020329049252008013,
    0.030623841234564825, 0.03993886741562417, 0.04619111357891914,
    0.05038592680625702, 0.05460587618602495, 0.058849439686185966,
    0.06738073382915438, 0.07593295861023036, 0.08452472936458914,
    0.09422155139261222, 0.10394748603359238, 0.1158679098493598,
    0.12239203049459078, 0.1322007259472431, 0.1431291909002224,
    0.15298267407016441, 0.16175973407618804, 0.17055203671177027,
    0.17935641080941933, 0.19037299835734978, 0.19918952449808244,
    0.20800851174720342, 0.21793234805832618, 0.22895942386014514,
    0.23888291203755724, 0.247699963655419, 0.262012632853011,
    0.26971251065000157, 0.27959301109606755, 0.29382886316737933,
    0.30148062272937337, 0.3102018565221932, 0.31999098025526523,
    0.3297385858331565, 0.33945864214480126, 0.3512772395578264,
    0.3598533427519144, 0.3705224731221025, 0.38008799265278037,
    0.3906586278076716, 0.3990659099735647, 0.4084803281791756,
    0.41989248745130536, 0.42813397442267404, 0.43936013156594134,
    0.4464616850282409, 0.45553593240657675, 0.464552017419154,
    0.474525676455169, 0.4834407652829524, 0.4932526227591827,
    0.501063526629148, 0.5097842017462704, 0.5193199769614052,
    0.5269061860313786, 0.5381551939103565, 0.5446585517240445,
    0.5538345844083101, 0.5620137840641795, 0.5701120945428312,
    0.5772124548445388, 0.5851156634293939, 0.5945982657368825,
    0.5988591320224718, 0.606438201833464, 0.6130657826696454, 0.62206375841814,
    0.6293301966755186, 0.6372599291172155, 0.6442977372042283,
    0.6520433440703364, 0.658119470901299, 0.6641345938409768,
    0.6707975209287371, 0.6765948954744745, 0.6815842149190617,
    0.6878905456676647, 0.6933658045956153, 0.6980699656565528,
    0.7040054864433603, 0.7092141319219408, 0.7149591775927082,
    0.720588377201068, 0.727325524564694, 0.7315209395791092,
    0.7373375301987921, 0.742451839422533, 0.7474444887079752,
    0.7517368128629356, 0.7553961639755673, 0.7599761047668849,
    0.7629735248968206, 0.7668952263887605, 0.7729613880013059,
    0.7766183439085335, 0.78060336372898, 0.7840687254938834,
    0.7878368690463522, 0.7910307425532386, 0.7944917194209669,
    0.7970802757629334, 0.8002749114092272, 0.8033353906976035,
    0.8069112487128569, 0.8088015947388291, 0.8112416661914192,
    0.8146596244218365, 0.817086273960461, 0.8197721529389111,
    0.8211758452446657, 0.8228833825084909, 0.8246654843198697,
    0.8266734275508325, 0.8278426532366001, 0.8295090465364857,
    0.8310041404049973, 0.8321806244416149, 0.8334994658342131,
    0.8342118403204527, 0.8349979000901085, 0.835564285666245,
    0.8359894881160524, 0.836179207805783, 0.8361803190323197,
    0.8360090783000883, 0.835748712202627, 0.8353730898365549,
    0.8349503853640973, 0.8343864959906239, 0.8338016507900365,
    0.8330027216126795, 0.8320629761974507, 0.8311442928658603,
    0.8297878735474985, 0.8284269374440434, 0.8273953507900441,
    0.8259372202773111, 0.8239083553925538, 0.821943619364149,
    0.8197485202827332, 0.8174157888678547, 0.8152609221162932,
    0.8124659219145122, 0.8094688533931459, 0.8061166919008905,
    0.8032384416161013, 0.800599944404507, 0.7975867053663867,
    0.794749133488014, 0.7921624092667778, 0.7891273618234086,
    0.7859355600977566, 0.7826658094150225, 0.7780098956373683,
    0.7749458201520255, 0.771367291888919, 0.7661850258569349,
    0.7618176143517253, 0.7578604250733134, 0.7532827025288134,
    0.7485800241182538, 0.7437533439332321, 0.7382083569468799,
    0.7348272095958007, 0.729554423425318, 0.7223124177987839,
    0.7161900487250946, 0.7099808673259566, 0.704276354426578,
    0.697852608720437, 0.6906467789806402, 0.6846379884907636,
    0.680582306909802, 0.6737404116915934, 0.6674724741703505,
    0.6603469949162145, 0.6523779084972464, 0.646519317473922,
    0.6398233889519079, 0.6322302446878045, 0.6260952586685294,
    0.6199003552384055, 0.6144020910536402, 0.607234398011552,
    0.5983552773642922, 0.5934695359377054, 0.5860463490357347,
    0.5769354424850797, 0.5701999265535841, 0.5634106181524008,
    0.5556831644518648, 0.5470317885334646, 0.5391586913295867,
    0.5302848898519924, 0.523136440325538, 0.5159392270367533,
    0.508693898964759, 0.500463090786229, 0.4921541383978814,
    0.4847229268693465, 0.4753779049670827, 0.4678577555711418,
    0.4583497869083095, 0.4507013260928819, 0.4400441822324305,
    0.43225387630057627, 0.42342434586448885, 0.41553798122723257,
    0.4066033775404303, 0.3986253985256283, 0.38959075664670617,
    0.3795093848522166, 0.37037979621587497, 0.36323661477575414,
    0.35504160104045446, 0.34475953530625597, 0.333387983760695,
    0.325088984922544, 0.31468019736962355, 0.30210894123406035,
    0.29370233248502386, 0.284203008299268, 0.27678356341380617,
    0.26933454217469927, 0.2575848351067058, 0.24793730513528917,
    0.23827883203260522, 0.2285888368753517, 0.21995779860461245,
    0.20914783704909395, 0.19939194602638366, 0.18853334364062185,
    0.17983226625856538, 0.17002125475218482, 0.16237467216092452,
    0.15362467046224557, 0.14376393601208198, 0.13389798512849463,
    0.12401771982980171, 0.11303028119123164, 0.10093068832879326,
    0.09102781029892712, 0.08111663854072286, 0.07230278619935014,
    0.062382260660729175, 0.05135561240828477, 0.04253395005481125,
    0.032610677732697685, 0.023794076030064622, 0.014980709341617084,
    0.005072807118482422, -0.002626225933294332, -0.012513828986412366,
    -0.021295209094153156, -0.031159766074855308, -0.03991868266393372,
    -0.04976674265721486, -0.05960885947773165, -0.06834625059408453,
    -0.0759863279861919, -0.08470550644917918, -0.09231730368424253,
    -0.102095965554993, -0.10968204930862249, -0.12049947838282173,
    -0.13236391404656878, -0.1409561885944729, -0.1506117129369807,
    -0.15917464854024238, -0.16982604312658844, -0.17937474270804088,
    -0.18888394947828818, -0.19626942654391602, -0.2056938683379426,
    -0.21195685747618206, -0.22130481658932769, -0.23060435457006065,
    -0.24090014171333335, -0.24910640245547214, -0.25932534221026327,
    -0.26950447434128966, -0.2786104051059491, -0.2876974953803617,
    -0.2967268368125473, -0.3037343689220216, -0.3117074895386806,
    -0.31866820821279823, -0.32856638615388123, -0.336447649781476,
    -0.345249665665515, -0.3559267843903317, -0.36270384688032375,
    -0.3713486613835695, -0.37992317044910356, -0.3893972498089789,
    -0.3969333075198224, -0.4044254799205859, -0.41277869377783016,
