{"x_goal": [-0.1895341208688252, -0.5636279497572287], "y_mid": [-0.02097976392423186], "x_mid": [-0.07655861648919395], "radius": [0.5], "y": [-0.02097976392423186, -0.02097976392423186, -0.02097976392423186, -0.02071535073070957, -0.0201257530426208, -0.019775886151418374, -0.020179866978303488, -0.01970389820390039, -0.019158354647040035, -0.019770707076656596, -0.01908640862732027, -0.01908640862732027, -0.01908640862732027, -0.01908640862732027, -0.01816026360295521, -0.019131650050301617, -0.019131650050301617, -0.017053280070611014, -0.017053280070611014, -0.017053280070611014, -0.017053280070611014, -0.017053280070611014, -0.017053280070611014, -0.015950672135827248, -0.015950672135827248, -0.015950672135827248, -0.015950672135827248, -0.015950672135827248, -0.015950672135827248, -0.014850456070734422, -0.014850456070734422, -0.01594760251330522, -0.014852142827020732, -0.015946990854187746, -0.015946990854187746, -0.015946990854187746, -0.015946990854187746, -0.017039855875973606, -0.017039855875973606, -0.010520890303264065, 0.005640923226054445, 0.026000958635347772, 0.04946279492660486, 0.07916880009510582, 0.10667747500462219, 0.13199814117160277, 0.16887039492484351, 0.19306488665536056, 0.21823479630285558, 0.23819148749779, 0.26021515843934817, 0.28220460831492616, 0.29793580184461055, 0.3189107265508564, 0.33461747646198353, 0.34927710971236886, 0.3639367429627542, 0.3796679364924386, 0.38909198643911486, 0.3964102308073626, 0.4005920847320756, 0.403733434714301, 0.40477889819547924, 0.40792024817770467, 0.4100144814991883, 0.41525821267574975, 0.4183995626579752, 0.4204937959794588, 0.4194450497441465, 0.42257640994581347, 0.4287535837325701, 0.43679650078946075, 0.4416982292521049, 0.4435982408014272, 0.4454077911168993, 0.4454077911168993, 0.44699118126311993, 0.4477184106806437, 0.4477184106806437, 0.4477184106806437, 0.44822566188540897, 0.44864264374651136, 0.44829935992016323, 0.44829935992016323, 0.44829935992016323, 0.448423054219812, 0.44835673054222425, 0.44835673054222425, 0.44835673054222425, 0.44835673054222425, 0.44835673054222425, 0.4482609120808272, 0.4483619452260284, 0.4483619452260284, 0.4483619452260284, 0.4483619452260284, 0.4483619452260284, 0.44788728964990837, 0.4469668967546711, 0.44596916801474473, 0.4448430037562501, 0.44386023640317174, 0.44189129450592163, 0.44035875573505395, 0.4379679976056592, 0.4354729447647534, 0.4328741034151306, 0.42982525534407073, 0.4262630037108773, 0.42339002756941785, 0.4200290246140038, 0.41698679398345523, 0.4134331280479785, 0.40930628002663016, 0.4050512954269789, 0.4017087905774249, 0.3978134502079683, 0.3928505452701411, 0.3882581535729745, 0.3830629011879509, 0.3787596783209325, 0.3743835237069071, 0.3698626959448624, 0.36403285799662666, 0.35858751813227063, 0.35302455272909017, 0.3479418507572879, 0.3427231381555388, 0.33737029718522954, 0.3305139988093843, 0.3249636001606673, 0.3192839889174454, 0.3120255197405375, 0.30461071339220575, 0.2993394983242831, 0.2931939560086059, 0.2853631781419124, 0.2789241856349595, 0.2723718406315388, 0.2657085064014706, 0.25555062616775737, 0.2486725625513897, 0.23819997305877927, 0.2302599223574538, 0.22131360382331527, 0.21405989838810946, 0.2058198602341822, 0.19840333198487067, 0.18993452868951363, 0.18422417031494717, 0.17652711924877834, 0.16779975089880986, 0.15699888742770807, 0.14809838286218688, 0.1381180798530836, 0.1300985743461002, 0.11998875032852263, 0.11083438743437081, 0.1005838315454042, 0.09130716044641608, 0.08194939202563946, 0.07045573852291721, 0.062044684774741406, 0.05356127517709476, 0.04610889195108086, 0.03324036392651676, 0.0235570213981048, 0.013843696941360463, 0.004102361220751666, -0.008931783885425317, -0.01873078435446779, -0.028564350846743167, -0.03731621059901469, -0.04828035418509073, -0.06036823251730743, -0.07026905200435216, -0.07907972827600958, -0.08569281301299113, -0.0923085901060616, -0.09892481859867093, -0.1077452739735563, -0.11435734255215524, -0.12316589030600548, -0.13086659457160763, -0.13855896147933133, -0.14514080984635205, -0.14952424542236883, -0.15499424492144043, -0.1604608993822047, -0.16591677963975632, -0.17245447847780526, -0.17789847762900177, -0.18551418812874143, -0.19203140439134375, -0.19853749739644447, -0.207196674846323, -0.21367876241174358, -0.2190642196734715, -0.22229209177149722],